Building workload binary for NoSQL databases...
Workload binary built: /tmp/uuid-workload-1742464994/workload
UUID Benchmark - MongoDB
======================================================================
Database:     MongoDB
Scenario:     all
Records:      1000000
Batch Size:   100
Runs:         5 (statistical mode)
Testing:      [sequential uuidv4 uuidv7 ulid ulid_monotonic uuidv1 objectid]
======================================================================


====================================================================================================
RUNNING ALL SCENARIOS - COMPREHENSIVE BENCHMARK SUITE
====================================================================================================


[1/5] INSERT PERFORMANCE
====================================================================================================

Testing SEQUENTIAL (5 runs)
----------------------------------------------------------------------
  Run 1/5... Starting fresh MongoDB container...
Waiting for MongoDB to initialize...
Container ready
Inserting 1000000 records (connections=1, batch=100)...
Inserted 1000000 records in 4.64s
Throughput: 215473.80 records/sec
Measuring metrics...

Cleaning up container...
Container stopped and removed
done
  Run 2/5... Starting fresh MongoDB container...
Waiting for MongoDB to initialize...
Container ready
Inserting 1000000 records (connections=1, batch=100)...
Inserted 1000000 records in 4.763s
Throughput: 209919.93 records/sec
Measuring metrics...

Cleaning up container...
Container stopped and removed
done
  Run 3/5... Starting fresh MongoDB container...
Waiting for MongoDB to initialize...
Container ready
Inserting 1000000 records (connections=1, batch=100)...
Inserted 1000000 records in 4.816s
Throughput: 207622.21 records/sec
Measuring metrics...

Cleaning up container...
Container stopped and removed
done
  Run 4/5... Starting fresh MongoDB container...
Waiting for MongoDB to initialize...
Container ready
Inserting 1000000 records (connections=1, batch=100)...
Inserted 1000000 records in 5.238s
Throughput: 190899.89 records/sec
Measuring metrics...

Cleaning up container...
Container stopped and removed
done
  Run 5/5... Starting fresh MongoDB container...
Waiting for MongoDB to initialize...
Container ready
Inserting 1000000 records (connections=1, batch=100)...
Inserted 1000000 records in 5.208s
Throughput: 191999.82 records/sec
Measuring metrics...

Cleaning up container...
Container stopped and removed
done

Testing UUIDV4 (5 runs)
----------------------------------------------------------------------
  Run 1/5... Starting fresh MongoDB container...
Waiting for MongoDB to initialize...
Container ready
Inserting 1000000 records (connections=1, batch=100)...
Inserted 1000000 records in 6.655s
Throughput: 150247.79 records/sec
Measuring metrics...

Cleaning up container...
Container stopped and removed
done
  Run 2/5... Starting fresh MongoDB container...
Waiting for MongoDB to initialize...
Container ready
Inserting 1000000 records (connections=1, batch=100)...
Inserted 1000000 records in 6.818s
Throughput: 146662.78 records/sec
Measuring metrics...

Cleaning up container...
Container stopped and removed
done
  Run 3/5... Starting fresh MongoDB container...
Waiting for MongoDB to initialize...
Container ready
Inserting 1000000 records (connections=1, batch=100)...
Inserted 1000000 records in 6.914s
Throughput: 144616.83 records/sec
Measuring metrics...

Cleaning up container...
Container stopped and removed
done
  Run 4/5... Starting fresh MongoDB container...
Waiting for MongoDB to initialize...
Container ready
Inserting 1000000 records (connections=1, batch=100)...
Inserted 1000000 records in 6.549s
Throughput: 152680.22 records/sec
Measuring metrics...

Cleaning up container...
Container stopped and removed
done
  Run 5/5... Starting fresh MongoDB container...
Waiting for MongoDB to initialize...
Container ready
Inserting 1000000 records (connections=1, batch=100)...
Inserted 1000000 records in 6.736s
Throughput: 148450.14 records/sec
Measuring metrics...

Cleaning up container...
Container stopped and removed
done

Testing UUIDV7 (5 runs)
----------------------------------------------------------------------
  Run 1/5... Starting fresh MongoDB container...
Waiting for MongoDB to initialize...
Container ready
Inserting 1000000 records (connections=1, batch=100)...
Inserted 1000000 records in 5.093s
Throughput: 196337.09 records/sec
Measuring metrics...

Cleaning up container...
Container stopped and removed
done
  Run 2/5... Starting fresh MongoDB container...
Waiting for MongoDB to initialize...
Container ready
Inserting 1000000 records (connections=1, batch=100)...
Inserted 1000000 records in 5.254s
Throughput: 190304.61 records/sec
Measuring metrics...

Cleaning up container...
Container stopped and removed
done
  Run 3/5... Starting fresh MongoDB container...
Waiting for MongoDB to initialize...
Container ready
Inserting 1000000 records (connections=1, batch=100)...
Inserted 1000000 records in 4.98s
Throughput: 200789.02 records/sec
Measuring metrics...

Cleaning up container...
Container stopped and removed
done
  Run 4/5... Starting fresh MongoDB container...
Waiting for MongoDB to initialize...
Container ready
Inserting 1000000 records (connections=1, batch=100)...
Inserted 1000000 records in 5.148s
Throughput: 194223.88 records/sec
Measuring metrics...

Cleaning up container...
Container stopped and removed
done
  Run 5/5... Starting fresh MongoDB container...
Waiting for MongoDB to initialize...
Container ready
Inserting 1000000 records (connections=1, batch=100)...
Inserted 1000000 records in 4.928s
Throughput: 202892.16 records/sec
Measuring metrics...

Cleaning up container...
Container stopped and removed
done

Testing ULID (5 runs)
----------------------------------------------------------------------
  Run 1/5... Starting fresh MongoDB container...
Waiting for MongoDB to initialize...
Container ready
Inserting 1000000 records (connections=1, batch=100)...
Inserted 1000000 records in 5.272s
Throughput: 189650.36 records/sec
Measuring metrics...

Cleaning up container...
Container stopped and removed
done
  Run 2/5... Starting fresh MongoDB container...
Waiting for MongoDB to initialize...
Container ready
Inserting 1000000 records (connections=1, batch=100)...
Inserted 1000000 records in 4.957s
Throughput: 201726.89 records/sec
Measuring metrics...

Cleaning up container...
Container stopped and removed
done
  Run 3/5... Starting fresh MongoDB container...
Waiting for MongoDB to initialize...
Container ready
Inserting 1000000 records (connections=1, batch=100)...
Inserted 1000000 records in 4.96s
Throughput: 201577.80 records/sec
Measuring metrics...

Cleaning up container...
Container stopped and removed
done
  Run 4/5... Starting fresh MongoDB container...
Waiting for MongoDB to initialize...
Container ready
Inserting 1000000 records (connections=1, batch=100)...
Inserted 1000000 records in 5.429s
Throughput: 184177.82 records/sec
Measuring metrics...

Cleaning up container...
Container stopped and removed
done
  Run 5/5... Starting fresh MongoDB container...
Waiting for MongoDB to initialize...
Container ready
Inserting 1000000 records (connections=1, batch=100)...
Inserted 1000000 records in 5.347s
Throughput: 187002.61 records/sec
Measuring metrics...

Cleaning up container...
Container stopped and removed
done

Testing ULID_MONOTONIC (5 runs)
----------------------------------------------------------------------
  Run 1/5... Starting fresh MongoDB container...
Waiting for MongoDB to initialize...
Container ready
Inserting 1000000 records (connections=1, batch=100)...
Inserted 1000000 records in 5.348s
Throughput: 186960.69 records/sec
Measuring metrics...

Cleaning up container...
Container stopped and removed
done
  Run 2/5... Starting fresh MongoDB container...
Waiting for MongoDB to initialize...
Container ready
Inserting 1000000 records (connections=1, batch=100)...
Inserted 1000000 records in 5.194s
Throughput: 192510.05 records/sec
Measuring metrics...

Cleaning up container...
Container stopped and removed
done
  Run 3/5... Starting fresh MongoDB container...
Waiting for MongoDB to initialize...
Container ready
Inserting 1000000 records (connections=1, batch=100)...
Inserted 1000000 records in 5.317s
Throughput: 188049.16 records/sec
Measuring metrics...

Cleaning up container...
Container stopped and removed
done
  Run 4/5... Starting fresh MongoDB container...
Waiting for MongoDB to initialize...
Container ready
Inserting 1000000 records (connections=1, batch=100)...
Inserted 1000000 records in 5.242s
Throughput: 190746.72 records/sec
Measuring metrics...

Cleaning up container...
Container stopped and removed
done
  Run 5/5... Starting fresh MongoDB container...
Waiting for MongoDB to initialize...
Container ready
Inserting 1000000 records (connections=1, batch=100)...
Inserted 1000000 records in 5.253s
Throughput: 190363.51 records/sec
Measuring metrics...

Cleaning up container...
Container stopped and removed
done

Testing UUIDV1 (5 runs)
----------------------------------------------------------------------
  Run 1/5... Starting fresh MongoDB container...
Waiting for MongoDB to initialize...
Container ready
Inserting 1000000 records (connections=1, batch=100)...
Inserted 1000000 records in 5.207s
Throughput: 192033.46 records/sec
Measuring metrics...

Cleaning up container...
Container stopped and removed
done
  Run 2/5... Starting fresh MongoDB container...
Waiting for MongoDB to initialize...
Container ready
Inserting 1000000 records (connections=1, batch=100)...
Inserted 1000000 records in 4.978s
Throughput: 200866.29 records/sec
Measuring metrics...

Cleaning up container...
Container stopped and removed
done
  Run 3/5... Starting fresh MongoDB container...
Waiting for MongoDB to initialize...
Container ready
Inserting 1000000 records (connections=1, batch=100)...
Inserted 1000000 records in 5.221s
Throughput: 191527.00 records/sec
Measuring metrics...

Cleaning up container...
Container stopped and removed
done
  Run 4/5... Starting fresh MongoDB container...
Waiting for MongoDB to initialize...
Container ready
Inserting 1000000 records (connections=1, batch=100)...
Inserted 1000000 records in 5.171s
Throughput: 193359.66 records/sec
Measuring metrics...

Cleaning up container...
Container stopped and removed
done
  Run 5/5... Starting fresh MongoDB container...
Waiting for MongoDB to initialize...
Container ready
Inserting 1000000 records (connections=1, batch=100)...
Inserted 1000000 records in 5.265s
Throughput: 189923.02 records/sec
Measuring metrics...

Cleaning up container...
Container stopped and removed
done

Testing OBJECTID (5 runs)
----------------------------------------------------------------------
  Run 1/5... Starting fresh MongoDB container...
Waiting for MongoDB to initialize...
Container ready
Inserting 1000000 records (connections=1, batch=100)...
Inserted 1000000 records in 5.029s
Throughput: 198820.65 records/sec
Measuring metrics...

Cleaning up container...
Container stopped and removed
done
  Run 2/5... Starting fresh MongoDB container...
Waiting for MongoDB to initialize...
Container ready
Inserting 1000000 records (connections=1, batch=100)...
Inserted 1000000 records in 5.05s
Throughput: 198015.22 records/sec
Measuring metrics...

Cleaning up container...
Container stopped and removed
done
  Run 3/5... Starting fresh MongoDB container...
Waiting for MongoDB to initialize...
Container ready
Inserting 1000000 records (connections=1, batch=100)...
Inserted 1000000 records in 5.106s
Throughput: 195811.77 records/sec
Measuring metrics...

Cleaning up container...
Container stopped and removed
done
  Run 4/5... Starting fresh MongoDB container...
Waiting for MongoDB to initialize...
Container ready
Inserting 1000000 records (connections=1, batch=100)...
Inserted 1000000 records in 5.122s
Throughput: 195234.92 records/sec
Measuring metrics...

Cleaning up container...
Container stopped and removed
done
  Run 5/5... Starting fresh MongoDB container...
Waiting for MongoDB to initialize...
Container ready
Inserting 1000000 records (connections=1, batch=100)...
Inserted 1000000 records in 5.053s
Throughput: 197892.20 records/sec
Measuring metrics...

Cleaning up container...
Container stopped and removed
done

====================================================================================================
Insert Performance - Statistical Summary (5 runs per UUID type)
====================================================================================================

Throughput (records/sec)
┌────────────────┬──────────┬──────────┬──────────┬──────────┬──────────┬─────────┐
│ Key Type       │ Median   │ Mean     │ StdDev   │ Min      │ Max      │ CV %    │
├────────────────┼──────────┼──────────┼──────────┼──────────┼──────────┼─────────┤
│ SEQUENTIAL     │   207622 │   203183 │    11092 │   190900 │   215474 │     5.5 │
│ UUIDV4         │   148450 │   148532 │     3122 │   144617 │   152680 │     2.1 │
│ UUIDV7         │   196337 │   196909 │     5050 │   190305 │   202892 │     2.6 │
│ ULID           │   189650 │   192827 │     8286 │   184178 │   201727 │     4.3 │
│ ULID_MONOTONIC │   190364 │   189726 │     2217 │   186961 │   192510 │     1.2 │
│ UUIDV1         │   192033 │   193542 │     4275 │   189923 │   200866 │     2.2 │
│ OBJECTID       │   197892 │   197155 │     1545 │   195235 │   198821 │     0.8 │
└────────────────┴──────────┴──────────┴──────────┴──────────┴──────────┴─────────┘

Statistical Comparisons (vs SEQUENTIAL):
┌──────────────────────────────┬─────────────┬──────────┬───────────┬───────────────┐
│ Comparison                   │ Median Diff │ p-value  │ Overlap?  │ Significant?  │
├──────────────────────────────┼─────────────┼──────────┼───────────┼───────────────┤
│ SEQUENTIAL vs UUIDV4         │      -28.5% │   0.0090 │ No        │ No overlap    │
│ SEQUENTIAL vs UUIDV7         │       -5.4% │   0.3472 │ Yes       │ n.s.          │
│ SEQUENTIAL vs ULID           │       -8.7% │   0.0758 │ Yes       │ n.s.          │
│ SEQUENTIAL vs ULID_MONOTONIC │       -8.3% │   0.0283 │ Yes       │ * (p<0.05)    │
│ SEQUENTIAL vs UUIDV1         │       -7.5% │   0.2506 │ Yes       │ n.s.          │
│ SEQUENTIAL vs OBJECTID       │       -4.7% │   0.6015 │ Yes       │ n.s.          │
└──────────────────────────────┴─────────────┴──────────┴───────────┴───────────────┘

Page Splits
┌────────────────┬──────────┬──────────┬──────────┬──────────┬──────────┬─────────┐
│ Key Type       │ Median   │ Mean     │ StdDev   │ Min      │ Max      │ CV %    │
├────────────────┼──────────┼──────────┼──────────┼──────────┼──────────┼─────────┤
│ SEQUENTIAL     │      165 │      165 │        1 │      165 │      166 │     0.3 │
│ UUIDV4         │     1783 │     1804 │      118 │     1641 │     1949 │     6.5 │
│ UUIDV7         │      169 │      170 │        1 │      168 │      171 │     0.8 │
│ ULID           │      168 │      169 │        2 │      167 │      172 │     1.3 │
│ ULID_MONOTONIC │      168 │      170 │        3 │      168 │      174 │     1.5 │
│ UUIDV1         │      169 │      169 │        1 │      168 │      170 │     0.5 │
│ OBJECTID       │      167 │      167 │        2 │      165 │      169 │     0.9 │
└────────────────┴──────────┴──────────┴──────────┴──────────┴──────────┴─────────┘

Statistical Comparisons (vs SEQUENTIAL):
┌──────────────────────────────┬─────────────┬──────────┬───────────┬───────────────┐
│ Comparison                   │ Median Diff │ p-value  │ Overlap?  │ Significant?  │
├──────────────────────────────┼─────────────┼──────────┼───────────┼───────────────┤
│ SEQUENTIAL vs UUIDV4         │     +980.6% │   0.0090 │ No        │ No overlap    │
│ SEQUENTIAL vs UUIDV7         │       +2.4% │   0.0090 │ No        │ No overlap    │
│ SEQUENTIAL vs ULID           │       +1.8% │   0.0090 │ No        │ No overlap    │
│ SEQUENTIAL vs ULID_MONOTONIC │       +1.8% │   0.0090 │ No        │ No overlap    │
│ SEQUENTIAL vs UUIDV1         │       +2.4% │   0.0090 │ No        │ No overlap    │
│ SEQUENTIAL vs OBJECTID       │       +1.2% │   0.0947 │ Yes       │ n.s.          │
└──────────────────────────────┴─────────────┴──────────┴───────────┴───────────────┘

Table Size (MB)
┌────────────────┬──────────┬──────────┬──────────┬──────────┬──────────┬─────────┐
│ Key Type       │ Median   │ Mean     │ StdDev   │ Min      │ Max      │ CV %    │
├────────────────┼──────────┼──────────┼──────────┼──────────┼──────────┼─────────┤
│ SEQUENTIAL     │    105.7 │    105.7 │      0.0 │    105.7 │    105.7 │     0.0 │
│ UUIDV4         │    106.9 │    106.9 │      0.0 │    106.9 │    106.9 │     0.0 │
│ UUIDV7         │    106.8 │    106.8 │      0.0 │    106.8 │    106.8 │     0.0 │
│ ULID           │    106.8 │    106.8 │      0.0 │    106.8 │    106.8 │     0.0 │
│ ULID_MONOTONIC │    106.8 │    106.8 │      0.0 │    106.8 │    106.8 │     0.0 │
│ UUIDV1         │    106.8 │    106.8 │      0.0 │    106.8 │    106.8 │     0.0 │
│ OBJECTID       │    105.7 │    105.7 │      0.0 │    105.7 │    105.8 │     0.0 │
└────────────────┴──────────┴──────────┴──────────┴──────────┴──────────┴─────────┘

Statistical Comparisons (vs SEQUENTIAL):
┌──────────────────────────────┬─────────────┬──────────┬───────────┬───────────────┐
│ Comparison                   │ Median Diff │ p-value  │ Overlap?  │ Significant?  │
├──────────────────────────────┼─────────────┼──────────┼───────────┼───────────────┤
│ SEQUENTIAL vs UUIDV4         │       +1.1% │   0.0090 │ No        │ No overlap    │
│ SEQUENTIAL vs UUIDV7         │       +1.0% │   0.0090 │ No        │ No overlap    │
│ SEQUENTIAL vs ULID           │       +1.1% │   0.0090 │ No        │ No overlap    │
│ SEQUENTIAL vs ULID_MONOTONIC │       +1.0% │   0.0090 │ No        │ No overlap    │
│ SEQUENTIAL vs UUIDV1         │       +1.0% │   0.0090 │ No        │ No overlap    │
│ SEQUENTIAL vs OBJECTID       │       +0.0% │   0.0090 │ No        │ No overlap    │
└──────────────────────────────┴─────────────┴──────────┴───────────┴───────────────┘

Index Size (MB)
┌────────────────┬──────────┬──────────┬──────────┬──────────┬──────────┬─────────┐
│ Key Type       │ Median   │ Mean     │ StdDev   │ Min      │ Max      │ CV %    │
├────────────────┼──────────┼──────────┼──────────┼──────────┼──────────┼─────────┤
│ SEQUENTIAL     │     12.5 │     12.5 │      0.0 │     12.5 │     12.5 │     0.0 │
│ UUIDV4         │     27.7 │     27.9 │      0.6 │     27.4 │     28.8 │     2.0 │
│ UUIDV7         │     19.6 │     19.6 │      0.0 │     19.6 │     19.6 │     0.0 │
│ ULID           │     19.7 │     19.7 │      0.0 │     19.7 │     19.7 │     0.1 │
│ ULID_MONOTONIC │     18.5 │     18.5 │      0.0 │     18.5 │     18.5 │     0.1 │
│ UUIDV1         │     23.2 │     23.2 │      0.0 │     23.2 │     23.2 │     0.0 │
│ OBJECTID       │     10.2 │     10.2 │      0.0 │     10.2 │     10.2 │     0.0 │
└────────────────┴──────────┴──────────┴──────────┴──────────┴──────────┴─────────┘

Statistical Comparisons (vs SEQUENTIAL):
┌──────────────────────────────┬─────────────┬──────────┬───────────┬───────────────┐
│ Comparison                   │ Median Diff │ p-value  │ Overlap?  │ Significant?  │
├──────────────────────────────┼─────────────┼──────────┼───────────┼───────────────┤
│ SEQUENTIAL vs UUIDV4         │     +121.9% │   0.0090 │ No        │ No overlap    │
│ SEQUENTIAL vs UUIDV7         │      +57.3% │   0.0090 │ No        │ No overlap    │
│ SEQUENTIAL vs ULID           │      +58.3% │   0.0090 │ No        │ No overlap    │
│ SEQUENTIAL vs ULID_MONOTONIC │      +48.2% │   0.0090 │ No        │ No overlap    │
│ SEQUENTIAL vs UUIDV1         │      +86.1% │   0.0090 │ No        │ No overlap    │
│ SEQUENTIAL vs OBJECTID       │      -17.9% │   0.0090 │ No        │ No overlap    │
└──────────────────────────────┴─────────────┴──────────┴───────────┴───────────────┘

Latency P99 (µs)
┌────────────────┬──────────┬──────────┬──────────┬──────────┬──────────┬─────────┐
│ Key Type       │ Median   │ Mean     │ StdDev   │ Min      │ Max      │ CV %    │
├────────────────┼──────────┼──────────┼──────────┼──────────┼──────────┼─────────┤
│ SEQUENTIAL     │      847 │      916 │      134 │      807 │     1118 │    14.6 │
│ UUIDV4         │     1329 │     1343 │       61 │     1275 │     1430 │     4.5 │
│ UUIDV7         │      843 │      861 │       64 │      800 │      937 │     7.4 │
│ ULID           │      885 │      864 │       58 │      796 │      922 │     6.7 │
│ ULID_MONOTONIC │      900 │      911 │       46 │      873 │      983 │     5.0 │
│ UUIDV1         │      894 │      888 │       30 │      843 │      922 │     3.4 │
│ OBJECTID       │      884 │      892 │       22 │      867 │      916 │     2.5 │
└────────────────┴──────────┴──────────┴──────────┴──────────┴──────────┴─────────┘

Statistical Comparisons (vs SEQUENTIAL):
┌──────────────────────────────┬─────────────┬──────────┬───────────┬───────────────┐
│ Comparison                   │ Median Diff │ p-value  │ Overlap?  │ Significant?  │
├──────────────────────────────┼─────────────┼──────────┼───────────┼───────────────┤
│ SEQUENTIAL vs UUIDV4         │      +56.9% │   0.0090 │ No        │ No overlap    │
│ SEQUENTIAL vs UUIDV7         │       -0.5% │   0.4034 │ Yes       │ n.s.          │
│ SEQUENTIAL vs ULID           │       +4.5% │   0.6015 │ Yes       │ n.s.          │
│ SEQUENTIAL vs ULID_MONOTONIC │       +6.3% │   0.6015 │ Yes       │ n.s.          │
│ SEQUENTIAL vs UUIDV1         │       +5.5% │   0.7540 │ Yes       │ n.s.          │
│ SEQUENTIAL vs OBJECTID       │       +4.4% │   0.6015 │ Yes       │ n.s.          │
└──────────────────────────────┴─────────────┴──────────┴───────────┴───────────────┘

Write IOPS
┌────────────────┬──────────┬──────────┬──────────┬──────────┬──────────┬─────────┐
│ Key Type       │ Median   │ Mean     │ StdDev   │ Min      │ Max      │ CV %    │
├────────────────┼──────────┼──────────┼──────────┼──────────┼──────────┼─────────┤
│ SEQUENTIAL     │      138 │      135 │        8 │      126 │      145 │     5.8 │
│ UUIDV4         │      133 │      134 │        2 │      131 │      137 │     1.8 │
│ UUIDV7         │      155 │      154 │        5 │      148 │      159 │     3.0 │
│ ULID           │      150 │      152 │        5 │      147 │      158 │     3.4 │
│ ULID_MONOTONIC │      138 │      139 │        2 │      136 │      142 │     1.7 │
│ UUIDV1         │      131 │      132 │        4 │      129 │      139 │     2.8 │
│ OBJECTID       │      136 │      136 │        1 │      135 │      137 │     0.7 │
└────────────────┴──────────┴──────────┴──────────┴──────────┴──────────┴─────────┘

Statistical Comparisons (vs SEQUENTIAL):
┌──────────────────────────────┬─────────────┬──────────┬───────────┬───────────────┐
│ Comparison                   │ Median Diff │ p-value  │ Overlap?  │ Significant?  │
├──────────────────────────────┼─────────────┼──────────┼───────────┼───────────────┤
│ SEQUENTIAL vs UUIDV4         │       -3.3% │   0.6015 │ Yes       │ n.s.          │
│ SEQUENTIAL vs UUIDV7         │      +12.3% │   0.0090 │ No        │ No overlap    │
│ SEQUENTIAL vs ULID           │       +8.9% │   0.0090 │ No        │ No overlap    │
│ SEQUENTIAL vs ULID_MONOTONIC │       -0.1% │   0.9168 │ Yes       │ n.s.          │
│ SEQUENTIAL vs UUIDV1         │       -5.0% │   0.7540 │ Yes       │ n.s.          │
│ SEQUENTIAL vs OBJECTID       │       -1.4% │   0.6015 │ Yes       │ n.s.          │
└──────────────────────────────┴─────────────┴──────────┴───────────┴───────────────┘

[2/5] READ PERFORMANCE
====================================================================================================

Testing SEQUENTIAL (5 runs)
----------------------------------------------------------------------
  Run 1/5... Starting fresh MongoDB container...
Waiting for MongoDB to initialize...
Container ready
Inserting 1000000 records to create index...
Inserted 1000000 records in 4.964s
Measuring fragmentation...
Index fragmentation: 0.00%
Running 200000 point lookups...
Completed 200000 reads in 11.927s
Read throughput: 16768.05 ops/sec
Measuring buffer pool hit ratios...

Cleaning up container...
Container stopped and removed
done
  Run 2/5... Starting fresh MongoDB container...
Waiting for MongoDB to initialize...
Container ready
Inserting 1000000 records to create index...
Inserted 1000000 records in 5.023s
Measuring fragmentation...
Index fragmentation: 0.00%
Running 200000 point lookups...
Completed 200000 reads in 11.661s
Read throughput: 17150.99 ops/sec
Measuring buffer pool hit ratios...

Cleaning up container...
Container stopped and removed
done
  Run 3/5... Starting fresh MongoDB container...
Waiting for MongoDB to initialize...
Container ready
Inserting 1000000 records to create index...
Inserted 1000000 records in 5.004s
Measuring fragmentation...
Index fragmentation: 0.00%
Running 200000 point lookups...
Completed 200000 reads in 11.655s
Read throughput: 17159.40 ops/sec
Measuring buffer pool hit ratios...

Cleaning up container...
Container stopped and removed
done
  Run 4/5... Starting fresh MongoDB container...
Waiting for MongoDB to initialize...
Container ready
Inserting 1000000 records to create index...
Inserted 1000000 records in 4.852s
Measuring fragmentation...
Index fragmentation: 0.00%
Running 200000 point lookups...
Completed 200000 reads in 11.525s
Read throughput: 17353.12 ops/sec
Measuring buffer pool hit ratios...

Cleaning up container...
Container stopped and removed
done
  Run 5/5... Starting fresh MongoDB container...
Waiting for MongoDB to initialize...
Container ready
Inserting 1000000 records to create index...
Inserted 1000000 records in 4.935s
Measuring fragmentation...
Index fragmentation: 0.00%
Running 200000 point lookups...
Completed 200000 reads in 11.424s
Read throughput: 17506.54 ops/sec
Measuring buffer pool hit ratios...

Cleaning up container...
Container stopped and removed
done

Testing UUIDV4 (5 runs)
----------------------------------------------------------------------
  Run 1/5... Starting fresh MongoDB container...
Waiting for MongoDB to initialize...
Container ready
Inserting 1000000 records to create index...
Inserted 1000000 records in 6.859s
Measuring fragmentation...
Index fragmentation: 0.00%
Running 200000 point lookups...
Completed 200000 reads in 12s
Read throughput: 16666.08 ops/sec
Measuring buffer pool hit ratios...

Cleaning up container...
Container stopped and removed
done
  Run 2/5... Starting fresh MongoDB container...
Waiting for MongoDB to initialize...
Container ready
Inserting 1000000 records to create index...
Inserted 1000000 records in 6.941s
Measuring fragmentation...
Index fragmentation: 0.00%
Running 200000 point lookups...
Completed 200000 reads in 11.734s
Read throughput: 17043.47 ops/sec
Measuring buffer pool hit ratios...

Cleaning up container...
Container stopped and removed
done
  Run 3/5... Starting fresh MongoDB container...
Waiting for MongoDB to initialize...
Container ready
Inserting 1000000 records to create index...
Inserted 1000000 records in 6.716s
Measuring fragmentation...
Index fragmentation: 0.00%
Running 200000 point lookups...
Completed 200000 reads in 11.53s
Read throughput: 17345.01 ops/sec
Measuring buffer pool hit ratios...

Cleaning up container...
Container stopped and removed
done
  Run 4/5... Starting fresh MongoDB container...
Waiting for MongoDB to initialize...
Container ready
Inserting 1000000 records to create index...
Inserted 1000000 records in 6.36s
Measuring fragmentation...
Index fragmentation: 0.00%
Running 200000 point lookups...
Completed 200000 reads in 11.562s
Read throughput: 17296.82 ops/sec
Measuring buffer pool hit ratios...

Cleaning up container...
Container stopped and removed
done
  Run 5/5... Starting fresh MongoDB container...
Waiting for MongoDB to initialize...
Container ready
Inserting 1000000 records to create index...
Inserted 1000000 records in 6.528s
Measuring fragmentation...
Index fragmentation: 0.00%
Running 200000 point lookups...
Completed 200000 reads in 11.685s
Read throughput: 17115.03 ops/sec
Measuring buffer pool hit ratios...

Cleaning up container...
Container stopped and removed
done

Testing UUIDV7 (5 runs)
----------------------------------------------------------------------
  Run 1/5... Starting fresh MongoDB container...
Waiting for MongoDB to initialize...
Container ready
Inserting 1000000 records to create index...
Inserted 1000000 records in 5.217s
Measuring fragmentation...
Index fragmentation: 0.00%
Running 200000 point lookups...
Completed 200000 reads in 13.179s
Read throughput: 15174.92 ops/sec
Measuring buffer pool hit ratios...

Cleaning up container...
Container stopped and removed
done
  Run 2/5... Starting fresh MongoDB container...
Waiting for MongoDB to initialize...
Container ready
Inserting 1000000 records to create index...
Inserted 1000000 records in 6.509s
Measuring fragmentation...
Index fragmentation: 0.00%
Running 200000 point lookups...
Completed 200000 reads in 12.893s
Read throughput: 15512.12 ops/sec
Measuring buffer pool hit ratios...

Cleaning up container...
Container stopped and removed
done
  Run 3/5... Starting fresh MongoDB container...
Waiting for MongoDB to initialize...
Container ready
Inserting 1000000 records to create index...
Inserted 1000000 records in 5.189s
Measuring fragmentation...
Index fragmentation: 0.00%
Running 200000 point lookups...
Completed 200000 reads in 11.509s
Read throughput: 17376.48 ops/sec
Measuring buffer pool hit ratios...

Cleaning up container...
Container stopped and removed
done
  Run 4/5... Starting fresh MongoDB container...
Waiting for MongoDB to initialize...
Container ready
Inserting 1000000 records to create index...
Inserted 1000000 records in 5.567s
Measuring fragmentation...
Index fragmentation: 0.00%
Running 200000 point lookups...
Completed 200000 reads in 11.55s
Read throughput: 17314.80 ops/sec
Measuring buffer pool hit ratios...

Cleaning up container...
Container stopped and removed
done
  Run 5/5... Starting fresh MongoDB container...
Waiting for MongoDB to initialize...
Container ready
Inserting 1000000 records to create index...
Inserted 1000000 records in 5.241s
Measuring fragmentation...
Index fragmentation: 0.00%
Running 200000 point lookups...
Completed 200000 reads in 11.595s
Read throughput: 17248.69 ops/sec
Measuring buffer pool hit ratios...

Cleaning up container...
Container stopped and removed
done

Testing ULID (5 runs)
----------------------------------------------------------------------
  Run 1/5... Starting fresh MongoDB container...
Waiting for MongoDB to initialize...
Container ready
Inserting 1000000 records to create index...
Inserted 1000000 records in 5.06s
Measuring fragmentation...
Index fragmentation: 0.00%
Running 200000 point lookups...
Completed 200000 reads in 11.823s
Read throughput: 16915.89 ops/sec
Measuring buffer pool hit ratios...

Cleaning up container...
Container stopped and removed
done
  Run 2/5... Starting fresh MongoDB container...
Waiting for MongoDB to initialize...
Container ready
Inserting 1000000 records to create index...
Inserted 1000000 records in 5.276s
Measuring fragmentation...
Index fragmentation: 0.00%
Running 200000 point lookups...
Completed 200000 reads in 11.635s
Read throughput: 17188.96 ops/sec
Measuring buffer pool hit ratios...

Cleaning up container...
Container stopped and removed
done
  Run 3/5... Starting fresh MongoDB container...
Waiting for MongoDB to initialize...
Container ready
Inserting 1000000 records to create index...
Inserted 1000000 records in 5.131s
Measuring fragmentation...
Index fragmentation: 0.00%
Running 200000 point lookups...
Completed 200000 reads in 11.464s
Read throughput: 17445.08 ops/sec
Measuring buffer pool hit ratios...

Cleaning up container...
Container stopped and removed
done
  Run 4/5... Starting fresh MongoDB container...
Waiting for MongoDB to initialize...
Container ready
Inserting 1000000 records to create index...
Inserted 1000000 records in 5.206s
Measuring fragmentation...
Index fragmentation: 0.00%
Running 200000 point lookups...
Completed 200000 reads in 11.852s
Read throughput: 16874.63 ops/sec
Measuring buffer pool hit ratios...

Cleaning up container...
Container stopped and removed
done
  Run 5/5... Starting fresh MongoDB container...
Waiting for MongoDB to initialize...
Container ready
Inserting 1000000 records to create index...
Inserted 1000000 records in 5.299s
Measuring fragmentation...
Index fragmentation: 0.00%
Running 200000 point lookups...
Completed 200000 reads in 11.197s
Read throughput: 17861.25 ops/sec
Measuring buffer pool hit ratios...

Cleaning up container...
Container stopped and removed
done

Testing ULID_MONOTONIC (5 runs)
----------------------------------------------------------------------
  Run 1/5... Starting fresh MongoDB container...
Waiting for MongoDB to initialize...
Container ready
Inserting 1000000 records to create index...
Inserted 1000000 records in 5.122s
Measuring fragmentation...
Index fragmentation: 0.00%
Running 200000 point lookups...
Completed 200000 reads in 11.866s
Read throughput: 16853.72 ops/sec
Measuring buffer pool hit ratios...

Cleaning up container...
Container stopped and removed
done
  Run 2/5... Starting fresh MongoDB container...
Waiting for MongoDB to initialize...
Container ready
Inserting 1000000 records to create index...
Inserted 1000000 records in 4.83s
Measuring fragmentation...
Index fragmentation: 0.00%
Running 200000 point lookups...
Completed 200000 reads in 11.411s
Read throughput: 17526.08 ops/sec
Measuring buffer pool hit ratios...

Cleaning up container...
Container stopped and removed
done
  Run 3/5... Starting fresh MongoDB container...
Waiting for MongoDB to initialize...
Container ready
Inserting 1000000 records to create index...
Inserted 1000000 records in 4.969s
Measuring fragmentation...
Index fragmentation: 0.00%
Running 200000 point lookups...
Completed 200000 reads in 12.264s
Read throughput: 16307.26 ops/sec
Measuring buffer pool hit ratios...

Cleaning up container...
Container stopped and removed
done
  Run 4/5... Starting fresh MongoDB container...
Waiting for MongoDB to initialize...
Container ready
Inserting 1000000 records to create index...
Inserted 1000000 records in 5.361s
Measuring fragmentation...
Index fragmentation: 0.00%
Running 200000 point lookups...
Completed 200000 reads in 12.301s
Read throughput: 16257.54 ops/sec
Measuring buffer pool hit ratios...

Cleaning up container...
Container stopped and removed
done
  Run 5/5... Starting fresh MongoDB container...
Waiting for MongoDB to initialize...
Container ready
Inserting 1000000 records to create index...
Inserted 1000000 records in 5.17s
Measuring fragmentation...
Index fragmentation: 0.00%
Running 200000 point lookups...
Completed 200000 reads in 11.459s
Read throughput: 17452.72 ops/sec
Measuring buffer pool hit ratios...

Cleaning up container...
Container stopped and removed
done

Testing UUIDV1 (5 runs)
----------------------------------------------------------------------
  Run 1/5... Starting fresh MongoDB container...
Waiting for MongoDB to initialize...
Container ready
Inserting 1000000 records to create index...
Inserted 1000000 records in 4.867s
Measuring fragmentation...
Index fragmentation: 0.00%
Running 200000 point lookups...
Completed 200000 reads in 11.51s
Read throughput: 17375.46 ops/sec
Measuring buffer pool hit ratios...

Cleaning up container...
Container stopped and removed
done
  Run 2/5... Starting fresh MongoDB container...
Waiting for MongoDB to initialize...
Container ready
Inserting 1000000 records to create index...
Inserted 1000000 records in 4.952s
Measuring fragmentation...
Index fragmentation: 0.00%
Running 200000 point lookups...
Completed 200000 reads in 11.846s
Read throughput: 16882.42 ops/sec
Measuring buffer pool hit ratios...

Cleaning up container...
Container stopped and removed
done
  Run 3/5... Starting fresh MongoDB container...
Waiting for MongoDB to initialize...
Container ready
Inserting 1000000 records to create index...
Inserted 1000000 records in 4.724s
Measuring fragmentation...
Index fragmentation: 0.00%
Running 200000 point lookups...
Completed 200000 reads in 11.349s
Read throughput: 17621.67 ops/sec
Measuring buffer pool hit ratios...

Cleaning up container...
Container stopped and removed
done
  Run 4/5... Starting fresh MongoDB container...
Waiting for MongoDB to initialize...
Container ready
Inserting 1000000 records to create index...
Inserted 1000000 records in 5.296s
Measuring fragmentation...
Index fragmentation: 0.00%
Running 200000 point lookups...
Completed 200000 reads in 12.245s
Read throughput: 16332.45 ops/sec
Measuring buffer pool hit ratios...

Cleaning up container...
Container stopped and removed
done
  Run 5/5... Starting fresh MongoDB container...
Waiting for MongoDB to initialize...
Container ready
Inserting 1000000 records to create index...
Inserted 1000000 records in 4.864s
Measuring fragmentation...
Index fragmentation: 0.00%
Running 200000 point lookups...
Completed 200000 reads in 11.802s
Read throughput: 16945.05 ops/sec
Measuring buffer pool hit ratios...

Cleaning up container...
Container stopped and removed
done

Testing OBJECTID (5 runs)
----------------------------------------------------------------------
  Run 1/5... Starting fresh MongoDB container...
Waiting for MongoDB to initialize...
Container ready
Inserting 1000000 records to create index...
Inserted 1000000 records in 4.862s
Measuring fragmentation...
Index fragmentation: 0.00%
Running 200000 point lookups...
Completed 200000 reads in 10.962s
Read throughput: 18244.63 ops/sec
Measuring buffer pool hit ratios...

Cleaning up container...
Container stopped and removed
done
  Run 2/5... Starting fresh MongoDB container...
Waiting for MongoDB to initialize...
Container ready
Inserting 1000000 records to create index...
Inserted 1000000 records in 4.726s
Measuring fragmentation...
Index fragmentation: 0.00%
Running 200000 point lookups...
Completed 200000 reads in 11.584s
Read throughput: 17264.42 ops/sec
Measuring buffer pool hit ratios...

Cleaning up container...
Container stopped and removed
done
  Run 3/5... Starting fresh MongoDB container...
Waiting for MongoDB to initialize...
Container ready
Inserting 1000000 records to create index...
Inserted 1000000 records in 4.874s
Measuring fragmentation...
Index fragmentation: 0.00%
Running 200000 point lookups...
Completed 200000 reads in 11.33s
Read throughput: 17651.73 ops/sec
Measuring buffer pool hit ratios...

Cleaning up container...
Container stopped and removed
done
  Run 4/5... Starting fresh MongoDB container...
Waiting for MongoDB to initialize...
Container ready
Inserting 1000000 records to create index...
Inserted 1000000 records in 4.716s
Measuring fragmentation...
Index fragmentation: 0.00%
Running 200000 point lookups...
Completed 200000 reads in 11.119s
Read throughput: 17985.74 ops/sec
Measuring buffer pool hit ratios...

Cleaning up container...
Container stopped and removed
done
  Run 5/5... Starting fresh MongoDB container...
Waiting for MongoDB to initialize...
Container ready
Inserting 1000000 records to create index...
Inserted 1000000 records in 4.692s
Measuring fragmentation...
Index fragmentation: 0.00%
Running 200000 point lookups...
Completed 200000 reads in 11.342s
Read throughput: 17632.15 ops/sec
Measuring buffer pool hit ratios...

Cleaning up container...
Container stopped and removed
done

====================================================================================================
Read Performance - Statistical Summary (5 runs per UUID type)
====================================================================================================

Read Throughput (ops/sec)
┌────────────────┬──────────┬──────────┬──────────┬──────────┬──────────┬─────────┐
│ Key Type       │ Median   │ Mean     │ StdDev   │ Min      │ Max      │ CV %    │
├────────────────┼──────────┼──────────┼──────────┼──────────┼──────────┼─────────┤
│ SEQUENTIAL     │    17159 │    17188 │      277 │    16768 │    17507 │     1.6 │
│ UUIDV4         │    17115 │    17093 │      269 │    16666 │    17345 │     1.6 │
│ UUIDV7         │    17249 │    16525 │     1086 │    15175 │    17376 │     6.6 │
│ ULID           │    17189 │    17257 │      409 │    16875 │    17861 │     2.4 │
│ ULID_MONOTONIC │    16854 │    16879 │      604 │    16258 │    17526 │     3.6 │
│ UUIDV1         │    16945 │    17031 │      496 │    16332 │    17622 │     2.9 │
│ OBJECTID       │    17652 │    17756 │      374 │    17264 │    18245 │     2.1 │
└────────────────┴──────────┴──────────┴──────────┴──────────┴──────────┴─────────┘

Statistical Comparisons (vs SEQUENTIAL):
┌──────────────────────────────┬─────────────┬──────────┬───────────┬───────────────┐
│ Comparison                   │ Median Diff │ p-value  │ Overlap?  │ Significant?  │
├──────────────────────────────┼─────────────┼──────────┼───────────┼───────────────┤
│ SEQUENTIAL vs UUIDV4         │       -0.3% │   0.3472 │ Yes       │ n.s.          │
│ SEQUENTIAL vs UUIDV7         │       +0.5% │   0.6015 │ Yes       │ n.s.          │
│ SEQUENTIAL vs ULID           │       +0.2% │   0.7540 │ Yes       │ n.s.          │
│ SEQUENTIAL vs ULID_MONOTONIC │       -1.8% │   0.6015 │ Yes       │ n.s.          │
│ SEQUENTIAL vs UUIDV1         │       -1.2% │   0.7540 │ Yes       │ n.s.          │
│ SEQUENTIAL vs OBJECTID       │       +2.9% │   0.0283 │ Yes       │ * (p<0.05)    │
└──────────────────────────────┴─────────────┴──────────┴───────────┴───────────────┘

Fragmentation (%)
┌────────────────┬──────────┬──────────┬──────────┬──────────┬──────────┬─────────┐
│ Key Type       │ Median   │ Mean     │ StdDev   │ Min      │ Max      │ CV %    │
├────────────────┼──────────┼──────────┼──────────┼──────────┼──────────┼─────────┤
│ SEQUENTIAL     │     0.00 │     0.00 │     0.00 │     0.00 │     0.00 │     0.0 │
│ UUIDV4         │     0.00 │     0.00 │     0.00 │     0.00 │     0.00 │     0.0 │
│ UUIDV7         │     0.00 │     0.00 │     0.00 │     0.00 │     0.00 │     0.0 │
│ ULID           │     0.00 │     0.00 │     0.00 │     0.00 │     0.00 │     0.0 │
│ ULID_MONOTONIC │     0.00 │     0.00 │     0.00 │     0.00 │     0.00 │     0.0 │
│ UUIDV1         │     0.00 │     0.00 │     0.00 │     0.00 │     0.00 │     0.0 │
│ OBJECTID       │     0.00 │     0.00 │     0.00 │     0.00 │     0.00 │     0.0 │
└────────────────┴──────────┴──────────┴──────────┴──────────┴──────────┴─────────┘

Statistical Comparisons (vs SEQUENTIAL):
┌──────────────────────────────┬─────────────┬──────────┬───────────┬───────────────┐
│ Comparison                   │ Median Diff │ p-value  │ Overlap?  │ Significant?  │
├──────────────────────────────┼─────────────┼──────────┼───────────┼───────────────┤
│ SEQUENTIAL vs UUIDV4         │       +0.0% │   1.0000 │ Yes       │ n.s.          │
│ SEQUENTIAL vs UUIDV7         │       +0.0% │   1.0000 │ Yes       │ n.s.          │
│ SEQUENTIAL vs ULID           │       +0.0% │   1.0000 │ Yes       │ n.s.          │
│ SEQUENTIAL vs ULID_MONOTONIC │       +0.0% │   1.0000 │ Yes       │ n.s.          │
│ SEQUENTIAL vs UUIDV1         │       +0.0% │   1.0000 │ Yes       │ n.s.          │
│ SEQUENTIAL vs OBJECTID       │       +0.0% │   1.0000 │ Yes       │ n.s.          │
└──────────────────────────────┴─────────────┴──────────┴───────────┴───────────────┘

Cache Hit Ratio
┌────────────────┬──────────┬──────────┬──────────┬──────────┬──────────┬─────────┐
│ Key Type       │ Median   │ Mean     │ StdDev   │ Min      │ Max      │ CV %    │
├────────────────┼──────────┼──────────┼──────────┼──────────┼──────────┼─────────┤
│ SEQUENTIAL     │   1.0000 │   1.0000 │   0.0000 │   1.0000 │   1.0000 │     0.0 │
│ UUIDV4         │   0.9988 │   0.9990 │   0.0006 │   0.9986 │   0.9999 │     0.1 │
│ UUIDV7         │   0.9999 │   0.9999 │   0.0002 │   0.9997 │   1.0000 │     0.0 │
│ ULID           │   0.9997 │   0.9998 │   0.0001 │   0.9997 │   1.0000 │     0.0 │
│ ULID_MONOTONIC │   1.0000 │   1.0000 │   0.0000 │   1.0000 │   1.0000 │     0.0 │
│ UUIDV1         │   1.0000 │   0.9999 │   0.0002 │   0.9997 │   1.0000 │     0.0 │
│ OBJECTID       │   1.0000 │   0.9999 │   0.0001 │   0.9997 │   1.0000 │     0.0 │
└────────────────┴──────────┴──────────┴──────────┴──────────┴──────────┴─────────┘

Statistical Comparisons (vs SEQUENTIAL):
┌──────────────────────────────┬─────────────┬──────────┬───────────┬───────────────┐
│ Comparison                   │ Median Diff │ p-value  │ Overlap?  │ Significant?  │
├──────────────────────────────┼─────────────┼──────────┼───────────┼───────────────┤
│ SEQUENTIAL vs UUIDV4         │       -0.1% │   0.0090 │ No        │ No overlap    │
│ SEQUENTIAL vs UUIDV7         │       -0.0% │   0.6015 │ Yes       │ n.s.          │
│ SEQUENTIAL vs ULID           │       -0.0% │   0.1172 │ Yes       │ n.s.          │
│ SEQUENTIAL vs ULID_MONOTONIC │       +0.0% │   0.0090 │ No        │ No overlap    │
│ SEQUENTIAL vs UUIDV1         │       +0.0% │   0.6015 │ Yes       │ n.s.          │
│ SEQUENTIAL vs OBJECTID       │       +0.0% │   0.5309 │ Yes       │ n.s.          │
└──────────────────────────────┴─────────────┴──────────┴───────────┴───────────────┘

Index Hit Ratio
┌────────────────┬──────────┬──────────┬──────────┬──────────┬──────────┬─────────┐
│ Key Type       │ Median   │ Mean     │ StdDev   │ Min      │ Max      │ CV %    │
├────────────────┼──────────┼──────────┼──────────┼──────────┼──────────┼─────────┤
│ SEQUENTIAL     │   1.0000 │   1.0000 │   0.0000 │   1.0000 │   1.0000 │     0.0 │
│ UUIDV4         │   0.9988 │   0.9990 │   0.0006 │   0.9986 │   0.9999 │     0.1 │
│ UUIDV7         │   0.9999 │   0.9999 │   0.0002 │   0.9997 │   1.0000 │     0.0 │
│ ULID           │   0.9997 │   0.9998 │   0.0001 │   0.9997 │   1.0000 │     0.0 │
│ ULID_MONOTONIC │   1.0000 │   1.0000 │   0.0000 │   1.0000 │   1.0000 │     0.0 │
│ UUIDV1         │   1.0000 │   0.9999 │   0.0002 │   0.9997 │   1.0000 │     0.0 │
│ OBJECTID       │   1.0000 │   0.9999 │   0.0001 │   0.9997 │   1.0000 │     0.0 │
└────────────────┴──────────┴──────────┴──────────┴──────────┴──────────┴─────────┘

Statistical Comparisons (vs SEQUENTIAL):
┌──────────────────────────────┬─────────────┬──────────┬───────────┬───────────────┐
│ Comparison                   │ Median Diff │ p-value  │ Overlap?  │ Significant?  │
├──────────────────────────────┼─────────────┼──────────┼───────────┼───────────────┤
│ SEQUENTIAL vs UUIDV4         │       -0.1% │   0.0090 │ No        │ No overlap    │
│ SEQUENTIAL vs UUIDV7         │       -0.0% │   0.6015 │ Yes       │ n.s.          │
│ SEQUENTIAL vs ULID           │       -0.0% │   0.1172 │ Yes       │ n.s.          │
│ SEQUENTIAL vs ULID_MONOTONIC │       +0.0% │   0.0090 │ No        │ No overlap    │
│ SEQUENTIAL vs UUIDV1         │       +0.0% │   0.6015 │ Yes       │ n.s.          │
│ SEQUENTIAL vs OBJECTID       │       +0.0% │   0.5309 │ Yes       │ n.s.          │
└──────────────────────────────┴─────────────┴──────────┴───────────┴───────────────┘

Latency P50 (µs)
┌────────────────┬──────────┬──────────┬──────────┬──────────┬──────────┬─────────┐
│ Key Type       │ Median   │ Mean     │ StdDev   │ Min      │ Max      │ CV %    │
├────────────────┼──────────┼──────────┼──────────┼──────────┼──────────┼─────────┤
│ SEQUENTIAL     │       52 │       52 │        1 │       51 │       53 │     1.6 │
│ UUIDV4         │       53 │       53 │        1 │       52 │       53 │     1.0 │
│ UUIDV7         │       52 │       54 │        2 │       52 │       56 │     4.1 │
│ ULID           │       52 │       52 │        1 │       50 │       53 │     2.4 │
│ ULID_MONOTONIC │       53 │       53 │        2 │       51 │       55 │     3.4 │
│ UUIDV1         │       53 │       52 │        1 │       51 │       54 │     2.6 │
│ OBJECTID       │       51 │       51 │        1 │       50 │       52 │     1.6 │
└────────────────┴──────────┴──────────┴──────────┴──────────┴──────────┴─────────┘

Statistical Comparisons (vs SEQUENTIAL):
┌──────────────────────────────┬─────────────┬──────────┬───────────┬───────────────┐
│ Comparison                   │ Median Diff │ p-value  │ Overlap?  │ Significant?  │
├──────────────────────────────┼─────────────┼──────────┼───────────┼───────────────┤
│ SEQUENTIAL vs UUIDV4         │       +1.9% │   0.4647 │ Yes       │ n.s.          │
│ SEQUENTIAL vs UUIDV7         │       +0.0% │   0.4647 │ Yes       │ n.s.          │
│ SEQUENTIAL vs ULID           │       +0.0% │   0.9168 │ Yes       │ n.s.          │
│ SEQUENTIAL vs ULID_MONOTONIC │       +1.9% │   0.6015 │ Yes       │ n.s.          │
│ SEQUENTIAL vs UUIDV1         │       +1.9% │   0.7540 │ Yes       │ n.s.          │
│ SEQUENTIAL vs OBJECTID       │       -1.9% │   0.0472 │ Yes       │ * (p<0.05)    │
└──────────────────────────────┴─────────────┴──────────┴───────────┴───────────────┘

Latency P95 (µs)
┌────────────────┬──────────┬──────────┬──────────┬──────────┬──────────┬─────────┐
│ Key Type       │ Median   │ Mean     │ StdDev   │ Min      │ Max      │ CV %    │
├────────────────┼──────────┼──────────┼──────────┼──────────┼──────────┼─────────┤
│ SEQUENTIAL     │       85 │       86 │        1 │       85 │       88 │     1.5 │
│ UUIDV4         │       85 │       86 │        2 │       84 │       89 │     2.3 │
│ UUIDV7         │       86 │       93 │       11 │       85 │      109 │    12.0 │
│ ULID           │       86 │       86 │        2 │       83 │       88 │     2.7 │
│ ULID_MONOTONIC │       87 │       88 │        3 │       84 │       91 │     3.3 │
│ UUIDV1         │       88 │       88 │        3 │       84 │       92 │     3.4 │
│ OBJECTID       │       84 │       84 │        2 │       82 │       86 │     1.9 │
└────────────────┴──────────┴──────────┴──────────┴──────────┴──────────┴─────────┘

Statistical Comparisons (vs SEQUENTIAL):
┌──────────────────────────────┬─────────────┬──────────┬───────────┬───────────────┐
│ Comparison                   │ Median Diff │ p-value  │ Overlap?  │ Significant?  │
├──────────────────────────────┼─────────────┼──────────┼───────────┼───────────────┤
│ SEQUENTIAL vs UUIDV4         │       +0.0% │   0.5309 │ Yes       │ n.s.          │
│ SEQUENTIAL vs UUIDV7         │       +1.2% │   0.4034 │ Yes       │ n.s.          │
│ SEQUENTIAL vs ULID           │       +1.2% │   1.0000 │ Yes       │ n.s.          │
│ SEQUENTIAL vs ULID_MONOTONIC │       +2.4% │   0.2963 │ Yes       │ n.s.          │
│ SEQUENTIAL vs UUIDV1         │       +3.5% │   0.2963 │ Yes       │ n.s.          │
│ SEQUENTIAL vs OBJECTID       │       -1.2% │   0.1172 │ Yes       │ n.s.          │
└──────────────────────────────┴─────────────┴──────────┴───────────┴───────────────┘

Latency P99 (µs)
┌────────────────┬──────────┬──────────┬──────────┬──────────┬──────────┬─────────┐
│ Key Type       │ Median   │ Mean     │ StdDev   │ Min      │ Max      │ CV %    │
├────────────────┼──────────┼──────────┼──────────┼──────────┼──────────┼─────────┤
│ SEQUENTIAL     │      117 │      116 │        2 │      113 │      118 │     1.9 │
│ UUIDV4         │      129 │      130 │        3 │      127 │      136 │     2.6 │
│ UUIDV7         │      131 │      147 │       28 │      128 │      195 │    19.3 │
│ ULID           │      132 │      131 │        3 │      127 │      134 │     2.4 │
│ ULID_MONOTONIC │      133 │      135 │        5 │      130 │      141 │     3.8 │
│ UUIDV1         │      134 │      134 │        6 │      128 │      143 │     4.1 │
│ OBJECTID       │      113 │      112 │        4 │      108 │      118 │     3.4 │
└────────────────┴──────────┴──────────┴──────────┴──────────┴──────────┴─────────┘

Statistical Comparisons (vs SEQUENTIAL):
┌──────────────────────────────┬─────────────┬──────────┬───────────┬───────────────┐
│ Comparison                   │ Median Diff │ p-value  │ Overlap?  │ Significant?  │
├──────────────────────────────┼─────────────┼──────────┼───────────┼───────────────┤
│ SEQUENTIAL vs UUIDV4         │      +10.3% │   0.0090 │ No        │ No overlap    │
│ SEQUENTIAL vs UUIDV7         │      +12.0% │   0.0090 │ No        │ No overlap    │
│ SEQUENTIAL vs ULID           │      +12.8% │   0.0090 │ No        │ No overlap    │
│ SEQUENTIAL vs ULID_MONOTONIC │      +13.7% │   0.0090 │ No        │ No overlap    │
│ SEQUENTIAL vs UUIDV1         │      +14.5% │   0.0090 │ No        │ No overlap    │
│ SEQUENTIAL vs OBJECTID       │       -3.4% │   0.1437 │ Yes       │ n.s.          │
└──────────────────────────────┴─────────────┴──────────┴───────────┴───────────────┘

Read IOPS
┌────────────────┬──────────┬──────────┬──────────┬──────────┬──────────┬─────────┐
│ Key Type       │ Median   │ Mean     │ StdDev   │ Min      │ Max      │ CV %    │
├────────────────┼──────────┼──────────┼──────────┼──────────┼──────────┼─────────┤
│ SEQUENTIAL     │        0 │        0 │        0 │        0 │        0 │     0.0 │
│ UUIDV4         │        0 │        0 │        0 │        0 │        0 │     0.0 │
│ UUIDV7         │        0 │        0 │        0 │        0 │        0 │     0.0 │
│ ULID           │        0 │        0 │        0 │        0 │        0 │     0.0 │
│ ULID_MONOTONIC │        0 │        0 │        0 │        0 │        0 │     0.0 │
│ UUIDV1         │        0 │        0 │        0 │        0 │        0 │     0.0 │
│ OBJECTID       │        0 │        0 │        0 │        0 │        0 │     0.0 │
└────────────────┴──────────┴──────────┴──────────┴──────────┴──────────┴─────────┘

Statistical Comparisons (vs SEQUENTIAL):
┌──────────────────────────────┬─────────────┬──────────┬───────────┬───────────────┐
│ Comparison                   │ Median Diff │ p-value  │ Overlap?  │ Significant?  │
├──────────────────────────────┼─────────────┼──────────┼───────────┼───────────────┤
│ SEQUENTIAL vs UUIDV4         │       +0.0% │   1.0000 │ Yes       │ n.s.          │
│ SEQUENTIAL vs UUIDV7         │       +0.0% │   1.0000 │ Yes       │ n.s.          │
│ SEQUENTIAL vs ULID           │       +0.0% │   1.0000 │ Yes       │ n.s.          │
│ SEQUENTIAL vs ULID_MONOTONIC │       +0.0% │   1.0000 │ Yes       │ n.s.          │
│ SEQUENTIAL vs UUIDV1         │       +0.0% │   1.0000 │ Yes       │ n.s.          │
│ SEQUENTIAL vs OBJECTID       │       +0.0% │   1.0000 │ Yes       │ n.s.          │
└──────────────────────────────┴─────────────┴──────────┴───────────┴───────────────┘

Write IOPS
┌────────────────┬──────────┬──────────┬──────────┬──────────┬──────────┬─────────┐
│ Key Type       │ Median   │ Mean     │ StdDev   │ Min      │ Max      │ CV %    │
├────────────────┼──────────┼──────────┼──────────┼──────────┼──────────┼─────────┤
│ SEQUENTIAL     │        0 │        0 │        0 │        0 │        0 │     0.0 │
│ UUIDV4         │        0 │        0 │        0 │        0 │        0 │     0.0 │
│ UUIDV7         │        0 │        0 │        0 │        0 │        0 │     0.0 │
│ ULID           │        0 │        0 │        0 │        0 │        0 │     0.0 │
│ ULID_MONOTONIC │        0 │        0 │        0 │        0 │        0 │     0.0 │
│ UUIDV1         │        0 │        0 │        0 │        0 │        0 │     0.0 │
│ OBJECTID       │        0 │        0 │        0 │        0 │        0 │     0.0 │
└────────────────┴──────────┴──────────┴──────────┴──────────┴──────────┴─────────┘

Statistical Comparisons (vs SEQUENTIAL):
┌──────────────────────────────┬─────────────┬──────────┬───────────┬───────────────┐
│ Comparison                   │ Median Diff │ p-value  │ Overlap?  │ Significant?  │
├──────────────────────────────┼─────────────┼──────────┼───────────┼───────────────┤
│ SEQUENTIAL vs UUIDV4         │       +0.0% │   1.0000 │ Yes       │ n.s.          │
│ SEQUENTIAL vs UUIDV7         │       +0.0% │   1.0000 │ Yes       │ n.s.          │
│ SEQUENTIAL vs ULID           │       +0.0% │   1.0000 │ Yes       │ n.s.          │
│ SEQUENTIAL vs ULID_MONOTONIC │       +0.0% │   1.0000 │ Yes       │ n.s.          │
│ SEQUENTIAL vs UUIDV1         │       +0.0% │   1.0000 │ Yes       │ n.s.          │
│ SEQUENTIAL vs OBJECTID       │       +0.0% │   1.0000 │ Yes       │ n.s.          │
└──────────────────────────────┴─────────────┴──────────┴───────────┴───────────────┘

Read Throughput (MB/s)
┌────────────────┬──────────┬──────────┬──────────┬──────────┬──────────┬─────────┐
│ Key Type       │ Median   │ Mean     │ StdDev   │ Min      │ Max      │ CV %    │
├────────────────┼──────────┼──────────┼──────────┼──────────┼──────────┼─────────┤
│ SEQUENTIAL     │      0.0 │      0.0 │      0.0 │      0.0 │      0.0 │     0.0 │
│ UUIDV4         │      0.0 │      0.0 │      0.0 │      0.0 │      0.0 │     0.0 │
│ UUIDV7         │      0.0 │      0.0 │      0.0 │      0.0 │      0.0 │     0.0 │
│ ULID           │      0.0 │      0.0 │      0.0 │      0.0 │      0.0 │     0.0 │
│ ULID_MONOTONIC │      0.0 │      0.0 │      0.0 │      0.0 │      0.0 │     0.0 │
│ UUIDV1         │      0.0 │      0.0 │      0.0 │      0.0 │      0.0 │     0.0 │
│ OBJECTID       │      0.0 │      0.0 │      0.0 │      0.0 │      0.0 │     0.0 │
└────────────────┴──────────┴──────────┴──────────┴──────────┴──────────┴─────────┘

Statistical Comparisons (vs SEQUENTIAL):
┌──────────────────────────────┬─────────────┬──────────┬───────────┬───────────────┐
│ Comparison                   │ Median Diff │ p-value  │ Overlap?  │ Significant?  │
├──────────────────────────────┼─────────────┼──────────┼───────────┼───────────────┤
│ SEQUENTIAL vs UUIDV4         │       +0.0% │   1.0000 │ Yes       │ n.s.          │
│ SEQUENTIAL vs UUIDV7         │       +0.0% │   1.0000 │ Yes       │ n.s.          │
│ SEQUENTIAL vs ULID           │       +0.0% │   1.0000 │ Yes       │ n.s.          │
│ SEQUENTIAL vs ULID_MONOTONIC │       +0.0% │   1.0000 │ Yes       │ n.s.          │
│ SEQUENTIAL vs UUIDV1         │       +0.0% │   1.0000 │ Yes       │ n.s.          │
│ SEQUENTIAL vs OBJECTID       │       +0.0% │   1.0000 │ Yes       │ n.s.          │
└──────────────────────────────┴─────────────┴──────────┴───────────┴───────────────┘

Write Throughput (MB/s)
┌────────────────┬──────────┬──────────┬──────────┬──────────┬──────────┬─────────┐
│ Key Type       │ Median   │ Mean     │ StdDev   │ Min      │ Max      │ CV %    │
├────────────────┼──────────┼──────────┼──────────┼──────────┼──────────┼─────────┤
│ SEQUENTIAL     │      0.0 │      0.0 │      0.0 │      0.0 │      0.0 │     0.0 │
│ UUIDV4         │      0.0 │      0.0 │      0.0 │      0.0 │      0.0 │     0.0 │
│ UUIDV7         │      0.0 │      0.0 │      0.0 │      0.0 │      0.0 │     0.0 │
│ ULID           │      0.0 │      0.0 │      0.0 │      0.0 │      0.0 │     0.0 │
│ ULID_MONOTONIC │      0.0 │      0.0 │      0.0 │      0.0 │      0.0 │     0.0 │
│ UUIDV1         │      0.0 │      0.0 │      0.0 │      0.0 │      0.0 │     0.0 │
│ OBJECTID       │      0.0 │      0.0 │      0.0 │      0.0 │      0.0 │     0.0 │
└────────────────┴──────────┴──────────┴──────────┴──────────┴──────────┴─────────┘

Statistical Comparisons (vs SEQUENTIAL):
┌──────────────────────────────┬─────────────┬──────────┬───────────┬───────────────┐
│ Comparison                   │ Median Diff │ p-value  │ Overlap?  │ Significant?  │
├──────────────────────────────┼─────────────┼──────────┼───────────┼───────────────┤
│ SEQUENTIAL vs UUIDV4         │       +0.0% │   1.0000 │ Yes       │ n.s.          │
│ SEQUENTIAL vs UUIDV7         │       +0.0% │   1.0000 │ Yes       │ n.s.          │
│ SEQUENTIAL vs ULID           │       +0.0% │   1.0000 │ Yes       │ n.s.          │
│ SEQUENTIAL vs ULID_MONOTONIC │       +0.0% │   1.0000 │ Yes       │ n.s.          │
│ SEQUENTIAL vs UUIDV1         │       +0.0% │   1.0000 │ Yes       │ n.s.          │
│ SEQUENTIAL vs OBJECTID       │       +0.0% │   1.0000 │ Yes       │ n.s.          │
└──────────────────────────────┴─────────────┴──────────┴───────────┴───────────────┘

[3/5] UPDATE PERFORMANCE
====================================================================================================

Testing SEQUENTIAL (5 runs)
----------------------------------------------------------------------
  Run 1/5... Starting fresh MongoDB container...
Waiting for MongoDB to initialize...
Container ready
Inserting 1000000 records...
Inserted 1000000 records
Running 200000 updates...
Completed 200000 updates in 15.342s
Update throughput: 13035.63 ops/sec
Measuring fragmentation...

Cleaning up container...
Container stopped and removed
done
  Run 2/5... Starting fresh MongoDB container...
Waiting for MongoDB to initialize...
Container ready
Inserting 1000000 records...
Inserted 1000000 records
Running 200000 updates...
Completed 200000 updates in 15.36s
Update throughput: 13020.48 ops/sec
Measuring fragmentation...

Cleaning up container...
Container stopped and removed
done
  Run 3/5... Starting fresh MongoDB container...
Waiting for MongoDB to initialize...
Container ready
Inserting 1000000 records...
Inserted 1000000 records
Running 200000 updates...
Completed 200000 updates in 15.299s
Update throughput: 13072.61 ops/sec
Measuring fragmentation...

Cleaning up container...
Container stopped and removed
done
  Run 4/5... Starting fresh MongoDB container...
Waiting for MongoDB to initialize...
Container ready
Inserting 1000000 records...
Inserted 1000000 records
Running 200000 updates...
Completed 200000 updates in 14.961s
Update throughput: 13367.83 ops/sec
Measuring fragmentation...

Cleaning up container...
Container stopped and removed
done
  Run 5/5... Starting fresh MongoDB container...
Waiting for MongoDB to initialize...
Container ready
Inserting 1000000 records...
Inserted 1000000 records
Running 200000 updates...
Completed 200000 updates in 15.011s
Update throughput: 13322.88 ops/sec
Measuring fragmentation...

Cleaning up container...
Container stopped and removed
done

Testing UUIDV4 (5 runs)
----------------------------------------------------------------------
  Run 1/5... Starting fresh MongoDB container...
Waiting for MongoDB to initialize...
Container ready
Inserting 1000000 records...
Inserted 1000000 records
Running 200000 updates...
Completed 200000 updates in 15.241s
Update throughput: 13122.33 ops/sec
Measuring fragmentation...

Cleaning up container...
Container stopped and removed
done
  Run 2/5... Starting fresh MongoDB container...
Waiting for MongoDB to initialize...
Container ready
Inserting 1000000 records...
Inserted 1000000 records
Running 200000 updates...
Completed 200000 updates in 15.698s
Update throughput: 12739.82 ops/sec
Measuring fragmentation...

Cleaning up container...
Container stopped and removed
done
  Run 3/5... Starting fresh MongoDB container...
Waiting for MongoDB to initialize...
Container ready
Inserting 1000000 records...
Inserted 1000000 records
Running 200000 updates...
Completed 200000 updates in 15.302s
Update throughput: 13069.98 ops/sec
Measuring fragmentation...

Cleaning up container...
Container stopped and removed
done
  Run 4/5... Starting fresh MongoDB container...
Waiting for MongoDB to initialize...
Container ready
Inserting 1000000 records...
Inserted 1000000 records
Running 200000 updates...
Completed 200000 updates in 15.367s
Update throughput: 13014.75 ops/sec
Measuring fragmentation...

Cleaning up container...
Container stopped and removed
done
  Run 5/5... Starting fresh MongoDB container...
Waiting for MongoDB to initialize...
Container ready
Inserting 1000000 records...
Inserted 1000000 records
Running 200000 updates...
Completed 200000 updates in 15.624s
Update throughput: 12800.37 ops/sec
Measuring fragmentation...

Cleaning up container...
Container stopped and removed
done

Testing UUIDV7 (5 runs)
----------------------------------------------------------------------
  Run 1/5... Starting fresh MongoDB container...
Waiting for MongoDB to initialize...
Container ready
Inserting 1000000 records...
Inserted 1000000 records
Running 200000 updates...
Completed 200000 updates in 15.248s
Update throughput: 13115.72 ops/sec
Measuring fragmentation...

Cleaning up container...
Container stopped and removed
done
  Run 2/5... Starting fresh MongoDB container...
Waiting for MongoDB to initialize...
Container ready
Inserting 1000000 records...
Inserted 1000000 records
Running 200000 updates...
Completed 200000 updates in 15.072s
Update throughput: 13268.80 ops/sec
Measuring fragmentation...

Cleaning up container...
Container stopped and removed
done
  Run 3/5... Starting fresh MongoDB container...
Waiting for MongoDB to initialize...
Container ready
Inserting 1000000 records...
Inserted 1000000 records
Running 200000 updates...
Completed 200000 updates in 15.706s
Update throughput: 12733.38 ops/sec
Measuring fragmentation...

Cleaning up container...
Container stopped and removed
done
  Run 4/5... Starting fresh MongoDB container...
Waiting for MongoDB to initialize...
Container ready
Inserting 1000000 records...
Inserted 1000000 records
Running 200000 updates...
Completed 200000 updates in 15.373s
Update throughput: 13009.07 ops/sec
Measuring fragmentation...

Cleaning up container...
Container stopped and removed
done
  Run 5/5... Starting fresh MongoDB container...
Waiting for MongoDB to initialize...
Container ready
Inserting 1000000 records...
Inserted 1000000 records
Running 200000 updates...
Completed 200000 updates in 15.171s
Update throughput: 13182.99 ops/sec
Measuring fragmentation...

Cleaning up container...
Container stopped and removed
done

Testing ULID (5 runs)
----------------------------------------------------------------------
  Run 1/5... Starting fresh MongoDB container...
Waiting for MongoDB to initialize...
Container ready
Inserting 1000000 records...
Inserted 1000000 records
Running 200000 updates...
Completed 200000 updates in 15.137s
Update throughput: 13212.24 ops/sec
Measuring fragmentation...

Cleaning up container...
Container stopped and removed
done
  Run 2/5... Starting fresh MongoDB container...
Waiting for MongoDB to initialize...
Container ready
Inserting 1000000 records...
Inserted 1000000 records
Running 200000 updates...
Completed 200000 updates in 14.94s
Update throughput: 13386.63 ops/sec
Measuring fragmentation...

Cleaning up container...
Container stopped and removed
done
  Run 3/5... Starting fresh MongoDB container...
Waiting for MongoDB to initialize...
Container ready
Inserting 1000000 records...
Inserted 1000000 records
Running 200000 updates...
Completed 200000 updates in 15.827s
Update throughput: 12636.20 ops/sec
Measuring fragmentation...

Cleaning up container...
Container stopped and removed
done
  Run 4/5... Starting fresh MongoDB container...
Waiting for MongoDB to initialize...
Container ready
Inserting 1000000 records...
Inserted 1000000 records
Running 200000 updates...
Completed 200000 updates in 15.242s
Update throughput: 13120.81 ops/sec
Measuring fragmentation...

Cleaning up container...
Container stopped and removed
done
  Run 5/5... Starting fresh MongoDB container...
Waiting for MongoDB to initialize...
Container ready
Inserting 1000000 records...
Inserted 1000000 records
Running 200000 updates...
Completed 200000 updates in 16.007s
Update throughput: 12493.96 ops/sec
Measuring fragmentation...

Cleaning up container...
Container stopped and removed
done

Testing ULID_MONOTONIC (5 runs)
----------------------------------------------------------------------
  Run 1/5... Starting fresh MongoDB container...
Waiting for MongoDB to initialize...
Container ready
Inserting 1000000 records...
Inserted 1000000 records
Running 200000 updates...
Completed 200000 updates in 15.506s
Update throughput: 12898.15 ops/sec
Measuring fragmentation...

Cleaning up container...
Container stopped and removed
done
  Run 2/5... Starting fresh MongoDB container...
Waiting for MongoDB to initialize...
Container ready
Inserting 1000000 records...
Inserted 1000000 records
Running 200000 updates...
Completed 200000 updates in 15.47s
Update throughput: 12928.18 ops/sec
Measuring fragmentation...

Cleaning up container...
Container stopped and removed
done
  Run 3/5... Starting fresh MongoDB container...
Waiting for MongoDB to initialize...
Container ready
Inserting 1000000 records...
Inserted 1000000 records
Running 200000 updates...
Completed 200000 updates in 15.483s
Update throughput: 12916.59 ops/sec
Measuring fragmentation...

Cleaning up container...
Container stopped and removed
done
  Run 4/5... Starting fresh MongoDB container...
Waiting for MongoDB to initialize...
Container ready
Inserting 1000000 records...
Inserted 1000000 records
Running 200000 updates...
Completed 200000 updates in 15.212s
Update throughput: 13146.75 ops/sec
Measuring fragmentation...

Cleaning up container...
Container stopped and removed
done
  Run 5/5... Starting fresh MongoDB container...
Waiting for MongoDB to initialize...
Container ready
Inserting 1000000 records...
Inserted 1000000 records
Running 200000 updates...
Completed 200000 updates in 14.989s
Update throughput: 13342.70 ops/sec
Measuring fragmentation...

Cleaning up container...
Container stopped and removed
done

Testing UUIDV1 (5 runs)
----------------------------------------------------------------------
  Run 1/5... Starting fresh MongoDB container...
Waiting for MongoDB to initialize...
Container ready
Inserting 1000000 records...
Inserted 1000000 records
Running 200000 updates...
Completed 200000 updates in 15.364s
Update throughput: 13017.44 ops/sec
Measuring fragmentation...

Cleaning up container...
Container stopped and removed
done
  Run 2/5... Starting fresh MongoDB container...
Waiting for MongoDB to initialize...
Container ready
Inserting 1000000 records...
Inserted 1000000 records
Running 200000 updates...
Completed 200000 updates in 15.359s
Update throughput: 13021.17 ops/sec
Measuring fragmentation...

Cleaning up container...
Container stopped and removed
done
  Run 3/5... Starting fresh MongoDB container...
Waiting for MongoDB to initialize...
Container ready
Inserting 1000000 records...
Inserted 1000000 records
Running 200000 updates...
Completed 200000 updates in 15.538s
Update throughput: 12871.65 ops/sec
Measuring fragmentation...

Cleaning up container...
Container stopped and removed
done
  Run 4/5... Starting fresh MongoDB container...
Waiting for MongoDB to initialize...
Container ready
Inserting 1000000 records...
Inserted 1000000 records
Running 200000 updates...
Completed 200000 updates in 15.327s
Update throughput: 13048.13 ops/sec
Measuring fragmentation...

Cleaning up container...
Container stopped and removed
done
  Run 5/5... Starting fresh MongoDB container...
Waiting for MongoDB to initialize...
Container ready
Inserting 1000000 records...
Inserted 1000000 records
Running 200000 updates...
Completed 200000 updates in 15.789s
Update throughput: 12666.36 ops/sec
Measuring fragmentation...

Cleaning up container...
Container stopped and removed
done

Testing OBJECTID (5 runs)
----------------------------------------------------------------------
  Run 1/5... Starting fresh MongoDB container...
Waiting for MongoDB to initialize...
Container ready
Inserting 1000000 records...
Inserted 1000000 records
Running 200000 updates...
Completed 200000 updates in 14.821s
Update throughput: 13493.66 ops/sec
Measuring fragmentation...

Cleaning up container...
Container stopped and removed
done
  Run 2/5... Starting fresh MongoDB container...
Waiting for MongoDB to initialize...
Container ready
Inserting 1000000 records...
Inserted 1000000 records
Running 200000 updates...
Completed 200000 updates in 14.817s
Update throughput: 13497.16 ops/sec
Measuring fragmentation...

Cleaning up container...
Container stopped and removed
done
  Run 3/5... Starting fresh MongoDB container...
Waiting for MongoDB to initialize...
Container ready
Inserting 1000000 records...
Inserted 1000000 records
Running 200000 updates...
Completed 200000 updates in 15.315s
Update throughput: 13058.85 ops/sec
Measuring fragmentation...

Cleaning up container...
Container stopped and removed
done
  Run 4/5... Starting fresh MongoDB container...
Waiting for MongoDB to initialize...
Container ready
Inserting 1000000 records...
Inserted 1000000 records
Running 200000 updates...
Completed 200000 updates in 15.176s
Update throughput: 13178.44 ops/sec
Measuring fragmentation...

Cleaning up container...
Container stopped and removed
done
  Run 5/5... Starting fresh MongoDB container...
Waiting for MongoDB to initialize...
Container ready
Inserting 1000000 records...
Inserted 1000000 records
Running 200000 updates...
Completed 200000 updates in 14.821s
Update throughput: 13494.07 ops/sec
Measuring fragmentation...

Cleaning up container...
Container stopped and removed
done

====================================================================================================
Update Performance - Statistical Summary (5 runs per UUID type)
====================================================================================================

Update Throughput (ops/sec)
┌────────────────┬──────────┬──────────┬──────────┬──────────┬──────────┬─────────┐
│ Key Type       │ Median   │ Mean     │ StdDev   │ Min      │ Max      │ CV %    │
├────────────────┼──────────┼──────────┼──────────┼──────────┼──────────┼─────────┤
│ SEQUENTIAL     │    13073 │    13164 │      167 │    13020 │    13368 │     1.3 │
│ UUIDV4         │    13015 │    12949 │      169 │    12740 │    13122 │     1.3 │
│ UUIDV7         │    13116 │    13062 │      207 │    12733 │    13269 │     1.6 │
│ ULID           │    13121 │    12970 │      385 │    12494 │    13387 │     3.0 │
│ ULID_MONOTONIC │    12928 │    13046 │      194 │    12898 │    13343 │     1.5 │
│ UUIDV1         │    13017 │    12925 │      160 │    12666 │    13048 │     1.2 │
│ OBJECTID       │    13494 │    13344 │      210 │    13059 │    13497 │     1.6 │
└────────────────┴──────────┴──────────┴──────────┴──────────┴──────────┴─────────┘

Statistical Comparisons (vs SEQUENTIAL):
┌──────────────────────────────┬─────────────┬──────────┬───────────┬───────────────┐
│ Comparison                   │ Median Diff │ p-value  │ Overlap?  │ Significant?  │
├──────────────────────────────┼─────────────┼──────────┼───────────┼───────────────┤
│ SEQUENTIAL vs UUIDV4         │       -0.4% │   0.1172 │ Yes       │ n.s.          │
│ SEQUENTIAL vs UUIDV7         │       +0.3% │   0.4647 │ Yes       │ n.s.          │
│ SEQUENTIAL vs ULID           │       +0.4% │   0.7540 │ Yes       │ n.s.          │
│ SEQUENTIAL vs ULID_MONOTONIC │       -1.1% │   0.2506 │ Yes       │ n.s.          │
│ SEQUENTIAL vs UUIDV1         │       -0.4% │   0.0472 │ Yes       │ * (p<0.05)    │
│ SEQUENTIAL vs OBJECTID       │       +3.2% │   0.1172 │ Yes       │ n.s.          │
└──────────────────────────────┴─────────────┴──────────┴───────────┴───────────────┘

Fragmentation (%)
┌────────────────┬──────────┬──────────┬──────────┬──────────┬──────────┬─────────┐
│ Key Type       │ Median   │ Mean     │ StdDev   │ Min      │ Max      │ CV %    │
├────────────────┼──────────┼──────────┼──────────┼──────────┼──────────┼─────────┤
│ SEQUENTIAL     │     0.00 │     0.00 │     0.00 │     0.00 │     0.00 │     0.0 │
│ UUIDV4         │     0.00 │     0.00 │     0.00 │     0.00 │     0.00 │     0.0 │
│ UUIDV7         │     0.00 │     0.00 │     0.00 │     0.00 │     0.00 │     0.0 │
│ ULID           │     0.00 │     0.00 │     0.00 │     0.00 │     0.00 │     0.0 │
│ ULID_MONOTONIC │     0.00 │     0.00 │     0.00 │     0.00 │     0.00 │     0.0 │
│ UUIDV1         │     0.00 │     0.00 │     0.00 │     0.00 │     0.00 │     0.0 │
│ OBJECTID       │     0.00 │     0.00 │     0.00 │     0.00 │     0.00 │     0.0 │
└────────────────┴──────────┴──────────┴──────────┴──────────┴──────────┴─────────┘

Statistical Comparisons (vs SEQUENTIAL):
┌──────────────────────────────┬─────────────┬──────────┬───────────┬───────────────┐
│ Comparison                   │ Median Diff │ p-value  │ Overlap?  │ Significant?  │
├──────────────────────────────┼─────────────┼──────────┼───────────┼───────────────┤
│ SEQUENTIAL vs UUIDV4         │       +0.0% │   1.0000 │ Yes       │ n.s.          │
│ SEQUENTIAL vs UUIDV7         │       +0.0% │   1.0000 │ Yes       │ n.s.          │
│ SEQUENTIAL vs ULID           │       +0.0% │   1.0000 │ Yes       │ n.s.          │
│ SEQUENTIAL vs ULID_MONOTONIC │       +0.0% │   1.0000 │ Yes       │ n.s.          │
│ SEQUENTIAL vs UUIDV1         │       +0.0% │   1.0000 │ Yes       │ n.s.          │
│ SEQUENTIAL vs OBJECTID       │       +0.0% │   1.0000 │ Yes       │ n.s.          │
└──────────────────────────────┴─────────────┴──────────┴───────────┴───────────────┘

Latency P50 (µs)
┌────────────────┬──────────┬──────────┬──────────┬──────────┬──────────┬─────────┐
│ Key Type       │ Median   │ Mean     │ StdDev   │ Min      │ Max      │ CV %    │
├────────────────┼──────────┼──────────┼──────────┼──────────┼──────────┼─────────┤
│ SEQUENTIAL     │       70 │       70 │        1 │       69 │       70 │     0.8 │
│ UUIDV4         │       71 │       71 │        1 │       70 │       72 │     1.2 │
│ UUIDV7         │       70 │       70 │        1 │       69 │       72 │     1.6 │
│ ULID           │       70 │       71 │        2 │       69 │       73 │     2.6 │
│ ULID_MONOTONIC │       71 │       70 │        1 │       69 │       71 │     1.3 │
│ UUIDV1         │       70 │       70 │        1 │       69 │       71 │     1.0 │
│ OBJECTID       │       69 │       69 │        1 │       68 │       70 │     1.2 │
└────────────────┴──────────┴──────────┴──────────┴──────────┴──────────┴─────────┘

Statistical Comparisons (vs SEQUENTIAL):
┌──────────────────────────────┬─────────────┬──────────┬───────────┬───────────────┐
│ Comparison                   │ Median Diff │ p-value  │ Overlap?  │ Significant?  │
├──────────────────────────────┼─────────────┼──────────┼───────────┼───────────────┤
│ SEQUENTIAL vs UUIDV4         │       +1.4% │   0.0216 │ Yes       │ * (p<0.05)    │
│ SEQUENTIAL vs UUIDV7         │       +0.0% │   0.4034 │ Yes       │ n.s.          │
│ SEQUENTIAL vs ULID           │       +0.0% │   0.2506 │ Yes       │ n.s.          │
│ SEQUENTIAL vs ULID_MONOTONIC │       +1.4% │   0.1437 │ Yes       │ n.s.          │
│ SEQUENTIAL vs UUIDV1         │       +0.0% │   0.4034 │ Yes       │ n.s.          │
│ SEQUENTIAL vs OBJECTID       │       -1.4% │   0.1437 │ Yes       │ n.s.          │
└──────────────────────────────┴─────────────┴──────────┴───────────┴───────────────┘

Latency P95 (µs)
┌────────────────┬──────────┬──────────┬──────────┬──────────┬──────────┬─────────┐
│ Key Type       │ Median   │ Mean     │ StdDev   │ Min      │ Max      │ CV %    │
├────────────────┼──────────┼──────────┼──────────┼──────────┼──────────┼─────────┤
│ SEQUENTIAL     │      105 │      104 │        2 │      101 │      107 │     2.3 │
│ UUIDV4         │      105 │      106 │        2 │      104 │      109 │     2.0 │
│ UUIDV7         │      104 │      106 │        3 │      103 │      111 │     3.3 │
│ ULID           │      105 │      107 │        5 │      101 │      113 │     5.1 │
│ ULID_MONOTONIC │      107 │      106 │        2 │      102 │      108 │     2.3 │
│ UUIDV1         │      107 │      107 │        2 │      105 │      111 │     2.1 │
│ OBJECTID       │      101 │      102 │        3 │      100 │      106 │     2.5 │
└────────────────┴──────────┴──────────┴──────────┴──────────┴──────────┴─────────┘

Statistical Comparisons (vs SEQUENTIAL):
┌──────────────────────────────┬─────────────┬──────────┬───────────┬───────────────┐
│ Comparison                   │ Median Diff │ p-value  │ Overlap?  │ Significant?  │
├──────────────────────────────┼─────────────┼──────────┼───────────┼───────────────┤
│ SEQUENTIAL vs UUIDV4         │       +0.0% │   0.3472 │ Yes       │ n.s.          │
│ SEQUENTIAL vs UUIDV7         │       -1.0% │   0.6761 │ Yes       │ n.s.          │
│ SEQUENTIAL vs ULID           │       +0.0% │   0.6761 │ Yes       │ n.s.          │
│ SEQUENTIAL vs ULID_MONOTONIC │       +1.9% │   0.2963 │ Yes       │ n.s.          │
│ SEQUENTIAL vs UUIDV1         │       +1.9% │   0.0947 │ Yes       │ n.s.          │
│ SEQUENTIAL vs OBJECTID       │       -3.8% │   0.2101 │ Yes       │ n.s.          │
└──────────────────────────────┴─────────────┴──────────┴───────────┴───────────────┘

Latency P99 (µs)
┌────────────────┬──────────┬──────────┬──────────┬──────────┬──────────┬─────────┐
│ Key Type       │ Median   │ Mean     │ StdDev   │ Min      │ Max      │ CV %    │
├────────────────┼──────────┼──────────┼──────────┼──────────┼──────────┼─────────┤
│ SEQUENTIAL     │      142 │      141 │        6 │      133 │      146 │     3.9 │
│ UUIDV4         │      148 │      149 │        4 │      144 │      153 │     2.7 │
│ UUIDV7         │      146 │      148 │        5 │      144 │      155 │     3.1 │
│ ULID           │      146 │      150 │        9 │      141 │      161 │     6.1 │
│ ULID_MONOTONIC │      149 │      148 │        4 │      142 │      152 │     2.7 │
│ UUIDV1         │      152 │      154 │        5 │      150 │      162 │     3.1 │
│ OBJECTID       │      134 │      138 │        6 │      133 │      146 │     4.4 │
└────────────────┴──────────┴──────────┴──────────┴──────────┴──────────┴─────────┘

Statistical Comparisons (vs SEQUENTIAL):
┌──────────────────────────────┬─────────────┬──────────┬───────────┬───────────────┐
│ Comparison                   │ Median Diff │ p-value  │ Overlap?  │ Significant?  │
├──────────────────────────────┼─────────────┼──────────┼───────────┼───────────────┤
│ SEQUENTIAL vs UUIDV4         │       +4.2% │   0.0367 │ Yes       │ * (p<0.05)    │
│ SEQUENTIAL vs UUIDV7         │       +2.8% │   0.0758 │ Yes       │ n.s.          │
│ SEQUENTIAL vs ULID           │       +2.8% │   0.1437 │ Yes       │ n.s.          │
│ SEQUENTIAL vs ULID_MONOTONIC │       +4.9% │   0.0758 │ Yes       │ n.s.          │
│ SEQUENTIAL vs UUIDV1         │       +7.0% │   0.0090 │ No        │ No overlap    │
│ SEQUENTIAL vs OBJECTID       │       -5.6% │   0.6015 │ Yes       │ n.s.          │
└──────────────────────────────┴─────────────┴──────────┴───────────┴───────────────┘

Read IOPS
┌────────────────┬──────────┬──────────┬──────────┬──────────┬──────────┬─────────┐
│ Key Type       │ Median   │ Mean     │ StdDev   │ Min      │ Max      │ CV %    │
├────────────────┼──────────┼──────────┼──────────┼──────────┼──────────┼─────────┤
│ SEQUENTIAL     │        0 │        0 │        0 │        0 │        0 │     0.0 │
│ UUIDV4         │        0 │        0 │        0 │        0 │        0 │     0.0 │
│ UUIDV7         │        0 │        0 │        0 │        0 │        0 │     0.0 │
│ ULID           │        0 │        0 │        0 │        0 │        0 │     0.0 │
│ ULID_MONOTONIC │        0 │        0 │        0 │        0 │        0 │     0.0 │
│ UUIDV1         │        0 │        0 │        0 │        0 │        0 │     0.0 │
│ OBJECTID       │        0 │        0 │        0 │        0 │        0 │   223.6 │
└────────────────┴──────────┴──────────┴──────────┴──────────┴──────────┴─────────┘

Statistical Comparisons (vs SEQUENTIAL):
┌──────────────────────────────┬─────────────┬──────────┬───────────┬───────────────┐
│ Comparison                   │ Median Diff │ p-value  │ Overlap?  │ Significant?  │
├──────────────────────────────┼─────────────┼──────────┼───────────┼───────────────┤
│ SEQUENTIAL vs UUIDV4         │       +0.0% │   1.0000 │ Yes       │ n.s.          │
│ SEQUENTIAL vs UUIDV7         │       +0.0% │   1.0000 │ Yes       │ n.s.          │
│ SEQUENTIAL vs ULID           │       +0.0% │   1.0000 │ Yes       │ n.s.          │
│ SEQUENTIAL vs ULID_MONOTONIC │       +0.0% │   1.0000 │ Yes       │ n.s.          │
│ SEQUENTIAL vs UUIDV1         │       +0.0% │   1.0000 │ Yes       │ n.s.          │
│ SEQUENTIAL vs OBJECTID       │       +0.0% │   0.6015 │ Yes       │ n.s.          │
└──────────────────────────────┴─────────────┴──────────┴───────────┴───────────────┘

Write IOPS
┌────────────────┬──────────┬──────────┬──────────┬──────────┬──────────┬─────────┐
│ Key Type       │ Median   │ Mean     │ StdDev   │ Min      │ Max      │ CV %    │
├────────────────┼──────────┼──────────┼──────────┼──────────┼──────────┼─────────┤
│ SEQUENTIAL     │      127 │      127 │        1 │      126 │      129 │     1.1 │
│ UUIDV4         │      126 │      125 │        2 │      123 │      127 │     1.3 │
│ UUIDV7         │      127 │      126 │        2 │      123 │      129 │     1.7 │
│ ULID           │      127 │      126 │        3 │      122 │      129 │     2.6 │
│ ULID_MONOTONIC │      125 │      126 │        2 │      125 │      129 │     1.6 │
│ UUIDV1         │      125 │      125 │        1 │      123 │      126 │     1.2 │
│ OBJECTID       │      129 │      128 │        2 │      126 │      130 │     1.6 │
└────────────────┴──────────┴──────────┴──────────┴──────────┴──────────┴─────────┘

Statistical Comparisons (vs SEQUENTIAL):
┌──────────────────────────────┬─────────────┬──────────┬───────────┬───────────────┐
│ Comparison                   │ Median Diff │ p-value  │ Overlap?  │ Significant?  │
├──────────────────────────────┼─────────────┼──────────┼───────────┼───────────────┤
│ SEQUENTIAL vs UUIDV4         │       -0.5% │   0.1745 │ Yes       │ n.s.          │
│ SEQUENTIAL vs UUIDV7         │       +0.1% │   0.7540 │ Yes       │ n.s.          │
│ SEQUENTIAL vs ULID           │       +0.0% │   0.7540 │ Yes       │ n.s.          │
│ SEQUENTIAL vs ULID_MONOTONIC │       -1.3% │   0.3472 │ Yes       │ n.s.          │
│ SEQUENTIAL vs UUIDV1         │       -1.1% │   0.0283 │ Yes       │ * (p<0.05)    │
│ SEQUENTIAL vs OBJECTID       │       +2.1% │   0.3472 │ Yes       │ n.s.          │
└──────────────────────────────┴─────────────┴──────────┴───────────┴───────────────┘

Read Throughput (MB/s)
┌────────────────┬──────────┬──────────┬──────────┬──────────┬──────────┬─────────┐
│ Key Type       │ Median   │ Mean     │ StdDev   │ Min      │ Max      │ CV %    │
├────────────────┼──────────┼──────────┼──────────┼──────────┼──────────┼─────────┤
│ SEQUENTIAL     │      0.0 │      0.0 │      0.0 │      0.0 │      0.0 │     0.0 │
│ UUIDV4         │      0.0 │      0.0 │      0.0 │      0.0 │      0.0 │     0.0 │
│ UUIDV7         │      0.0 │      0.0 │      0.0 │      0.0 │      0.0 │     0.0 │
│ ULID           │      0.0 │      0.0 │      0.0 │      0.0 │      0.0 │     0.0 │
│ ULID_MONOTONIC │      0.0 │      0.0 │      0.0 │      0.0 │      0.0 │     0.0 │
│ UUIDV1         │      0.0 │      0.0 │      0.0 │      0.0 │      0.0 │     0.0 │
│ OBJECTID       │      0.0 │      0.0 │      0.0 │      0.0 │      0.0 │   223.6 │
└────────────────┴──────────┴──────────┴──────────┴──────────┴──────────┴─────────┘

Statistical Comparisons (vs SEQUENTIAL):
┌──────────────────────────────┬─────────────┬──────────┬───────────┬───────────────┐
│ Comparison                   │ Median Diff │ p-value  │ Overlap?  │ Significant?  │
├──────────────────────────────┼─────────────┼──────────┼───────────┼───────────────┤
│ SEQUENTIAL vs UUIDV4         │       +0.0% │   1.0000 │ Yes       │ n.s.          │
│ SEQUENTIAL vs UUIDV7         │       +0.0% │   1.0000 │ Yes       │ n.s.          │
│ SEQUENTIAL vs ULID           │       +0.0% │   1.0000 │ Yes       │ n.s.          │
│ SEQUENTIAL vs ULID_MONOTONIC │       +0.0% │   1.0000 │ Yes       │ n.s.          │
│ SEQUENTIAL vs UUIDV1         │       +0.0% │   1.0000 │ Yes       │ n.s.          │
│ SEQUENTIAL vs OBJECTID       │       +0.0% │   0.6015 │ Yes       │ n.s.          │
└──────────────────────────────┴─────────────┴──────────┴───────────┴───────────────┘

Write Throughput (MB/s)
┌────────────────┬──────────┬──────────┬──────────┬──────────┬──────────┬─────────┐
│ Key Type       │ Median   │ Mean     │ StdDev   │ Min      │ Max      │ CV %    │
├────────────────┼──────────┼──────────┼──────────┼──────────┼──────────┼─────────┤
│ SEQUENTIAL     │     14.1 │     14.2 │      0.2 │     14.0 │     14.4 │     1.3 │
│ UUIDV4         │     14.0 │     13.9 │      0.2 │     13.7 │     14.0 │     1.4 │
│ UUIDV7         │     14.1 │     14.0 │      0.3 │     13.6 │     14.2 │     1.9 │
│ ULID           │     14.1 │     13.9 │      0.4 │     13.4 │     14.4 │     3.2 │
│ ULID_MONOTONIC │     13.9 │     14.0 │      0.2 │     13.8 │     14.4 │     1.7 │
│ UUIDV1         │     13.9 │     13.9 │      0.2 │     13.7 │     14.1 │     1.2 │
│ OBJECTID       │     14.5 │     14.4 │      0.2 │     14.1 │     14.6 │     1.6 │
└────────────────┴──────────┴──────────┴──────────┴──────────┴──────────┴─────────┘

Statistical Comparisons (vs SEQUENTIAL):
┌──────────────────────────────┬─────────────┬──────────┬───────────┬───────────────┐
│ Comparison                   │ Median Diff │ p-value  │ Overlap?  │ Significant?  │
├──────────────────────────────┼─────────────┼──────────┼───────────┼───────────────┤
│ SEQUENTIAL vs UUIDV4         │       -0.6% │   0.0472 │ Yes       │ * (p<0.05)    │
│ SEQUENTIAL vs UUIDV7         │       +0.2% │   0.4647 │ Yes       │ n.s.          │
│ SEQUENTIAL vs ULID           │       +0.1% │   0.6015 │ Yes       │ n.s.          │
│ SEQUENTIAL vs ULID_MONOTONIC │       -1.1% │   0.3472 │ Yes       │ n.s.          │
│ SEQUENTIAL vs UUIDV1         │       -1.0% │   0.0472 │ Yes       │ * (p<0.05)    │
│ SEQUENTIAL vs OBJECTID       │       +3.0% │   0.1172 │ Yes       │ n.s.          │
└──────────────────────────────┴─────────────┴──────────┴───────────┴───────────────┘

[4/5] MIXED INSERT-HEAVY
====================================================================================================

Testing SEQUENTIAL (5 runs)
----------------------------------------------------------------------
  Run 1/5... Starting fresh MongoDB container...
Waiting for MongoDB to initialize...
Container ready

=== Mixed Workload: Insert-Heavy (70% insert, 30% read) - sequential ===
Creating initial dataset (100000 records)...
Overall throughput: 12693.87 ops/sec
Buffer hit ratio: 100.00%

Cleaning up container...
Container stopped and removed
done
  Run 2/5... Starting fresh MongoDB container...
Waiting for MongoDB to initialize...
Container ready

=== Mixed Workload: Insert-Heavy (70% insert, 30% read) - sequential ===
Creating initial dataset (100000 records)...
Overall throughput: 12409.78 ops/sec
Buffer hit ratio: 100.00%

Cleaning up container...
Container stopped and removed
done
  Run 3/5... Starting fresh MongoDB container...
Waiting for MongoDB to initialize...
Container ready

=== Mixed Workload: Insert-Heavy (70% insert, 30% read) - sequential ===
Creating initial dataset (100000 records)...
Overall throughput: 12449.41 ops/sec
Buffer hit ratio: 100.00%

Cleaning up container...
Container stopped and removed
done
  Run 4/5... Starting fresh MongoDB container...
Waiting for MongoDB to initialize...
Container ready

=== Mixed Workload: Insert-Heavy (70% insert, 30% read) - sequential ===
Creating initial dataset (100000 records)...
Overall throughput: 12185.41 ops/sec
Buffer hit ratio: 100.00%

Cleaning up container...
Container stopped and removed
done
  Run 5/5... Starting fresh MongoDB container...
Waiting for MongoDB to initialize...
Container ready

=== Mixed Workload: Insert-Heavy (70% insert, 30% read) - sequential ===
Creating initial dataset (100000 records)...
Overall throughput: 12986.09 ops/sec
Buffer hit ratio: 100.00%

Cleaning up container...
Container stopped and removed
done

Testing UUIDV4 (5 runs)
----------------------------------------------------------------------
  Run 1/5... Starting fresh MongoDB container...
Waiting for MongoDB to initialize...
Container ready

=== Mixed Workload: Insert-Heavy (70% insert, 30% read) - uuidv4 ===
Creating initial dataset (100000 records)...
Overall throughput: 15035.24 ops/sec
Buffer hit ratio: 100.00%

Cleaning up container...
Container stopped and removed
done
  Run 2/5... Starting fresh MongoDB container...
Waiting for MongoDB to initialize...
Container ready

=== Mixed Workload: Insert-Heavy (70% insert, 30% read) - uuidv4 ===
Creating initial dataset (100000 records)...
Overall throughput: 15485.26 ops/sec
Buffer hit ratio: 100.00%

Cleaning up container...
Container stopped and removed
done
  Run 3/5... Starting fresh MongoDB container...
Waiting for MongoDB to initialize...
Container ready

=== Mixed Workload: Insert-Heavy (70% insert, 30% read) - uuidv4 ===
Creating initial dataset (100000 records)...
Overall throughput: 15748.67 ops/sec
Buffer hit ratio: 100.00%

Cleaning up container...
Container stopped and removed
done
  Run 4/5... Starting fresh MongoDB container...
Waiting for MongoDB to initialize...
Container ready

=== Mixed Workload: Insert-Heavy (70% insert, 30% read) - uuidv4 ===
Creating initial dataset (100000 records)...
Overall throughput: 15369.45 ops/sec
Buffer hit ratio: 100.00%

Cleaning up container...
Container stopped and removed
done
  Run 5/5... Starting fresh MongoDB container...
Waiting for MongoDB to initialize...
Container ready

=== Mixed Workload: Insert-Heavy (70% insert, 30% read) - uuidv4 ===
Creating initial dataset (100000 records)...
Overall throughput: 15059.75 ops/sec
Buffer hit ratio: 100.00%

Cleaning up container...
Container stopped and removed
done

Testing UUIDV7 (5 runs)
----------------------------------------------------------------------
  Run 1/5... Starting fresh MongoDB container...
Waiting for MongoDB to initialize...
Container ready

=== Mixed Workload: Insert-Heavy (70% insert, 30% read) - uuidv7 ===
Creating initial dataset (100000 records)...
Overall throughput: 15893.16 ops/sec
Buffer hit ratio: 100.00%

Cleaning up container...
Container stopped and removed
done
  Run 2/5... Starting fresh MongoDB container...
Waiting for MongoDB to initialize...
Container ready

=== Mixed Workload: Insert-Heavy (70% insert, 30% read) - uuidv7 ===
Creating initial dataset (100000 records)...
Overall throughput: 16157.38 ops/sec
Buffer hit ratio: 100.00%

Cleaning up container...
Container stopped and removed
done
  Run 3/5... Starting fresh MongoDB container...
Waiting for MongoDB to initialize...
Container ready

=== Mixed Workload: Insert-Heavy (70% insert, 30% read) - uuidv7 ===
Creating initial dataset (100000 records)...
Overall throughput: 15547.67 ops/sec
Buffer hit ratio: 100.00%

Cleaning up container...
Container stopped and removed
done
  Run 4/5... Starting fresh MongoDB container...
Waiting for MongoDB to initialize...
Container ready

=== Mixed Workload: Insert-Heavy (70% insert, 30% read) - uuidv7 ===
Creating initial dataset (100000 records)...
Overall throughput: 16062.96 ops/sec
Buffer hit ratio: 100.00%

Cleaning up container...
Container stopped and removed
done
  Run 5/5... Starting fresh MongoDB container...
Waiting for MongoDB to initialize...
Container ready

=== Mixed Workload: Insert-Heavy (70% insert, 30% read) - uuidv7 ===
Creating initial dataset (100000 records)...
Overall throughput: 16319.32 ops/sec
Buffer hit ratio: 100.00%

Cleaning up container...
Container stopped and removed
done

Testing ULID (5 runs)
----------------------------------------------------------------------
  Run 1/5... Starting fresh MongoDB container...
Waiting for MongoDB to initialize...
Container ready

=== Mixed Workload: Insert-Heavy (70% insert, 30% read) - ulid ===
Creating initial dataset (100000 records)...
Overall throughput: 15928.64 ops/sec
Buffer hit ratio: 100.00%

Cleaning up container...
Container stopped and removed
done
  Run 2/5... Starting fresh MongoDB container...
Waiting for MongoDB to initialize...
Container ready

=== Mixed Workload: Insert-Heavy (70% insert, 30% read) - ulid ===
Creating initial dataset (100000 records)...
Overall throughput: 15657.34 ops/sec
Buffer hit ratio: 100.00%

Cleaning up container...
Container stopped and removed
done
  Run 3/5... Starting fresh MongoDB container...
Waiting for MongoDB to initialize...
Container ready

=== Mixed Workload: Insert-Heavy (70% insert, 30% read) - ulid ===
Creating initial dataset (100000 records)...
Overall throughput: 15775.66 ops/sec
Buffer hit ratio: 100.00%

Cleaning up container...
Container stopped and removed
done
  Run 4/5... Starting fresh MongoDB container...
Waiting for MongoDB to initialize...
Container ready

=== Mixed Workload: Insert-Heavy (70% insert, 30% read) - ulid ===
Creating initial dataset (100000 records)...
Overall throughput: 16174.20 ops/sec
Buffer hit ratio: 100.00%

Cleaning up container...
Container stopped and removed
done
  Run 5/5... Starting fresh MongoDB container...
Waiting for MongoDB to initialize...
Container ready

=== Mixed Workload: Insert-Heavy (70% insert, 30% read) - ulid ===
Creating initial dataset (100000 records)...
Overall throughput: 16011.61 ops/sec
Buffer hit ratio: 100.00%

Cleaning up container...
Container stopped and removed
done

Testing ULID_MONOTONIC (5 runs)
----------------------------------------------------------------------
  Run 1/5... Starting fresh MongoDB container...
Waiting for MongoDB to initialize...
Container ready

=== Mixed Workload: Insert-Heavy (70% insert, 30% read) - ulid_monotonic ===
Creating initial dataset (100000 records)...
Overall throughput: 15984.21 ops/sec
Buffer hit ratio: 100.00%

Cleaning up container...
Container stopped and removed
done
  Run 2/5... Starting fresh MongoDB container...
Waiting for MongoDB to initialize...
Container ready

=== Mixed Workload: Insert-Heavy (70% insert, 30% read) - ulid_monotonic ===
Creating initial dataset (100000 records)...
Overall throughput: 15878.43 ops/sec
Buffer hit ratio: 100.00%

Cleaning up container...
Container stopped and removed
done
  Run 3/5... Starting fresh MongoDB container...
Waiting for MongoDB to initialize...
Container ready

=== Mixed Workload: Insert-Heavy (70% insert, 30% read) - ulid_monotonic ===
Creating initial dataset (100000 records)...
Overall throughput: 16023.11 ops/sec
Buffer hit ratio: 100.00%

Cleaning up container...
Container stopped and removed
done
  Run 4/5... Starting fresh MongoDB container...
Waiting for MongoDB to initialize...
Container ready

=== Mixed Workload: Insert-Heavy (70% insert, 30% read) - ulid_monotonic ===
Creating initial dataset (100000 records)...
Overall throughput: 16120.63 ops/sec
Buffer hit ratio: 100.00%

Cleaning up container...
Container stopped and removed
done
  Run 5/5... Starting fresh MongoDB container...
Waiting for MongoDB to initialize...
Container ready

=== Mixed Workload: Insert-Heavy (70% insert, 30% read) - ulid_monotonic ===
Creating initial dataset (100000 records)...
Overall throughput: 15679.75 ops/sec
Buffer hit ratio: 100.00%

Cleaning up container...
Container stopped and removed
done

Testing UUIDV1 (5 runs)
----------------------------------------------------------------------
  Run 1/5... Starting fresh MongoDB container...
Waiting for MongoDB to initialize...
Container ready

=== Mixed Workload: Insert-Heavy (70% insert, 30% read) - uuidv1 ===
Creating initial dataset (100000 records)...
Overall throughput: 16237.60 ops/sec
Buffer hit ratio: 100.00%

Cleaning up container...
Container stopped and removed
done
  Run 2/5... Starting fresh MongoDB container...
Waiting for MongoDB to initialize...
Container ready

=== Mixed Workload: Insert-Heavy (70% insert, 30% read) - uuidv1 ===
Creating initial dataset (100000 records)...
Overall throughput: 15697.51 ops/sec
Buffer hit ratio: 100.00%

Cleaning up container...
Container stopped and removed
done
  Run 3/5... Starting fresh MongoDB container...
Waiting for MongoDB to initialize...
Container ready

=== Mixed Workload: Insert-Heavy (70% insert, 30% read) - uuidv1 ===
Creating initial dataset (100000 records)...
Overall throughput: 16425.02 ops/sec
Buffer hit ratio: 100.00%

Cleaning up container...
Container stopped and removed
done
  Run 4/5... Starting fresh MongoDB container...
Waiting for MongoDB to initialize...
Container ready

=== Mixed Workload: Insert-Heavy (70% insert, 30% read) - uuidv1 ===
Creating initial dataset (100000 records)...
Overall throughput: 15988.31 ops/sec
Buffer hit ratio: 100.00%

Cleaning up container...
Container stopped and removed
done
  Run 5/5... Starting fresh MongoDB container...
Waiting for MongoDB to initialize...
Container ready

=== Mixed Workload: Insert-Heavy (70% insert, 30% read) - uuidv1 ===
Creating initial dataset (100000 records)...
Overall throughput: 15880.76 ops/sec
Buffer hit ratio: 100.00%

Cleaning up container...
Container stopped and removed
done

Testing OBJECTID (5 runs)
----------------------------------------------------------------------
  Run 1/5... Starting fresh MongoDB container...
Waiting for MongoDB to initialize...
Container ready

=== Mixed Workload: Insert-Heavy (70% insert, 30% read) - objectid ===
Creating initial dataset (100000 records)...
Overall throughput: 16537.10 ops/sec
Buffer hit ratio: 100.00%

Cleaning up container...
Container stopped and removed
done
  Run 2/5... Starting fresh MongoDB container...
Waiting for MongoDB to initialize...
Container ready

=== Mixed Workload: Insert-Heavy (70% insert, 30% read) - objectid ===
Creating initial dataset (100000 records)...
Overall throughput: 16090.98 ops/sec
Buffer hit ratio: 100.00%

Cleaning up container...
Container stopped and removed
done
  Run 3/5... Starting fresh MongoDB container...
Waiting for MongoDB to initialize...
Container ready

=== Mixed Workload: Insert-Heavy (70% insert, 30% read) - objectid ===
Creating initial dataset (100000 records)...
Overall throughput: 16086.67 ops/sec
Buffer hit ratio: 100.00%

Cleaning up container...
Container stopped and removed
done
  Run 4/5... Starting fresh MongoDB container...
Waiting for MongoDB to initialize...
Container ready

=== Mixed Workload: Insert-Heavy (70% insert, 30% read) - objectid ===
Creating initial dataset (100000 records)...
Overall throughput: 16305.63 ops/sec
Buffer hit ratio: 100.00%

Cleaning up container...
Container stopped and removed
done
  Run 5/5... Starting fresh MongoDB container...
Waiting for MongoDB to initialize...
Container ready

=== Mixed Workload: Insert-Heavy (70% insert, 30% read) - objectid ===
Creating initial dataset (100000 records)...
Overall throughput: 16213.97 ops/sec
Buffer hit ratio: 100.00%

Cleaning up container...
Container stopped and removed
done

====================================================================================================
Mixed Insert-Heavy (70% insert, 30% read) - Statistical Summary (5 runs per UUID type)
====================================================================================================

Overall Throughput (ops/sec)
┌────────────────┬──────────┬──────────┬──────────┬──────────┬──────────┬─────────┐
│ Key Type       │ Median   │ Mean     │ StdDev   │ Min      │ Max      │ CV %    │
├────────────────┼──────────┼──────────┼──────────┼──────────┼──────────┼─────────┤
│ SEQUENTIAL     │    12449 │    12545 │      306 │    12185 │    12986 │     2.4 │
│ UUIDV4         │    15369 │    15340 │      300 │    15035 │    15749 │     2.0 │
│ UUIDV7         │    16063 │    15996 │      294 │    15548 │    16319 │     1.8 │
│ ULID           │    15929 │    15909 │      201 │    15657 │    16174 │     1.3 │
│ ULID_MONOTONIC │    15984 │    15937 │      168 │    15680 │    16121 │     1.1 │
│ UUIDV1         │    15988 │    16046 │      288 │    15698 │    16425 │     1.8 │
│ OBJECTID       │    16214 │    16247 │      186 │    16087 │    16537 │     1.1 │
└────────────────┴──────────┴──────────┴──────────┴──────────┴──────────┴─────────┘

Statistical Comparisons (vs SEQUENTIAL):
┌──────────────────────────────┬─────────────┬──────────┬───────────┬───────────────┐
│ Comparison                   │ Median Diff │ p-value  │ Overlap?  │ Significant?  │
├──────────────────────────────┼─────────────┼──────────┼───────────┼───────────────┤
│ SEQUENTIAL vs UUIDV4         │      +23.5% │   0.0090 │ No        │ No overlap    │
│ SEQUENTIAL vs UUIDV7         │      +29.0% │   0.0090 │ No        │ No overlap    │
│ SEQUENTIAL vs ULID           │      +27.9% │   0.0090 │ No        │ No overlap    │
│ SEQUENTIAL vs ULID_MONOTONIC │      +28.4% │   0.0090 │ No        │ No overlap    │
│ SEQUENTIAL vs UUIDV1         │      +28.4% │   0.0090 │ No        │ No overlap    │
│ SEQUENTIAL vs OBJECTID       │      +30.2% │   0.0090 │ No        │ No overlap    │
└──────────────────────────────┴─────────────┴──────────┴───────────┴───────────────┘

Fragmentation (%)
┌────────────────┬──────────┬──────────┬──────────┬──────────┬──────────┬─────────┐
│ Key Type       │ Median   │ Mean     │ StdDev   │ Min      │ Max      │ CV %    │
├────────────────┼──────────┼──────────┼──────────┼──────────┼──────────┼─────────┤
│ SEQUENTIAL     │     0.00 │     0.00 │     0.00 │     0.00 │     0.00 │     0.0 │
│ UUIDV4         │     0.00 │     0.00 │     0.00 │     0.00 │     0.00 │     0.0 │
│ UUIDV7         │     0.00 │     0.00 │     0.00 │     0.00 │     0.00 │     0.0 │
│ ULID           │     0.00 │     0.00 │     0.00 │     0.00 │     0.00 │     0.0 │
│ ULID_MONOTONIC │     0.00 │     0.00 │     0.00 │     0.00 │     0.00 │     0.0 │
│ UUIDV1         │     0.00 │     0.00 │     0.00 │     0.00 │     0.00 │     0.0 │
│ OBJECTID       │     0.00 │     0.00 │     0.00 │     0.00 │     0.00 │     0.0 │
└────────────────┴──────────┴──────────┴──────────┴──────────┴──────────┴─────────┘

Statistical Comparisons (vs SEQUENTIAL):
┌──────────────────────────────┬─────────────┬──────────┬───────────┬───────────────┐
│ Comparison                   │ Median Diff │ p-value  │ Overlap?  │ Significant?  │
├──────────────────────────────┼─────────────┼──────────┼───────────┼───────────────┤
│ SEQUENTIAL vs UUIDV4         │       +0.0% │   1.0000 │ Yes       │ n.s.          │
│ SEQUENTIAL vs UUIDV7         │       +0.0% │   1.0000 │ Yes       │ n.s.          │
│ SEQUENTIAL vs ULID           │       +0.0% │   1.0000 │ Yes       │ n.s.          │
│ SEQUENTIAL vs ULID_MONOTONIC │       +0.0% │   1.0000 │ Yes       │ n.s.          │
│ SEQUENTIAL vs UUIDV1         │       +0.0% │   1.0000 │ Yes       │ n.s.          │
│ SEQUENTIAL vs OBJECTID       │       +0.0% │   1.0000 │ Yes       │ n.s.          │
└──────────────────────────────┴─────────────┴──────────┴───────────┴───────────────┘

Cache Hit Ratio
┌────────────────┬──────────┬──────────┬──────────┬──────────┬──────────┬─────────┐
│ Key Type       │ Median   │ Mean     │ StdDev   │ Min      │ Max      │ CV %    │
├────────────────┼──────────┼──────────┼──────────┼──────────┼──────────┼─────────┤
│ SEQUENTIAL     │   1.0000 │   1.0000 │   0.0000 │   1.0000 │   1.0000 │     0.0 │
│ UUIDV4         │   1.0000 │   1.0000 │   0.0000 │   1.0000 │   1.0000 │     0.0 │
│ UUIDV7         │   1.0000 │   1.0000 │   0.0000 │   1.0000 │   1.0000 │     0.0 │
│ ULID           │   1.0000 │   1.0000 │   0.0000 │   1.0000 │   1.0000 │     0.0 │
│ ULID_MONOTONIC │   1.0000 │   1.0000 │   0.0000 │   1.0000 │   1.0000 │     0.0 │
│ UUIDV1         │   1.0000 │   1.0000 │   0.0000 │   1.0000 │   1.0000 │     0.0 │
│ OBJECTID       │   1.0000 │   1.0000 │   0.0000 │   1.0000 │   1.0000 │     0.0 │
└────────────────┴──────────┴──────────┴──────────┴──────────┴──────────┴─────────┘

Statistical Comparisons (vs SEQUENTIAL):
┌──────────────────────────────┬─────────────┬──────────┬───────────┬───────────────┐
│ Comparison                   │ Median Diff │ p-value  │ Overlap?  │ Significant?  │
├──────────────────────────────┼─────────────┼──────────┼───────────┼───────────────┤
│ SEQUENTIAL vs UUIDV4         │       +0.0% │   0.0090 │ No        │ No overlap    │
│ SEQUENTIAL vs UUIDV7         │       +0.0% │   0.0090 │ No        │ No overlap    │
│ SEQUENTIAL vs ULID           │       +0.0% │   0.0090 │ No        │ No overlap    │
│ SEQUENTIAL vs ULID_MONOTONIC │       +0.0% │   0.0090 │ No        │ No overlap    │
│ SEQUENTIAL vs UUIDV1         │       +0.0% │   0.0090 │ No        │ No overlap    │
│ SEQUENTIAL vs OBJECTID       │       +0.0% │   0.0122 │ Yes       │ * (p<0.05)    │
└──────────────────────────────┴─────────────┴──────────┴───────────┴───────────────┘

Index Hit Ratio
┌────────────────┬──────────┬──────────┬──────────┬──────────┬──────────┬─────────┐
│ Key Type       │ Median   │ Mean     │ StdDev   │ Min      │ Max      │ CV %    │
├────────────────┼──────────┼──────────┼──────────┼──────────┼──────────┼─────────┤
│ SEQUENTIAL     │   1.0000 │   1.0000 │   0.0000 │   1.0000 │   1.0000 │     0.0 │
│ UUIDV4         │   1.0000 │   1.0000 │   0.0000 │   1.0000 │   1.0000 │     0.0 │
│ UUIDV7         │   1.0000 │   1.0000 │   0.0000 │   1.0000 │   1.0000 │     0.0 │
│ ULID           │   1.0000 │   1.0000 │   0.0000 │   1.0000 │   1.0000 │     0.0 │
│ ULID_MONOTONIC │   1.0000 │   1.0000 │   0.0000 │   1.0000 │   1.0000 │     0.0 │
│ UUIDV1         │   1.0000 │   1.0000 │   0.0000 │   1.0000 │   1.0000 │     0.0 │
│ OBJECTID       │   1.0000 │   1.0000 │   0.0000 │   1.0000 │   1.0000 │     0.0 │
└────────────────┴──────────┴──────────┴──────────┴──────────┴──────────┴─────────┘

Statistical Comparisons (vs SEQUENTIAL):
┌──────────────────────────────┬─────────────┬──────────┬───────────┬───────────────┐
│ Comparison                   │ Median Diff │ p-value  │ Overlap?  │ Significant?  │
├──────────────────────────────┼─────────────┼──────────┼───────────┼───────────────┤
│ SEQUENTIAL vs UUIDV4         │       +0.0% │   0.0090 │ No        │ No overlap    │
│ SEQUENTIAL vs UUIDV7         │       +0.0% │   0.0090 │ No        │ No overlap    │
│ SEQUENTIAL vs ULID           │       +0.0% │   0.0090 │ No        │ No overlap    │
│ SEQUENTIAL vs ULID_MONOTONIC │       +0.0% │   0.0090 │ No        │ No overlap    │
│ SEQUENTIAL vs UUIDV1         │       +0.0% │   0.0090 │ No        │ No overlap    │
│ SEQUENTIAL vs OBJECTID       │       +0.0% │   0.0122 │ Yes       │ * (p<0.05)    │
└──────────────────────────────┴─────────────┴──────────┴───────────┴───────────────┘

Table Size (MB)
┌────────────────┬──────────┬──────────┬──────────┬──────────┬──────────┬─────────┐
│ Key Type       │ Median   │ Mean     │ StdDev   │ Min      │ Max      │ CV %    │
├────────────────┼──────────┼──────────┼──────────┼──────────┼──────────┼─────────┤
│ SEQUENTIAL     │     14.8 │     14.8 │      0.0 │     14.7 │     14.8 │     0.1 │
│ UUIDV4         │     25.7 │     25.7 │      0.0 │     25.6 │     25.7 │     0.1 │
│ UUIDV7         │     25.6 │     25.6 │      0.0 │     25.6 │     25.7 │     0.1 │
│ ULID           │     25.6 │     25.6 │      0.0 │     25.6 │     25.7 │     0.1 │
│ ULID_MONOTONIC │     25.6 │     25.6 │      0.0 │     25.6 │     25.7 │     0.1 │
│ UUIDV1         │     25.6 │     25.6 │      0.0 │     25.6 │     25.7 │     0.1 │
│ OBJECTID       │     25.4 │     25.4 │      0.0 │     25.4 │     25.4 │     0.1 │
└────────────────┴──────────┴──────────┴──────────┴──────────┴──────────┴─────────┘

Statistical Comparisons (vs SEQUENTIAL):
┌──────────────────────────────┬─────────────┬──────────┬───────────┬───────────────┐
│ Comparison                   │ Median Diff │ p-value  │ Overlap?  │ Significant?  │
├──────────────────────────────┼─────────────┼──────────┼───────────┼───────────────┤
│ SEQUENTIAL vs UUIDV4         │      +74.0% │   0.0090 │ No        │ No overlap    │
│ SEQUENTIAL vs UUIDV7         │      +73.7% │   0.0090 │ No        │ No overlap    │
│ SEQUENTIAL vs ULID           │      +73.7% │   0.0090 │ No        │ No overlap    │
│ SEQUENTIAL vs ULID_MONOTONIC │      +73.8% │   0.0090 │ No        │ No overlap    │
│ SEQUENTIAL vs UUIDV1         │      +73.7% │   0.0090 │ No        │ No overlap    │
│ SEQUENTIAL vs OBJECTID       │      +72.1% │   0.0090 │ No        │ No overlap    │
└──────────────────────────────┴─────────────┴──────────┴───────────┴───────────────┘

Index Size (MB)
┌────────────────┬──────────┬──────────┬──────────┬──────────┬──────────┬─────────┐
│ Key Type       │ Median   │ Mean     │ StdDev   │ Min      │ Max      │ CV %    │
├────────────────┼──────────┼──────────┼──────────┼──────────┼──────────┼─────────┤
│ SEQUENTIAL     │      1.6 │      1.6 │      0.0 │      1.6 │      1.6 │     0.1 │
│ UUIDV4         │      6.3 │      6.2 │      0.2 │      6.0 │      6.5 │     3.2 │
│ UUIDV7         │      4.6 │      4.6 │      0.0 │      4.6 │      4.6 │     0.1 │
│ ULID           │      4.6 │      4.6 │      0.0 │      4.6 │      4.6 │     0.1 │
│ ULID_MONOTONIC │      4.5 │      4.5 │      0.0 │      4.5 │      4.5 │     0.1 │
│ UUIDV1         │      5.5 │      5.5 │      0.0 │      5.5 │      5.5 │     0.1 │
│ OBJECTID       │      2.3 │      2.3 │      0.0 │      2.3 │      2.3 │     0.3 │
└────────────────┴──────────┴──────────┴──────────┴──────────┴──────────┴─────────┘

Statistical Comparisons (vs SEQUENTIAL):
┌──────────────────────────────┬─────────────┬──────────┬───────────┬───────────────┐
│ Comparison                   │ Median Diff │ p-value  │ Overlap?  │ Significant?  │
├──────────────────────────────┼─────────────┼──────────┼───────────┼───────────────┤
│ SEQUENTIAL vs UUIDV4         │     +287.9% │   0.0090 │ No        │ No overlap    │
│ SEQUENTIAL vs UUIDV7         │     +183.8% │   0.0090 │ No        │ No overlap    │
│ SEQUENTIAL vs ULID           │     +184.8% │   0.0090 │ No        │ No overlap    │
│ SEQUENTIAL vs ULID_MONOTONIC │     +176.1% │   0.0090 │ No        │ No overlap    │
│ SEQUENTIAL vs UUIDV1         │     +240.6% │   0.0090 │ No        │ No overlap    │
│ SEQUENTIAL vs OBJECTID       │      +42.5% │   0.0090 │ No        │ No overlap    │
└──────────────────────────────┴─────────────┴──────────┴───────────┴───────────────┘

Latency P50 (µs)
┌────────────────┬──────────┬──────────┬──────────┬──────────┬──────────┬─────────┐
│ Key Type       │ Median   │ Mean     │ StdDev   │ Min      │ Max      │ CV %    │
├────────────────┼──────────┼──────────┼──────────┼──────────┼──────────┼─────────┤
│ SEQUENTIAL     │       78 │       78 │        1 │       76 │       79 │     1.5 │
│ UUIDV4         │       59 │       59 │        1 │       57 │       60 │     2.2 │
│ UUIDV7         │       56 │       56 │        1 │       55 │       58 │     1.9 │
│ ULID           │       57 │       57 │        1 │       56 │       57 │     1.0 │
│ ULID_MONOTONIC │       56 │       56 │        0 │       56 │       57 │     0.8 │
│ UUIDV1         │       56 │       56 │        1 │       55 │       57 │     1.5 │
│ OBJECTID       │       56 │       56 │        0 │       55 │       56 │     0.8 │
└────────────────┴──────────┴──────────┴──────────┴──────────┴──────────┴─────────┘

Statistical Comparisons (vs SEQUENTIAL):
┌──────────────────────────────┬─────────────┬──────────┬───────────┬───────────────┐
│ Comparison                   │ Median Diff │ p-value  │ Overlap?  │ Significant?  │
├──────────────────────────────┼─────────────┼──────────┼───────────┼───────────────┤
│ SEQUENTIAL vs UUIDV4         │      -24.4% │   0.0090 │ No        │ No overlap    │
│ SEQUENTIAL vs UUIDV7         │      -28.2% │   0.0090 │ No        │ No overlap    │
│ SEQUENTIAL vs ULID           │      -26.9% │   0.0090 │ No        │ No overlap    │
│ SEQUENTIAL vs ULID_MONOTONIC │      -28.2% │   0.0090 │ No        │ No overlap    │
│ SEQUENTIAL vs UUIDV1         │      -28.2% │   0.0090 │ No        │ No overlap    │
│ SEQUENTIAL vs OBJECTID       │      -28.2% │   0.0090 │ No        │ No overlap    │
└──────────────────────────────┴─────────────┴──────────┴───────────┴───────────────┘

Latency P95 (µs)
┌────────────────┬──────────┬──────────┬──────────┬──────────┬──────────┬─────────┐
│ Key Type       │ Median   │ Mean     │ StdDev   │ Min      │ Max      │ CV %    │
├────────────────┼──────────┼──────────┼──────────┼──────────┼──────────┼─────────┤
│ SEQUENTIAL     │      117 │      117 │        2 │      114 │      120 │     1.9 │
│ UUIDV4         │       92 │       92 │        2 │       89 │       94 │     2.3 │
│ UUIDV7         │       88 │       89 │        2 │       87 │       91 │     1.9 │
│ ULID           │       89 │       89 │        1 │       88 │       90 │     0.9 │
│ ULID_MONOTONIC │       89 │       89 │        0 │       89 │       90 │     0.5 │
│ UUIDV1         │       89 │       89 │        2 │       87 │       91 │     1.9 │
│ OBJECTID       │       87 │       87 │        1 │       86 │       89 │     1.5 │
└────────────────┴──────────┴──────────┴──────────┴──────────┴──────────┴─────────┘

Statistical Comparisons (vs SEQUENTIAL):
┌──────────────────────────────┬─────────────┬──────────┬───────────┬───────────────┐
│ Comparison                   │ Median Diff │ p-value  │ Overlap?  │ Significant?  │
├──────────────────────────────┼─────────────┼──────────┼───────────┼───────────────┤
│ SEQUENTIAL vs UUIDV4         │      -21.4% │   0.0090 │ No        │ No overlap    │
│ SEQUENTIAL vs UUIDV7         │      -24.8% │   0.0090 │ No        │ No overlap    │
│ SEQUENTIAL vs ULID           │      -23.9% │   0.0090 │ No        │ No overlap    │
│ SEQUENTIAL vs ULID_MONOTONIC │      -23.9% │   0.0090 │ No        │ No overlap    │
│ SEQUENTIAL vs UUIDV1         │      -23.9% │   0.0090 │ No        │ No overlap    │
│ SEQUENTIAL vs OBJECTID       │      -25.6% │   0.0090 │ No        │ No overlap    │
└──────────────────────────────┴─────────────┴──────────┴───────────┴───────────────┘

Latency P99 (µs)
┌────────────────┬──────────┬──────────┬──────────┬──────────┬──────────┬─────────┐
│ Key Type       │ Median   │ Mean     │ StdDev   │ Min      │ Max      │ CV %    │
├────────────────┼──────────┼──────────┼──────────┼──────────┼──────────┼─────────┤
│ SEQUENTIAL     │      157 │      157 │        9 │      144 │      169 │     5.7 │
│ UUIDV4         │      139 │      139 │        4 │      135 │      146 │     3.0 │
│ UUIDV7         │      133 │      133 │        3 │      130 │      137 │     1.9 │
│ ULID           │      132 │      132 │        1 │      131 │      134 │     0.9 │
│ ULID_MONOTONIC │      133 │      133 │        0 │      133 │      134 │     0.3 │
│ UUIDV1         │      131 │      132 │        2 │      129 │      134 │     1.5 │
│ OBJECTID       │      117 │      117 │        1 │      116 │      119 │     1.0 │
└────────────────┴──────────┴──────────┴──────────┴──────────┴──────────┴─────────┘

Statistical Comparisons (vs SEQUENTIAL):
┌──────────────────────────────┬─────────────┬──────────┬───────────┬───────────────┐
│ Comparison                   │ Median Diff │ p-value  │ Overlap?  │ Significant?  │
├──────────────────────────────┼─────────────┼──────────┼───────────┼───────────────┤
│ SEQUENTIAL vs UUIDV4         │      -11.5% │   0.0163 │ Yes       │ * (p<0.05)    │
│ SEQUENTIAL vs UUIDV7         │      -15.3% │   0.0090 │ No        │ No overlap    │
│ SEQUENTIAL vs ULID           │      -15.9% │   0.0090 │ No        │ No overlap    │
│ SEQUENTIAL vs ULID_MONOTONIC │      -15.3% │   0.0090 │ No        │ No overlap    │
│ SEQUENTIAL vs UUIDV1         │      -16.6% │   0.0090 │ No        │ No overlap    │
│ SEQUENTIAL vs OBJECTID       │      -25.5% │   0.0090 │ No        │ No overlap    │
└──────────────────────────────┴─────────────┴──────────┴───────────┴───────────────┘

Read IOPS
┌────────────────┬──────────┬──────────┬──────────┬──────────┬──────────┬─────────┐
│ Key Type       │ Median   │ Mean     │ StdDev   │ Min      │ Max      │ CV %    │
├────────────────┼──────────┼──────────┼──────────┼──────────┼──────────┼─────────┤
│ SEQUENTIAL     │        0 │        0 │        0 │        0 │        0 │   223.6 │
│ UUIDV4         │        0 │        0 │        0 │        0 │        0 │     0.0 │
│ UUIDV7         │        0 │        0 │        0 │        0 │        0 │     0.0 │
│ ULID           │        0 │        0 │        0 │        0 │        0 │     0.0 │
│ ULID_MONOTONIC │        0 │        0 │        0 │        0 │        0 │     0.0 │
│ UUIDV1         │        0 │        0 │        0 │        0 │        0 │     0.0 │
│ OBJECTID       │        0 │        0 │        0 │        0 │        0 │     0.0 │
└────────────────┴──────────┴──────────┴──────────┴──────────┴──────────┴─────────┘

Statistical Comparisons (vs SEQUENTIAL):
┌──────────────────────────────┬─────────────┬──────────┬───────────┬───────────────┐
│ Comparison                   │ Median Diff │ p-value  │ Overlap?  │ Significant?  │
├──────────────────────────────┼─────────────┼──────────┼───────────┼───────────────┤
│ SEQUENTIAL vs UUIDV4         │       +0.0% │   0.6015 │ Yes       │ n.s.          │
│ SEQUENTIAL vs UUIDV7         │       +0.0% │   0.6015 │ Yes       │ n.s.          │
│ SEQUENTIAL vs ULID           │       +0.0% │   0.6015 │ Yes       │ n.s.          │
│ SEQUENTIAL vs ULID_MONOTONIC │       +0.0% │   0.6015 │ Yes       │ n.s.          │
│ SEQUENTIAL vs UUIDV1         │       +0.0% │   0.6015 │ Yes       │ n.s.          │
│ SEQUENTIAL vs OBJECTID       │       +0.0% │   0.6015 │ Yes       │ n.s.          │
└──────────────────────────────┴─────────────┴──────────┴───────────┴───────────────┘

Write IOPS
┌────────────────┬──────────┬──────────┬──────────┬──────────┬──────────┬─────────┐
│ Key Type       │ Median   │ Mean     │ StdDev   │ Min      │ Max      │ CV %    │
├────────────────┼──────────┼──────────┼──────────┼──────────┼──────────┼─────────┤
│ SEQUENTIAL     │       26 │       26 │        0 │       26 │       27 │     1.9 │
│ UUIDV4         │      104 │      104 │        1 │      103 │      106 │     1.2 │
│ UUIDV7         │      107 │      107 │        2 │      105 │      109 │     1.6 │
│ ULID           │      107 │      107 │        1 │      106 │      109 │     1.1 │
│ ULID_MONOTONIC │      107 │      107 │        1 │      105 │      108 │     1.2 │
│ UUIDV1         │      106 │      107 │        1 │      105 │      109 │     1.2 │
│ OBJECTID       │      108 │      109 │        1 │      107 │      110 │     0.9 │
└────────────────┴──────────┴──────────┴──────────┴──────────┴──────────┴─────────┘

Statistical Comparisons (vs SEQUENTIAL):
┌──────────────────────────────┬─────────────┬──────────┬───────────┬───────────────┐
│ Comparison                   │ Median Diff │ p-value  │ Overlap?  │ Significant?  │
├──────────────────────────────┼─────────────┼──────────┼───────────┼───────────────┤
│ SEQUENTIAL vs UUIDV4         │     +300.4% │   0.0090 │ No        │ No overlap    │
│ SEQUENTIAL vs UUIDV7         │     +312.5% │   0.0090 │ No        │ No overlap    │
│ SEQUENTIAL vs ULID           │     +311.4% │   0.0090 │ No        │ No overlap    │
│ SEQUENTIAL vs ULID_MONOTONIC │     +312.7% │   0.0090 │ No        │ No overlap    │
│ SEQUENTIAL vs UUIDV1         │     +308.6% │   0.0090 │ No        │ No overlap    │
│ SEQUENTIAL vs OBJECTID       │     +316.8% │   0.0090 │ No        │ No overlap    │
└──────────────────────────────┴─────────────┴──────────┴───────────┴───────────────┘

Read Throughput (MB/s)
┌────────────────┬──────────┬──────────┬──────────┬──────────┬──────────┬─────────┐
│ Key Type       │ Median   │ Mean     │ StdDev   │ Min      │ Max      │ CV %    │
├────────────────┼──────────┼──────────┼──────────┼──────────┼──────────┼─────────┤
│ SEQUENTIAL     │      0.0 │      0.0 │      0.0 │      0.0 │      0.0 │   223.6 │
│ UUIDV4         │      0.0 │      0.0 │      0.0 │      0.0 │      0.0 │     0.0 │
│ UUIDV7         │      0.0 │      0.0 │      0.0 │      0.0 │      0.0 │     0.0 │
│ ULID           │      0.0 │      0.0 │      0.0 │      0.0 │      0.0 │     0.0 │
│ ULID_MONOTONIC │      0.0 │      0.0 │      0.0 │      0.0 │      0.0 │     0.0 │
│ UUIDV1         │      0.0 │      0.0 │      0.0 │      0.0 │      0.0 │     0.0 │
│ OBJECTID       │      0.0 │      0.0 │      0.0 │      0.0 │      0.0 │     0.0 │
└────────────────┴──────────┴──────────┴──────────┴──────────┴──────────┴─────────┘

Statistical Comparisons (vs SEQUENTIAL):
┌──────────────────────────────┬─────────────┬──────────┬───────────┬───────────────┐
│ Comparison                   │ Median Diff │ p-value  │ Overlap?  │ Significant?  │
├──────────────────────────────┼─────────────┼──────────┼───────────┼───────────────┤
│ SEQUENTIAL vs UUIDV4         │       +0.0% │   0.6015 │ Yes       │ n.s.          │
│ SEQUENTIAL vs UUIDV7         │       +0.0% │   0.6015 │ Yes       │ n.s.          │
│ SEQUENTIAL vs ULID           │       +0.0% │   0.6015 │ Yes       │ n.s.          │
│ SEQUENTIAL vs ULID_MONOTONIC │       +0.0% │   0.6015 │ Yes       │ n.s.          │
│ SEQUENTIAL vs UUIDV1         │       +0.0% │   0.6015 │ Yes       │ n.s.          │
│ SEQUENTIAL vs OBJECTID       │       +0.0% │   0.6015 │ Yes       │ n.s.          │
└──────────────────────────────┴─────────────┴──────────┴───────────┴───────────────┘

Write Throughput (MB/s)
┌────────────────┬──────────┬──────────┬──────────┬──────────┬──────────┬─────────┐
│ Key Type       │ Median   │ Mean     │ StdDev   │ Min      │ Max      │ CV %    │
├────────────────┼──────────┼──────────┼──────────┼──────────┼──────────┼─────────┤
│ SEQUENTIAL     │      3.0 │      3.1 │      0.1 │      3.0 │      3.2 │     2.2 │
│ UUIDV4         │     11.9 │     11.8 │      0.2 │     11.6 │     12.1 │     1.7 │
│ UUIDV7         │     12.4 │     12.3 │      0.2 │     12.0 │     12.5 │     1.7 │
│ ULID           │     12.3 │     12.3 │      0.2 │     12.1 │     12.5 │     1.2 │
│ ULID_MONOTONIC │     12.3 │     12.2 │      0.1 │     12.0 │     12.4 │     1.1 │
│ UUIDV1         │     12.2 │     12.2 │      0.2 │     12.0 │     12.5 │     1.6 │
│ OBJECTID       │     12.4 │     12.5 │      0.1 │     12.3 │     12.6 │     1.0 │
└────────────────┴──────────┴──────────┴──────────┴──────────┴──────────┴─────────┘

Statistical Comparisons (vs SEQUENTIAL):
┌──────────────────────────────┬─────────────┬──────────┬───────────┬───────────────┐
│ Comparison                   │ Median Diff │ p-value  │ Overlap?  │ Significant?  │
├──────────────────────────────┼─────────────┼──────────┼───────────┼───────────────┤
│ SEQUENTIAL vs UUIDV4         │     +290.3% │   0.0090 │ No        │ No overlap    │
│ SEQUENTIAL vs UUIDV7         │     +306.5% │   0.0090 │ No        │ No overlap    │
│ SEQUENTIAL vs ULID           │     +303.2% │   0.0090 │ No        │ No overlap    │
│ SEQUENTIAL vs ULID_MONOTONIC │     +303.2% │   0.0090 │ No        │ No overlap    │
│ SEQUENTIAL vs UUIDV1         │     +300.8% │   0.0090 │ No        │ No overlap    │
│ SEQUENTIAL vs OBJECTID       │     +308.2% │   0.0090 │ No        │ No overlap    │
└──────────────────────────────┴─────────────┴──────────┴───────────┴───────────────┘

[5/5] MIXED READ-UPDATE (YCSB-A)
====================================================================================================

Testing SEQUENTIAL (5 runs)
----------------------------------------------------------------------
  Run 1/5... Starting fresh MongoDB container...
Waiting for MongoDB to initialize...
Container ready

=== Mixed Workload: YCSB-A (50% read, 50% update) - sequential ===
Creating initial dataset (500000 records)...
Overall throughput: 13548.24 ops/sec
Buffer hit ratio: 100.00%

Cleaning up container...
Container stopped and removed
done
  Run 2/5... Starting fresh MongoDB container...
Waiting for MongoDB to initialize...
Container ready

=== Mixed Workload: YCSB-A (50% read, 50% update) - sequential ===
Creating initial dataset (500000 records)...
Overall throughput: 13782.08 ops/sec
Buffer hit ratio: 100.00%

Cleaning up container...
Container stopped and removed
done
  Run 3/5... Starting fresh MongoDB container...
Waiting for MongoDB to initialize...
Container ready

=== Mixed Workload: YCSB-A (50% read, 50% update) - sequential ===
Creating initial dataset (500000 records)...
Overall throughput: 13770.11 ops/sec
Buffer hit ratio: 100.00%

Cleaning up container...
Container stopped and removed
done
  Run 4/5... Starting fresh MongoDB container...
Waiting for MongoDB to initialize...
Container ready

=== Mixed Workload: YCSB-A (50% read, 50% update) - sequential ===
Creating initial dataset (500000 records)...
Overall throughput: 13736.79 ops/sec
Buffer hit ratio: 100.00%

Cleaning up container...
Container stopped and removed
done
  Run 5/5... Starting fresh MongoDB container...
Waiting for MongoDB to initialize...
Container ready

=== Mixed Workload: YCSB-A (50% read, 50% update) - sequential ===
Creating initial dataset (500000 records)...
Overall throughput: 13758.47 ops/sec
Buffer hit ratio: 100.00%

Cleaning up container...
Container stopped and removed
done

Testing UUIDV4 (5 runs)
----------------------------------------------------------------------
  Run 1/5... Starting fresh MongoDB container...
Waiting for MongoDB to initialize...
Container ready

=== Mixed Workload: YCSB-A (50% read, 50% update) - uuidv4 ===
Creating initial dataset (500000 records)...
Overall throughput: 13307.72 ops/sec
Buffer hit ratio: 99.95%

Cleaning up container...
Container stopped and removed
done
  Run 2/5... Starting fresh MongoDB container...
Waiting for MongoDB to initialize...
Container ready

=== Mixed Workload: YCSB-A (50% read, 50% update) - uuidv4 ===
Creating initial dataset (500000 records)...
Overall throughput: 13334.42 ops/sec
Buffer hit ratio: 99.96%

Cleaning up container...
Container stopped and removed
done
  Run 3/5... Starting fresh MongoDB container...
Waiting for MongoDB to initialize...
Container ready

=== Mixed Workload: YCSB-A (50% read, 50% update) - uuidv4 ===
Creating initial dataset (500000 records)...
Overall throughput: 13414.69 ops/sec
Buffer hit ratio: 99.95%

Cleaning up container...
Container stopped and removed
done
  Run 4/5... Starting fresh MongoDB container...
Waiting for MongoDB to initialize...
Container ready

=== Mixed Workload: YCSB-A (50% read, 50% update) - uuidv4 ===
Creating initial dataset (500000 records)...
Overall throughput: 13265.37 ops/sec
Buffer hit ratio: 99.96%

Cleaning up container...
Container stopped and removed
done
  Run 5/5... Starting fresh MongoDB container...
Waiting for MongoDB to initialize...
Container ready

=== Mixed Workload: YCSB-A (50% read, 50% update) - uuidv4 ===
Creating initial dataset (500000 records)...
Overall throughput: 13325.41 ops/sec
Buffer hit ratio: 99.96%

Cleaning up container...
Container stopped and removed
done

Testing UUIDV7 (5 runs)
----------------------------------------------------------------------
  Run 1/5... Starting fresh MongoDB container...
Waiting for MongoDB to initialize...
Container ready

=== Mixed Workload: YCSB-A (50% read, 50% update) - uuidv7 ===
Creating initial dataset (500000 records)...
Overall throughput: 13594.56 ops/sec
Buffer hit ratio: 100.00%

Cleaning up container...
Container stopped and removed
done
  Run 2/5... Starting fresh MongoDB container...
Waiting for MongoDB to initialize...
Container ready

=== Mixed Workload: YCSB-A (50% read, 50% update) - uuidv7 ===
Creating initial dataset (500000 records)...
Overall throughput: 13339.60 ops/sec
Buffer hit ratio: 99.95%

Cleaning up container...
Container stopped and removed
done
  Run 3/5... Starting fresh MongoDB container...
Waiting for MongoDB to initialize...
Container ready

=== Mixed Workload: YCSB-A (50% read, 50% update) - uuidv7 ===
Creating initial dataset (500000 records)...
Overall throughput: 13435.78 ops/sec
Buffer hit ratio: 100.00%

Cleaning up container...
Container stopped and removed
done
  Run 4/5... Starting fresh MongoDB container...
Waiting for MongoDB to initialize...
Container ready

=== Mixed Workload: YCSB-A (50% read, 50% update) - uuidv7 ===
Creating initial dataset (500000 records)...
Overall throughput: 13334.82 ops/sec
Buffer hit ratio: 100.00%

Cleaning up container...
Container stopped and removed
done
  Run 5/5... Starting fresh MongoDB container...
Waiting for MongoDB to initialize...
Container ready

=== Mixed Workload: YCSB-A (50% read, 50% update) - uuidv7 ===
Creating initial dataset (500000 records)...
Overall throughput: 13508.04 ops/sec
Buffer hit ratio: 100.00%

Cleaning up container...
Container stopped and removed
done

Testing ULID (5 runs)
----------------------------------------------------------------------
  Run 1/5... Starting fresh MongoDB container...
Waiting for MongoDB to initialize...
Container ready

=== Mixed Workload: YCSB-A (50% read, 50% update) - ulid ===
Creating initial dataset (500000 records)...
Overall throughput: 13457.79 ops/sec
Buffer hit ratio: 100.00%

Cleaning up container...
Container stopped and removed
done
  Run 2/5... Starting fresh MongoDB container...
Waiting for MongoDB to initialize...
Container ready

=== Mixed Workload: YCSB-A (50% read, 50% update) - ulid ===
Creating initial dataset (500000 records)...
Overall throughput: 13360.53 ops/sec
Buffer hit ratio: 99.96%

Cleaning up container...
Container stopped and removed
done
  Run 3/5... Starting fresh MongoDB container...
Waiting for MongoDB to initialize...
Container ready

=== Mixed Workload: YCSB-A (50% read, 50% update) - ulid ===
Creating initial dataset (500000 records)...
Overall throughput: 13506.47 ops/sec
Buffer hit ratio: 99.95%

Cleaning up container...
Container stopped and removed
done
  Run 4/5... Starting fresh MongoDB container...
Waiting for MongoDB to initialize...
Container ready

=== Mixed Workload: YCSB-A (50% read, 50% update) - ulid ===
Creating initial dataset (500000 records)...
Overall throughput: 13536.16 ops/sec
Buffer hit ratio: 99.97%

Cleaning up container...
Container stopped and removed
done
  Run 5/5... Starting fresh MongoDB container...
Waiting for MongoDB to initialize...
Container ready

=== Mixed Workload: YCSB-A (50% read, 50% update) - ulid ===
Creating initial dataset (500000 records)...
Overall throughput: 13472.36 ops/sec
Buffer hit ratio: 100.00%

Cleaning up container...
Container stopped and removed
done

Testing ULID_MONOTONIC (5 runs)
----------------------------------------------------------------------
  Run 1/5... Starting fresh MongoDB container...
Waiting for MongoDB to initialize...
Container ready

=== Mixed Workload: YCSB-A (50% read, 50% update) - ulid_monotonic ===
Creating initial dataset (500000 records)...
Overall throughput: 13647.42 ops/sec
Buffer hit ratio: 100.00%

Cleaning up container...
Container stopped and removed
done
  Run 2/5... Starting fresh MongoDB container...
Waiting for MongoDB to initialize...
Container ready

=== Mixed Workload: YCSB-A (50% read, 50% update) - ulid_monotonic ===
Creating initial dataset (500000 records)...
Overall throughput: 13551.95 ops/sec
Buffer hit ratio: 100.00%

Cleaning up container...
Container stopped and removed
done
  Run 3/5... Starting fresh MongoDB container...
Waiting for MongoDB to initialize...
Container ready

=== Mixed Workload: YCSB-A (50% read, 50% update) - ulid_monotonic ===
Creating initial dataset (500000 records)...
Overall throughput: 13398.14 ops/sec
Buffer hit ratio: 100.00%

Cleaning up container...
Container stopped and removed
done
  Run 4/5... Starting fresh MongoDB container...
Waiting for MongoDB to initialize...
Container ready

=== Mixed Workload: YCSB-A (50% read, 50% update) - ulid_monotonic ===
Creating initial dataset (500000 records)...
Overall throughput: 13434.28 ops/sec
Buffer hit ratio: 100.00%

Cleaning up container...
Container stopped and removed
done
  Run 5/5... Starting fresh MongoDB container...
Waiting for MongoDB to initialize...
Container ready

=== Mixed Workload: YCSB-A (50% read, 50% update) - ulid_monotonic ===
Creating initial dataset (500000 records)...
Overall throughput: 13493.09 ops/sec
Buffer hit ratio: 100.00%

Cleaning up container...
Container stopped and removed
done

Testing UUIDV1 (5 runs)
----------------------------------------------------------------------
  Run 1/5... Starting fresh MongoDB container...
Waiting for MongoDB to initialize...
Container ready

=== Mixed Workload: YCSB-A (50% read, 50% update) - uuidv1 ===
Creating initial dataset (500000 records)...
Overall throughput: 13502.38 ops/sec
Buffer hit ratio: 100.00%

Cleaning up container...
Container stopped and removed
done
  Run 2/5... Starting fresh MongoDB container...
Waiting for MongoDB to initialize...
Container ready

=== Mixed Workload: YCSB-A (50% read, 50% update) - uuidv1 ===
Creating initial dataset (500000 records)...
Overall throughput: 13560.03 ops/sec
Buffer hit ratio: 100.00%

Cleaning up container...
Container stopped and removed
done
  Run 3/5... Starting fresh MongoDB container...
Waiting for MongoDB to initialize...
Container ready

=== Mixed Workload: YCSB-A (50% read, 50% update) - uuidv1 ===
Creating initial dataset (500000 records)...
Overall throughput: 13617.41 ops/sec
Buffer hit ratio: 99.96%

Cleaning up container...
Container stopped and removed
done
  Run 4/5... Starting fresh MongoDB container...
Waiting for MongoDB to initialize...
Container ready

=== Mixed Workload: YCSB-A (50% read, 50% update) - uuidv1 ===
Creating initial dataset (500000 records)...
Overall throughput: 13407.19 ops/sec
Buffer hit ratio: 100.00%

Cleaning up container...
Container stopped and removed
done
  Run 5/5... Starting fresh MongoDB container...
Waiting for MongoDB to initialize...
Container ready

=== Mixed Workload: YCSB-A (50% read, 50% update) - uuidv1 ===
Creating initial dataset (500000 records)...
Overall throughput: 13603.72 ops/sec
Buffer hit ratio: 100.00%

Cleaning up container...
Container stopped and removed
done

Testing OBJECTID (5 runs)
----------------------------------------------------------------------
  Run 1/5... Starting fresh MongoDB container...
Waiting for MongoDB to initialize...
Container ready

=== Mixed Workload: YCSB-A (50% read, 50% update) - objectid ===
Creating initial dataset (500000 records)...
Overall throughput: 13428.56 ops/sec
Buffer hit ratio: 100.00%

Cleaning up container...
Container stopped and removed
done
  Run 2/5... Starting fresh MongoDB container...
Waiting for MongoDB to initialize...
Container ready

=== Mixed Workload: YCSB-A (50% read, 50% update) - objectid ===
Creating initial dataset (500000 records)...
Overall throughput: 13542.85 ops/sec
Buffer hit ratio: 100.00%

Cleaning up container...
Container stopped and removed
done
  Run 3/5... Starting fresh MongoDB container...
Waiting for MongoDB to initialize...
Container ready

=== Mixed Workload: YCSB-A (50% read, 50% update) - objectid ===
Creating initial dataset (500000 records)...
Overall throughput: 13526.66 ops/sec
Buffer hit ratio: 100.00%

Cleaning up container...
Container stopped and removed
done
  Run 4/5... Starting fresh MongoDB container...
Waiting for MongoDB to initialize...
Container ready

=== Mixed Workload: YCSB-A (50% read, 50% update) - objectid ===
Creating initial dataset (500000 records)...
Overall throughput: 13714.15 ops/sec
Buffer hit ratio: 100.00%

Cleaning up container...
Container stopped and removed
done
  Run 5/5... Starting fresh MongoDB container...
Waiting for MongoDB to initialize...
Container ready

=== Mixed Workload: YCSB-A (50% read, 50% update) - objectid ===
Creating initial dataset (500000 records)...
Overall throughput: 13475.78 ops/sec
Buffer hit ratio: 99.95%

Cleaning up container...
Container stopped and removed
done

====================================================================================================
Mixed YCSB-A (50% read, 50% update) - Statistical Summary (5 runs per UUID type)
====================================================================================================

Overall Throughput (ops/sec)
┌────────────────┬──────────┬──────────┬──────────┬──────────┬──────────┬─────────┐
│ Key Type       │ Median   │ Mean     │ StdDev   │ Min      │ Max      │ CV %    │
├────────────────┼──────────┼──────────┼──────────┼──────────┼──────────┼─────────┤
│ SEQUENTIAL     │    13758 │    13719 │       97 │    13548 │    13782 │     0.7 │
│ UUIDV4         │    13325 │    13330 │       55 │    13265 │    13415 │     0.4 │
│ UUIDV7         │    13436 │    13443 │      111 │    13335 │    13595 │     0.8 │
│ ULID           │    13472 │    13467 │       67 │    13361 │    13536 │     0.5 │
│ ULID_MONOTONIC │    13493 │    13505 │       99 │    13398 │    13647 │     0.7 │
│ UUIDV1         │    13560 │    13538 │       86 │    13407 │    13617 │     0.6 │
│ OBJECTID       │    13527 │    13538 │      108 │    13429 │    13714 │     0.8 │
└────────────────┴──────────┴──────────┴──────────┴──────────┴──────────┴─────────┘

Statistical Comparisons (vs SEQUENTIAL):
┌──────────────────────────────┬─────────────┬──────────┬───────────┬───────────────┐
│ Comparison                   │ Median Diff │ p-value  │ Overlap?  │ Significant?  │
├──────────────────────────────┼─────────────┼──────────┼───────────┼───────────────┤
│ SEQUENTIAL vs UUIDV4         │       -3.1% │   0.0090 │ No        │ No overlap    │
│ SEQUENTIAL vs UUIDV7         │       -2.3% │   0.0163 │ Yes       │ * (p<0.05)    │
│ SEQUENTIAL vs ULID           │       -2.1% │   0.0090 │ No        │ No overlap    │
│ SEQUENTIAL vs ULID_MONOTONIC │       -1.9% │   0.0283 │ Yes       │ * (p<0.05)    │
│ SEQUENTIAL vs UUIDV1         │       -1.4% │   0.0472 │ Yes       │ * (p<0.05)    │
│ SEQUENTIAL vs OBJECTID       │       -1.7% │   0.0163 │ Yes       │ * (p<0.05)    │
└──────────────────────────────┴─────────────┴──────────┴───────────┴───────────────┘

Fragmentation (%)
┌────────────────┬──────────┬──────────┬──────────┬──────────┬──────────┬─────────┐
│ Key Type       │ Median   │ Mean     │ StdDev   │ Min      │ Max      │ CV %    │
├────────────────┼──────────┼──────────┼──────────┼──────────┼──────────┼─────────┤
│ SEQUENTIAL     │     0.21 │     0.19 │     0.06 │     0.10 │     0.26 │    31.3 │
│ UUIDV4         │     2.53 │     2.63 │     0.27 │     2.44 │     3.10 │    10.2 │
│ UUIDV7         │     0.83 │     1.00 │     0.41 │     0.77 │     1.72 │    40.5 │
│ ULID           │     1.34 │     1.32 │     0.40 │     0.91 │     1.74 │    30.3 │
│ ULID_MONOTONIC │     0.11 │     0.14 │     0.14 │     0.01 │     0.38 │    99.4 │
│ UUIDV1         │     0.14 │     0.14 │     0.09 │     0.04 │     0.28 │    63.3 │
│ OBJECTID       │     0.53 │     0.57 │     0.09 │     0.46 │     0.68 │    16.1 │
└────────────────┴──────────┴──────────┴──────────┴──────────┴──────────┴─────────┘

Statistical Comparisons (vs SEQUENTIAL):
┌──────────────────────────────┬─────────────┬──────────┬───────────┬───────────────┐
│ Comparison                   │ Median Diff │ p-value  │ Overlap?  │ Significant?  │
├──────────────────────────────┼─────────────┼──────────┼───────────┼───────────────┤
│ SEQUENTIAL vs UUIDV4         │    +1128.2% │   0.0090 │ No        │ No overlap    │
│ SEQUENTIAL vs UUIDV7         │     +302.5% │   0.0090 │ No        │ No overlap    │
│ SEQUENTIAL vs ULID           │     +552.9% │   0.0090 │ No        │ No overlap    │
│ SEQUENTIAL vs ULID_MONOTONIC │      -47.1% │   0.2506 │ Yes       │ n.s.          │
│ SEQUENTIAL vs UUIDV1         │      -33.0% │   0.3472 │ Yes       │ n.s.          │
│ SEQUENTIAL vs OBJECTID       │     +159.7% │   0.0090 │ No        │ No overlap    │
└──────────────────────────────┴─────────────┴──────────┴───────────┴───────────────┘

Cache Hit Ratio
┌────────────────┬──────────┬──────────┬──────────┬──────────┬──────────┬─────────┐
│ Key Type       │ Median   │ Mean     │ StdDev   │ Min      │ Max      │ CV %    │
├────────────────┼──────────┼──────────┼──────────┼──────────┼──────────┼─────────┤
│ SEQUENTIAL     │   1.0000 │   1.0000 │   0.0000 │   1.0000 │   1.0000 │     0.0 │
│ UUIDV4         │   0.9996 │   0.9996 │   0.0000 │   0.9995 │   0.9996 │     0.0 │
│ UUIDV7         │   1.0000 │   0.9999 │   0.0002 │   0.9995 │   1.0000 │     0.0 │
│ ULID           │   0.9997 │   0.9997 │   0.0002 │   0.9995 │   1.0000 │     0.0 │
│ ULID_MONOTONIC │   1.0000 │   1.0000 │   0.0000 │   1.0000 │   1.0000 │     0.0 │
│ UUIDV1         │   1.0000 │   0.9999 │   0.0002 │   0.9996 │   1.0000 │     0.0 │
│ OBJECTID       │   1.0000 │   0.9999 │   0.0002 │   0.9995 │   1.0000 │     0.0 │
└────────────────┴──────────┴──────────┴──────────┴──────────┴──────────┴─────────┘

Statistical Comparisons (vs SEQUENTIAL):
┌──────────────────────────────┬─────────────┬──────────┬───────────┬───────────────┐
│ Comparison                   │ Median Diff │ p-value  │ Overlap?  │ Significant?  │
├──────────────────────────────┼─────────────┼──────────┼───────────┼───────────────┤
│ SEQUENTIAL vs UUIDV4         │       -0.0% │   0.0090 │ No        │ No overlap    │
│ SEQUENTIAL vs UUIDV7         │       -0.0% │   0.1745 │ Yes       │ n.s.          │
│ SEQUENTIAL vs ULID           │       -0.0% │   0.0758 │ Yes       │ n.s.          │
│ SEQUENTIAL vs ULID_MONOTONIC │       -0.0% │   0.3472 │ Yes       │ n.s.          │
│ SEQUENTIAL vs UUIDV1         │       +0.0% │   0.6015 │ Yes       │ n.s.          │
│ SEQUENTIAL vs OBJECTID       │       +0.0% │   0.6015 │ Yes       │ n.s.          │
└──────────────────────────────┴─────────────┴──────────┴───────────┴───────────────┘

Index Hit Ratio
┌────────────────┬──────────┬──────────┬──────────┬──────────┬──────────┬─────────┐
│ Key Type       │ Median   │ Mean     │ StdDev   │ Min      │ Max      │ CV %    │
├────────────────┼──────────┼──────────┼──────────┼──────────┼──────────┼─────────┤
│ SEQUENTIAL     │   1.0000 │   1.0000 │   0.0000 │   1.0000 │   1.0000 │     0.0 │
│ UUIDV4         │   0.9996 │   0.9996 │   0.0000 │   0.9995 │   0.9996 │     0.0 │
│ UUIDV7         │   1.0000 │   0.9999 │   0.0002 │   0.9995 │   1.0000 │     0.0 │
│ ULID           │   0.9997 │   0.9997 │   0.0002 │   0.9995 │   1.0000 │     0.0 │
│ ULID_MONOTONIC │   1.0000 │   1.0000 │   0.0000 │   1.0000 │   1.0000 │     0.0 │
│ UUIDV1         │   1.0000 │   0.9999 │   0.0002 │   0.9996 │   1.0000 │     0.0 │
│ OBJECTID       │   1.0000 │   0.9999 │   0.0002 │   0.9995 │   1.0000 │     0.0 │
└────────────────┴──────────┴──────────┴──────────┴──────────┴──────────┴─────────┘

Statistical Comparisons (vs SEQUENTIAL):
┌──────────────────────────────┬─────────────┬──────────┬───────────┬───────────────┐
│ Comparison                   │ Median Diff │ p-value  │ Overlap?  │ Significant?  │
├──────────────────────────────┼─────────────┼──────────┼───────────┼───────────────┤
│ SEQUENTIAL vs UUIDV4         │       -0.0% │   0.0090 │ No        │ No overlap    │
│ SEQUENTIAL vs UUIDV7         │       -0.0% │   0.1745 │ Yes       │ n.s.          │
│ SEQUENTIAL vs ULID           │       -0.0% │   0.0758 │ Yes       │ n.s.          │
│ SEQUENTIAL vs ULID_MONOTONIC │       -0.0% │   0.3472 │ Yes       │ n.s.          │
│ SEQUENTIAL vs UUIDV1         │       +0.0% │   0.6015 │ Yes       │ n.s.          │
│ SEQUENTIAL vs OBJECTID       │       +0.0% │   0.6015 │ Yes       │ n.s.          │
└──────────────────────────────┴─────────────┴──────────┴───────────┴───────────────┘

Table Size (MB)
┌────────────────┬──────────┬──────────┬──────────┬──────────┬──────────┬─────────┐
│ Key Type       │ Median   │ Mean     │ StdDev   │ Min      │ Max      │ CV %    │
├────────────────┼──────────┼──────────┼──────────┼──────────┼──────────┼─────────┤
│ SEQUENTIAL     │     53.2 │     53.2 │      0.0 │     53.2 │     53.2 │     0.0 │
│ UUIDV4         │     60.3 │     60.4 │      0.1 │     60.3 │     60.4 │     0.1 │
│ UUIDV7         │     56.1 │     56.2 │      0.2 │     56.0 │     56.5 │     0.3 │
│ ULID           │     56.4 │     56.4 │      0.2 │     56.2 │     56.7 │     0.4 │
│ ULID_MONOTONIC │     53.9 │     53.9 │      0.1 │     53.8 │     54.1 │     0.2 │
│ UUIDV1         │     53.8 │     53.9 │      0.2 │     53.8 │     54.2 │     0.3 │
│ OBJECTID       │     54.9 │     54.8 │      0.1 │     54.7 │     55.0 │     0.2 │
└────────────────┴──────────┴──────────┴──────────┴──────────┴──────────┴─────────┘

Statistical Comparisons (vs SEQUENTIAL):
┌──────────────────────────────┬─────────────┬──────────┬───────────┬───────────────┐
│ Comparison                   │ Median Diff │ p-value  │ Overlap?  │ Significant?  │
├──────────────────────────────┼─────────────┼──────────┼───────────┼───────────────┤
│ SEQUENTIAL vs UUIDV4         │      +13.4% │   0.0090 │ No        │ No overlap    │
│ SEQUENTIAL vs UUIDV7         │       +5.5% │   0.0090 │ No        │ No overlap    │
│ SEQUENTIAL vs ULID           │       +6.1% │   0.0090 │ No        │ No overlap    │
│ SEQUENTIAL vs ULID_MONOTONIC │       +1.2% │   0.0090 │ No        │ No overlap    │
│ SEQUENTIAL vs UUIDV1         │       +1.2% │   0.0090 │ No        │ No overlap    │
│ SEQUENTIAL vs OBJECTID       │       +3.1% │   0.0090 │ No        │ No overlap    │
└──────────────────────────────┴─────────────┴──────────┴───────────┴───────────────┘

Index Size (MB)
┌────────────────┬──────────┬──────────┬──────────┬──────────┬──────────┬─────────┐
│ Key Type       │ Median   │ Mean     │ StdDev   │ Min      │ Max      │ CV %    │
├────────────────┼──────────┼──────────┼──────────┼──────────┼──────────┼─────────┤
│ SEQUENTIAL     │      6.1 │      6.1 │      0.0 │      6.1 │      6.1 │     0.0 │
│ UUIDV4         │     12.9 │     12.9 │      0.3 │     12.5 │     13.2 │     2.0 │
│ UUIDV7         │      9.7 │      9.7 │      0.0 │      9.7 │      9.7 │     0.0 │
│ ULID           │      9.7 │      9.7 │      0.0 │      9.7 │      9.7 │     0.0 │
│ ULID_MONOTONIC │      9.1 │      9.1 │      0.0 │      9.0 │      9.1 │     0.2 │
│ UUIDV1         │     11.5 │     11.5 │      0.0 │     11.4 │     11.5 │     0.0 │
│ OBJECTID       │      5.0 │      5.0 │      0.0 │      5.0 │      5.0 │     0.1 │
└────────────────┴──────────┴──────────┴──────────┴──────────┴──────────┴─────────┘

Statistical Comparisons (vs SEQUENTIAL):
┌──────────────────────────────┬─────────────┬──────────┬───────────┬───────────────┐
│ Comparison                   │ Median Diff │ p-value  │ Overlap?  │ Significant?  │
├──────────────────────────────┼─────────────┼──────────┼───────────┼───────────────┤
│ SEQUENTIAL vs UUIDV4         │     +111.8% │   0.0090 │ No        │ No overlap    │
│ SEQUENTIAL vs UUIDV7         │      +58.9% │   0.0090 │ No        │ No overlap    │
│ SEQUENTIAL vs ULID           │      +60.1% │   0.0090 │ No        │ No overlap    │
│ SEQUENTIAL vs ULID_MONOTONIC │      +49.0% │   0.0090 │ No        │ No overlap    │
│ SEQUENTIAL vs UUIDV1         │      +88.4% │   0.0090 │ No        │ No overlap    │
│ SEQUENTIAL vs OBJECTID       │      -18.1% │   0.0090 │ No        │ No overlap    │
└──────────────────────────────┴─────────────┴──────────┴───────────┴───────────────┘

Latency P50 (µs)
┌────────────────┬──────────┬──────────┬──────────┬──────────┬──────────┬─────────┐
│ Key Type       │ Median   │ Mean     │ StdDev   │ Min      │ Max      │ CV %    │
├────────────────┼──────────┼──────────┼──────────┼──────────┼──────────┼─────────┤
│ SEQUENTIAL     │       69 │       69 │        0 │       69 │       70 │     0.6 │
│ UUIDV4         │       71 │       71 │        0 │       70 │       71 │     0.6 │
│ UUIDV7         │       71 │       71 │        1 │       70 │       71 │     0.8 │
│ ULID           │       70 │       70 │        0 │       70 │       71 │     0.6 │
│ ULID_MONOTONIC │       70 │       70 │        0 │       70 │       71 │     0.6 │
│ UUIDV1         │       70 │       70 │        0 │       70 │       71 │     0.6 │
│ OBJECTID       │       70 │       70 │        0 │       70 │       71 │     0.6 │
└────────────────┴──────────┴──────────┴──────────┴──────────┴──────────┴─────────┘

Statistical Comparisons (vs SEQUENTIAL):
┌──────────────────────────────┬─────────────┬──────────┬───────────┬───────────────┐
│ Comparison                   │ Median Diff │ p-value  │ Overlap?  │ Significant?  │
├──────────────────────────────┼─────────────┼──────────┼───────────┼───────────────┤
│ SEQUENTIAL vs UUIDV4         │       +2.9% │   0.0122 │ Yes       │ * (p<0.05)    │
│ SEQUENTIAL vs UUIDV7         │       +2.9% │   0.0163 │ Yes       │ * (p<0.05)    │
│ SEQUENTIAL vs ULID           │       +1.4% │   0.0283 │ Yes       │ * (p<0.05)    │
│ SEQUENTIAL vs ULID_MONOTONIC │       +1.4% │   0.0283 │ Yes       │ * (p<0.05)    │
│ SEQUENTIAL vs UUIDV1         │       +1.4% │   0.0283 │ Yes       │ * (p<0.05)    │
│ SEQUENTIAL vs OBJECTID       │       +1.4% │   0.0283 │ Yes       │ * (p<0.05)    │
└──────────────────────────────┴─────────────┴──────────┴───────────┴───────────────┘

Latency P95 (µs)
┌────────────────┬──────────┬──────────┬──────────┬──────────┬──────────┬─────────┐
│ Key Type       │ Median   │ Mean     │ StdDev   │ Min      │ Max      │ CV %    │
├────────────────┼──────────┼──────────┼──────────┼──────────┼──────────┼─────────┤
│ SEQUENTIAL     │      103 │      103 │        0 │      103 │      104 │     0.4 │
│ UUIDV4         │      106 │      106 │        0 │      106 │      107 │     0.4 │
│ UUIDV7         │      105 │      105 │        1 │      105 │      106 │     0.5 │
│ ULID           │      106 │      106 │        1 │      105 │      106 │     0.5 │
│ ULID_MONOTONIC │      105 │      105 │        1 │      104 │      106 │     0.8 │
│ UUIDV1         │      105 │      105 │        1 │      104 │      106 │     0.7 │
│ OBJECTID       │      104 │      104 │        1 │      103 │      105 │     0.7 │
└────────────────┴──────────┴──────────┴──────────┴──────────┴──────────┴─────────┘

Statistical Comparisons (vs SEQUENTIAL):
┌──────────────────────────────┬─────────────┬──────────┬───────────┬───────────────┐
│ Comparison                   │ Median Diff │ p-value  │ Overlap?  │ Significant?  │
├──────────────────────────────┼─────────────┼──────────┼───────────┼───────────────┤
│ SEQUENTIAL vs UUIDV4         │       +2.9% │   0.0090 │ No        │ No overlap    │
│ SEQUENTIAL vs UUIDV7         │       +1.9% │   0.0090 │ No        │ No overlap    │
│ SEQUENTIAL vs ULID           │       +2.9% │   0.0090 │ No        │ No overlap    │
│ SEQUENTIAL vs ULID_MONOTONIC │       +1.9% │   0.0122 │ Yes       │ * (p<0.05)    │
│ SEQUENTIAL vs UUIDV1         │       +1.9% │   0.0122 │ Yes       │ * (p<0.05)    │
│ SEQUENTIAL vs OBJECTID       │       +1.0% │   0.0947 │ Yes       │ n.s.          │
└──────────────────────────────┴─────────────┴──────────┴───────────┴───────────────┘

Latency P99 (µs)
┌────────────────┬──────────┬──────────┬──────────┬──────────┬──────────┬─────────┐
│ Key Type       │ Median   │ Mean     │ StdDev   │ Min      │ Max      │ CV %    │
├────────────────┼──────────┼──────────┼──────────┼──────────┼──────────┼─────────┤
│ SEQUENTIAL     │      135 │      135 │        1 │      133 │      136 │     0.8 │
│ UUIDV4         │      149 │      149 │        1 │      148 │      150 │     0.6 │
│ UUIDV7         │      147 │      147 │        1 │      146 │      149 │     0.8 │
│ ULID           │      148 │      148 │        1 │      147 │      149 │     0.6 │
│ ULID_MONOTONIC │      148 │      147 │        1 │      146 │      148 │     0.7 │
│ UUIDV1         │      147 │      147 │        1 │      147 │      148 │     0.4 │
│ OBJECTID       │      135 │      136 │        2 │      134 │      138 │     1.5 │
└────────────────┴──────────┴──────────┴──────────┴──────────┴──────────┴─────────┘

Statistical Comparisons (vs SEQUENTIAL):
┌──────────────────────────────┬─────────────┬──────────┬───────────┬───────────────┐
│ Comparison                   │ Median Diff │ p-value  │ Overlap?  │ Significant?  │
├──────────────────────────────┼─────────────┼──────────┼───────────┼───────────────┤
│ SEQUENTIAL vs UUIDV4         │      +10.4% │   0.0090 │ No        │ No overlap    │
│ SEQUENTIAL vs UUIDV7         │       +8.9% │   0.0090 │ No        │ No overlap    │
│ SEQUENTIAL vs ULID           │       +9.6% │   0.0090 │ No        │ No overlap    │
│ SEQUENTIAL vs ULID_MONOTONIC │       +9.6% │   0.0090 │ No        │ No overlap    │
│ SEQUENTIAL vs UUIDV1         │       +8.9% │   0.0090 │ No        │ No overlap    │
│ SEQUENTIAL vs OBJECTID       │       +0.0% │   0.4647 │ Yes       │ n.s.          │
└──────────────────────────────┴─────────────┴──────────┴───────────┴───────────────┘

Read IOPS
┌────────────────┬──────────┬──────────┬──────────┬──────────┬──────────┬─────────┐
│ Key Type       │ Median   │ Mean     │ StdDev   │ Min      │ Max      │ CV %    │
├────────────────┼──────────┼──────────┼──────────┼──────────┼──────────┼─────────┤
│ SEQUENTIAL     │        0 │        0 │        0 │        0 │        0 │     0.0 │
│ UUIDV4         │        0 │        0 │        0 │        0 │        0 │   223.6 │
│ UUIDV7         │        0 │        0 │        0 │        0 │        0 │     0.0 │
│ ULID           │        0 │        0 │        0 │        0 │        0 │     0.0 │
│ ULID_MONOTONIC │        0 │        0 │        0 │        0 │        0 │     0.0 │
│ UUIDV1         │        0 │        0 │        0 │        0 │        0 │     0.0 │
│ OBJECTID       │        0 │        0 │        0 │        0 │        0 │     0.0 │
└────────────────┴──────────┴──────────┴──────────┴──────────┴──────────┴─────────┘

Statistical Comparisons (vs SEQUENTIAL):
┌──────────────────────────────┬─────────────┬──────────┬───────────┬───────────────┐
│ Comparison                   │ Median Diff │ p-value  │ Overlap?  │ Significant?  │
├──────────────────────────────┼─────────────┼──────────┼───────────┼───────────────┤
│ SEQUENTIAL vs UUIDV4         │       +0.0% │   0.6015 │ Yes       │ n.s.          │
│ SEQUENTIAL vs UUIDV7         │       +0.0% │   1.0000 │ Yes       │ n.s.          │
│ SEQUENTIAL vs ULID           │       +0.0% │   1.0000 │ Yes       │ n.s.          │
│ SEQUENTIAL vs ULID_MONOTONIC │       +0.0% │   1.0000 │ Yes       │ n.s.          │
│ SEQUENTIAL vs UUIDV1         │       +0.0% │   1.0000 │ Yes       │ n.s.          │
│ SEQUENTIAL vs OBJECTID       │       +0.0% │   1.0000 │ Yes       │ n.s.          │
└──────────────────────────────┴─────────────┴──────────┴───────────┴───────────────┘

Write IOPS
┌────────────────┬──────────┬──────────┬──────────┬──────────┬──────────┬─────────┐
│ Key Type       │ Median   │ Mean     │ StdDev   │ Min      │ Max      │ CV %    │
├────────────────┼──────────┼──────────┼──────────┼──────────┼──────────┼─────────┤
│ SEQUENTIAL     │       67 │       67 │        1 │       66 │       68 │     0.9 │
│ UUIDV4         │       70 │       70 │        0 │       70 │       71 │     0.4 │
│ UUIDV7         │       69 │       69 │        0 │       69 │       70 │     0.7 │
│ ULID           │       70 │       70 │        1 │       69 │       71 │     0.8 │
│ ULID_MONOTONIC │       68 │       68 │        0 │       67 │       68 │     0.6 │
│ UUIDV1         │       67 │       67 │        0 │       66 │       67 │     0.4 │
│ OBJECTID       │       67 │       67 │        1 │       67 │       68 │     0.9 │
└────────────────┴──────────┴──────────┴──────────┴──────────┴──────────┴─────────┘

Statistical Comparisons (vs SEQUENTIAL):
┌──────────────────────────────┬─────────────┬──────────┬───────────┬───────────────┐
│ Comparison                   │ Median Diff │ p-value  │ Overlap?  │ Significant?  │
├──────────────────────────────┼─────────────┼──────────┼───────────┼───────────────┤
│ SEQUENTIAL vs UUIDV4         │       +4.1% │   0.0090 │ No        │ No overlap    │
│ SEQUENTIAL vs UUIDV7         │       +2.9% │   0.0090 │ No        │ No overlap    │
│ SEQUENTIAL vs ULID           │       +4.1% │   0.0090 │ No        │ No overlap    │
│ SEQUENTIAL vs ULID_MONOTONIC │       +1.0% │   0.0758 │ Yes       │ n.s.          │
│ SEQUENTIAL vs UUIDV1         │       -0.9% │   0.1172 │ Yes       │ n.s.          │
│ SEQUENTIAL vs OBJECTID       │       -0.2% │   0.7540 │ Yes       │ n.s.          │
└──────────────────────────────┴─────────────┴──────────┴───────────┴───────────────┘

Read Throughput (MB/s)
┌────────────────┬──────────┬──────────┬──────────┬──────────┬──────────┬─────────┐
│ Key Type       │ Median   │ Mean     │ StdDev   │ Min      │ Max      │ CV %    │
├────────────────┼──────────┼──────────┼──────────┼──────────┼──────────┼─────────┤
│ SEQUENTIAL     │      0.0 │      0.0 │      0.0 │      0.0 │      0.0 │     0.0 │
│ UUIDV4         │      0.0 │      0.0 │      0.0 │      0.0 │      0.0 │   223.6 │
│ UUIDV7         │      0.0 │      0.0 │      0.0 │      0.0 │      0.0 │     0.0 │
│ ULID           │      0.0 │      0.0 │      0.0 │      0.0 │      0.0 │     0.0 │
│ ULID_MONOTONIC │      0.0 │      0.0 │      0.0 │      0.0 │      0.0 │     0.0 │
│ UUIDV1         │      0.0 │      0.0 │      0.0 │      0.0 │      0.0 │     0.0 │
│ OBJECTID       │      0.0 │      0.0 │      0.0 │      0.0 │      0.0 │     0.0 │
└────────────────┴──────────┴──────────┴──────────┴──────────┴──────────┴─────────┘

Statistical Comparisons (vs SEQUENTIAL):
┌──────────────────────────────┬─────────────┬──────────┬───────────┬───────────────┐
│ Comparison                   │ Median Diff │ p-value  │ Overlap?  │ Significant?  │
├──────────────────────────────┼─────────────┼──────────┼───────────┼───────────────┤
│ SEQUENTIAL vs UUIDV4         │       +0.0% │   0.6015 │ Yes       │ n.s.          │
│ SEQUENTIAL vs UUIDV7         │       +0.0% │   1.0000 │ Yes       │ n.s.          │
│ SEQUENTIAL vs ULID           │       +0.0% │   1.0000 │ Yes       │ n.s.          │
│ SEQUENTIAL vs ULID_MONOTONIC │       +0.0% │   1.0000 │ Yes       │ n.s.          │
│ SEQUENTIAL vs UUIDV1         │       +0.0% │   1.0000 │ Yes       │ n.s.          │
│ SEQUENTIAL vs OBJECTID       │       +0.0% │   1.0000 │ Yes       │ n.s.          │
└──────────────────────────────┴─────────────┴──────────┴───────────┴───────────────┘

Write Throughput (MB/s)
┌────────────────┬──────────┬──────────┬──────────┬──────────┬──────────┬─────────┐
│ Key Type       │ Median   │ Mean     │ StdDev   │ Min      │ Max      │ CV %    │
├────────────────┼──────────┼──────────┼──────────┼──────────┼──────────┼─────────┤
│ SEQUENTIAL     │      7.4 │      7.4 │      0.1 │      7.3 │      7.4 │     0.8 │
│ UUIDV4         │      7.6 │      7.6 │      0.0 │      7.6 │      7.7 │     0.5 │
│ UUIDV7         │      7.6 │      7.6 │      0.1 │      7.5 │      7.7 │     0.7 │
│ ULID           │      7.6 │      7.6 │      0.0 │      7.6 │      7.6 │     0.4 │
│ ULID_MONOTONIC │      7.4 │      7.4 │      0.1 │      7.4 │      7.5 │     0.7 │
│ UUIDV1         │      7.3 │      7.3 │      0.0 │      7.2 │      7.3 │     0.4 │
│ OBJECTID       │      7.4 │      7.4 │      0.1 │      7.3 │      7.5 │     0.8 │
└────────────────┴──────────┴──────────┴──────────┴──────────┴──────────┴─────────┘

Statistical Comparisons (vs SEQUENTIAL):
┌──────────────────────────────┬─────────────┬──────────┬───────────┬───────────────┐
│ Comparison                   │ Median Diff │ p-value  │ Overlap?  │ Significant?  │
├──────────────────────────────┼─────────────┼──────────┼───────────┼───────────────┤
│ SEQUENTIAL vs UUIDV4         │       +3.1% │   0.0090 │ No        │ No overlap    │
│ SEQUENTIAL vs UUIDV7         │       +2.6% │   0.0090 │ No        │ No overlap    │
│ SEQUENTIAL vs ULID           │       +3.2% │   0.0090 │ No        │ No overlap    │
│ SEQUENTIAL vs ULID_MONOTONIC │       +0.5% │   0.2506 │ Yes       │ n.s.          │
│ SEQUENTIAL vs UUIDV1         │       -1.1% │   0.0472 │ Yes       │ * (p<0.05)    │
│ SEQUENTIAL vs OBJECTID       │       -0.1% │   0.9168 │ Yes       │ n.s.          │
└──────────────────────────────┴─────────────┴──────────┴───────────┴───────────────┘

====================================================================================================
ALL SCENARIOS COMPLETED IN 54m41s
====================================================================================================

Exporting results to CSV...
  Statistical summary: /home/eike/dev/studium/uuid-benchmark/results/mongodb_1m_all_1conn.csv
  Raw runs data: /home/eike/dev/studium/uuid-benchmark/results/mongodb_1m_all_1conn_raw.csv

All scenarios completed successfully!
