UUID Benchmark - MySQL
======================================================================
Database:     MySQL
Scenario:     all
Records:      1000000
Batch Size:   100
Runs:         5 (statistical mode)
Testing:      [sequential uuidv4 uuidv7 ulid ulid_monotonic uuidv1]
======================================================================


====================================================================================================
RUNNING ALL SCENARIOS - COMPREHENSIVE BENCHMARK SUITE
====================================================================================================


[1/5] INSERT PERFORMANCE
====================================================================================================

Testing SEQUENTIAL (5 runs)
----------------------------------------------------------------------
  Run 1/5... Starting fresh MySQL container...
Waiting for MySQL to initialize...
Container ready
Inserting 1000000 records (connections=1, batch=100)...
Inserted 1000000 records in 16m49.811s
Throughput: 990.28 records/sec
Measuring metrics...

Cleaning up container...
Container stopped and removed
done
  Run 2/5... Starting fresh MySQL container...
Waiting for MySQL to initialize...
Container ready
Inserting 1000000 records (connections=1, batch=100)...
Inserted 1000000 records in 17m13.053s
Throughput: 968.00 records/sec
Measuring metrics...

Cleaning up container...
Container stopped and removed
done
  Run 3/5... Starting fresh MySQL container...
Waiting for MySQL to initialize...
Container ready
Inserting 1000000 records (connections=1, batch=100)...
Inserted 1000000 records in 17m5.581s
Throughput: 975.06 records/sec
Measuring metrics...

Cleaning up container...
Container stopped and removed
done
  Run 4/5... Starting fresh MySQL container...
Waiting for MySQL to initialize...
Container ready
Inserting 1000000 records (connections=1, batch=100)...
Inserted 1000000 records in 17m1.588s
Throughput: 978.87 records/sec
Measuring metrics...

Cleaning up container...
Container stopped and removed
done
  Run 5/5... Starting fresh MySQL container...
Waiting for MySQL to initialize...
Container ready
Inserting 1000000 records (connections=1, batch=100)...
Inserted 1000000 records in 16m11.823s
Throughput: 1028.99 records/sec
Measuring metrics...

Cleaning up container...
Container stopped and removed
done

Testing UUIDV4 (5 runs)
----------------------------------------------------------------------
  Run 1/5... Starting fresh MySQL container...
Waiting for MySQL to initialize...
Container ready
Inserting 1000000 records (connections=1, batch=100)...
Inserted 1000000 records in 44m49.661s
Throughput: 371.79 records/sec
Measuring metrics...

Cleaning up container...
Container stopped and removed
done
  Run 2/5... Starting fresh MySQL container...
Waiting for MySQL to initialize...
Container ready
Inserting 1000000 records (connections=1, batch=100)...
Inserted 1000000 records in 48m53.044s
Throughput: 340.94 records/sec
Measuring metrics...

Cleaning up container...
Container stopped and removed
done
  Run 3/5... Starting fresh MySQL container...
Waiting for MySQL to initialize...
Container ready
Inserting 1000000 records (connections=1, batch=100)...
Inserted 1000000 records in 45m14.279s
Throughput: 368.42 records/sec
Measuring metrics...

Cleaning up container...
Container stopped and removed
done
  Run 4/5... Starting fresh MySQL container...
Waiting for MySQL to initialize...
Container ready
Inserting 1000000 records (connections=1, batch=100)...
Inserted 1000000 records in 45m52.634s
Throughput: 363.29 records/sec
Measuring metrics...

Cleaning up container...
Container stopped and removed
done
  Run 5/5... Starting fresh MySQL container...
Waiting for MySQL to initialize...
Container ready
Inserting 1000000 records (connections=1, batch=100)...
Inserted 1000000 records in 46m43.113s
Throughput: 356.75 records/sec
Measuring metrics...

Cleaning up container...
Container stopped and removed
done

Testing UUIDV7 (5 runs)
----------------------------------------------------------------------
  Run 1/5... Starting fresh MySQL container...
Waiting for MySQL to initialize...
Container ready
Inserting 1000000 records (connections=1, batch=100)...
Inserted 1000000 records in 17m13.419s
Throughput: 967.66 records/sec
Measuring metrics...

Cleaning up container...
Container stopped and removed
done
  Run 2/5... Starting fresh MySQL container...
Waiting for MySQL to initialize...
Container ready
Inserting 1000000 records (connections=1, batch=100)...
Inserted 1000000 records in 17m26.291s
Throughput: 955.76 records/sec
Measuring metrics...

Cleaning up container...
Container stopped and removed
done
  Run 3/5... Starting fresh MySQL container...
Waiting for MySQL to initialize...
Container ready
Inserting 1000000 records (connections=1, batch=100)...
Inserted 1000000 records in 16m57.451s
Throughput: 982.85 records/sec
Measuring metrics...

Cleaning up container...
Container stopped and removed
done
  Run 4/5... Starting fresh MySQL container...
Waiting for MySQL to initialize...
Container ready
Inserting 1000000 records (connections=1, batch=100)...
Inserted 1000000 records in 17m25.69s
Throughput: 956.31 records/sec
Measuring metrics...

Cleaning up container...
Container stopped and removed
done
  Run 5/5... Starting fresh MySQL container...
Waiting for MySQL to initialize...
Container ready
Inserting 1000000 records (connections=1, batch=100)...
Inserted 1000000 records in 17m27.48s
Throughput: 954.67 records/sec
Measuring metrics...

Cleaning up container...
Container stopped and removed
done

Testing ULID (5 runs)
----------------------------------------------------------------------
  Run 1/5... Starting fresh MySQL container...
Waiting for MySQL to initialize...
Container ready
Inserting 1000000 records (connections=1, batch=100)...
Inserted 1000000 records in 21m15.757s
Throughput: 783.85 records/sec
Measuring metrics...

Cleaning up container...
Container stopped and removed
done
  Run 2/5... Starting fresh MySQL container...
Waiting for MySQL to initialize...
Container ready
Inserting 1000000 records (connections=1, batch=100)...
Inserted 1000000 records in 21m30.93s
Throughput: 774.63 records/sec
Measuring metrics...

Cleaning up container...
Container stopped and removed
done
  Run 3/5... Starting fresh MySQL container...
Waiting for MySQL to initialize...
Container ready
Inserting 1000000 records (connections=1, batch=100)...
Inserted 1000000 records in 20m49.622s
Throughput: 800.24 records/sec
Measuring metrics...

Cleaning up container...
Container stopped and removed
done
  Run 4/5... Starting fresh MySQL container...
Waiting for MySQL to initialize...
Container ready
Inserting 1000000 records (connections=1, batch=100)...
Inserted 1000000 records in 20m56.842s
Throughput: 795.64 records/sec
Measuring metrics...

Cleaning up container...
Container stopped and removed
done
  Run 5/5... Starting fresh MySQL container...
Waiting for MySQL to initialize...
Container ready
Inserting 1000000 records (connections=1, batch=100)...
Inserted 1000000 records in 20m47.728s
Throughput: 801.46 records/sec
Measuring metrics...

Cleaning up container...
Container stopped and removed
done

Testing ULID_MONOTONIC (5 runs)
----------------------------------------------------------------------
  Run 1/5... Starting fresh MySQL container...
Waiting for MySQL to initialize...
Container ready
Inserting 1000000 records (connections=1, batch=100)...
Inserted 1000000 records in 16m29.995s
Throughput: 1010.11 records/sec
Measuring metrics...

Cleaning up container...
Container stopped and removed
done
  Run 2/5... Starting fresh MySQL container...
Waiting for MySQL to initialize...
Container ready
Inserting 1000000 records (connections=1, batch=100)...
Inserted 1000000 records in 16m18.745s
Throughput: 1021.72 records/sec
Measuring metrics...

Cleaning up container...
Container stopped and removed
done
  Run 3/5... Starting fresh MySQL container...
Waiting for MySQL to initialize...
Container ready
Inserting 1000000 records (connections=1, batch=100)...
Inserted 1000000 records in 16m59.572s
Throughput: 980.80 records/sec
Measuring metrics...

Cleaning up container...
Container stopped and removed
done
  Run 4/5... Starting fresh MySQL container...
Waiting for MySQL to initialize...
Container ready
Inserting 1000000 records (connections=1, batch=100)...
Inserted 1000000 records in 16m21.344s
Throughput: 1019.01 records/sec
Measuring metrics...

Cleaning up container...
Container stopped and removed
done
  Run 5/5... Starting fresh MySQL container...
Waiting for MySQL to initialize...
Container ready
Inserting 1000000 records (connections=1, batch=100)...
Inserted 1000000 records in 16m18.329s
Throughput: 1022.15 records/sec
Measuring metrics...

Cleaning up container...
Container stopped and removed
done

Testing UUIDV1 (5 runs)
----------------------------------------------------------------------
  Run 1/5... Starting fresh MySQL container...
Waiting for MySQL to initialize...
Container ready
Inserting 1000000 records (connections=1, batch=100)...
Inserted 1000000 records in 17m56.308s
Throughput: 929.10 records/sec
Measuring metrics...

Cleaning up container...
Container stopped and removed
done
  Run 2/5... Starting fresh MySQL container...
Waiting for MySQL to initialize...
Container ready
Inserting 1000000 records (connections=1, batch=100)...
Inserted 1000000 records in 18m16.99s
Throughput: 911.59 records/sec
Measuring metrics...

Cleaning up container...
Container stopped and removed
done
  Run 3/5... Starting fresh MySQL container...
Waiting for MySQL to initialize...
Container ready
Inserting 1000000 records (connections=1, batch=100)...
Inserted 1000000 records in 18m49.136s
Throughput: 885.63 records/sec
Measuring metrics...

Cleaning up container...
Container stopped and removed
done
  Run 4/5... Starting fresh MySQL container...
Waiting for MySQL to initialize...
Container ready
Inserting 1000000 records (connections=1, batch=100)...
Inserted 1000000 records in 18m28.298s
Throughput: 902.28 records/sec
Measuring metrics...

Cleaning up container...
Container stopped and removed
done
  Run 5/5... Starting fresh MySQL container...
Waiting for MySQL to initialize...
Container ready
Inserting 1000000 records (connections=1, batch=100)...
Inserted 1000000 records in 19m30.735s
Throughput: 854.16 records/sec
Measuring metrics...

Cleaning up container...
Container stopped and removed
done

====================================================================================================
Insert Performance - Statistical Summary (5 runs per UUID type)
====================================================================================================

Throughput (records/sec)
┌────────────────┬──────────┬──────────┬──────────┬──────────┬──────────┬─────────┐
│ Key Type       │ Median   │ Mean     │ StdDev   │ Min      │ Max      │ CV %    │
├────────────────┼──────────┼──────────┼──────────┼──────────┼──────────┼─────────┤
│ SEQUENTIAL     │      979 │      988 │       24 │      968 │     1029 │     2.4 │
│ UUIDV4         │      363 │      360 │       12 │      341 │      372 │     3.4 │
│ UUIDV7         │      956 │      963 │       12 │      955 │      983 │     1.3 │
│ ULID           │      796 │      791 │       12 │      775 │      801 │     1.5 │
│ ULID_MONOTONIC │     1019 │     1011 │       17 │      981 │     1022 │     1.7 │
│ UUIDV1         │      902 │      897 │       28 │      854 │      929 │     3.2 │
└────────────────┴──────────┴──────────┴──────────┴──────────┴──────────┴─────────┘

Statistical Comparisons (vs SEQUENTIAL):
┌──────────────────────────────┬─────────────┬──────────┬───────────┬───────────────┐
│ Comparison                   │ Median Diff │ p-value  │ Overlap?  │ Significant?  │
├──────────────────────────────┼─────────────┼──────────┼───────────┼───────────────┤
│ SEQUENTIAL vs UUIDV4         │      -62.9% │   0.0090 │ No        │ No overlap    │
│ SEQUENTIAL vs UUIDV7         │       -2.3% │   0.0472 │ Yes       │ * (p<0.05)    │
│ SEQUENTIAL vs ULID           │      -18.7% │   0.0090 │ No        │ No overlap    │
│ SEQUENTIAL vs ULID_MONOTONIC │       +4.1% │   0.1745 │ Yes       │ n.s.          │
│ SEQUENTIAL vs UUIDV1         │       -7.8% │   0.0090 │ No        │ No overlap    │
└──────────────────────────────┴─────────────┴──────────┴───────────┴───────────────┘

Page Splits
┌────────────────┬──────────┬──────────┬──────────┬──────────┬──────────┬─────────┐
│ Key Type       │ Median   │ Mean     │ StdDev   │ Min      │ Max      │ CV %    │
├────────────────┼──────────┼──────────┼──────────┼──────────┼──────────┼─────────┤
│ SEQUENTIAL     │    71510 │    71510 │        0 │    71510 │    71510 │     0.0 │
│ UUIDV4         │   100977 │   100981 │       43 │   100938 │   101050 │     0.0 │
│ UUIDV7         │    71546 │    71546 │        0 │    71546 │    71546 │     0.0 │
│ ULID           │   103064 │   103049 │       88 │   102942 │   103141 │     0.1 │
│ ULID_MONOTONIC │    71546 │    71546 │        0 │    71546 │    71546 │     0.0 │
│ UUIDV1         │    79009 │    79207 │      771 │    78411 │    80290 │     1.0 │
└────────────────┴──────────┴──────────┴──────────┴──────────┴──────────┴─────────┘

Statistical Comparisons (vs SEQUENTIAL):
┌──────────────────────────────┬─────────────┬──────────┬───────────┬───────────────┐
│ Comparison                   │ Median Diff │ p-value  │ Overlap?  │ Significant?  │
├──────────────────────────────┼─────────────┼──────────┼───────────┼───────────────┤
│ SEQUENTIAL vs UUIDV4         │      +41.2% │   0.0090 │ No        │ No overlap    │
│ SEQUENTIAL vs UUIDV7         │       +0.1% │   0.0090 │ No        │ No overlap    │
│ SEQUENTIAL vs ULID           │      +44.1% │   0.0090 │ No        │ No overlap    │
│ SEQUENTIAL vs ULID_MONOTONIC │       +0.1% │   0.0090 │ No        │ No overlap    │
│ SEQUENTIAL vs UUIDV1         │      +10.5% │   0.0090 │ No        │ No overlap    │
└──────────────────────────────┴─────────────┴──────────┴───────────┴───────────────┘

Table Size (MB)
┌────────────────┬──────────┬──────────┬──────────┬──────────┬──────────┬─────────┐
│ Key Type       │ Median   │ Mean     │ StdDev   │ Min      │ Max      │ CV %    │
├────────────────┼──────────┼──────────┼──────────┼──────────┼──────────┼─────────┤
│ SEQUENTIAL     │   1118.0 │   1118.0 │      0.0 │   1118.0 │   1118.0 │     0.0 │
│ UUIDV4         │   1802.6 │   1802.5 │      0.8 │   1801.7 │   1803.6 │     0.0 │
│ UUIDV7         │   1119.0 │   1119.0 │      0.0 │   1119.0 │   1119.0 │     0.0 │
│ ULID           │   1841.0 │   1840.6 │      1.5 │   1839.0 │   1842.0 │     0.1 │
│ ULID_MONOTONIC │   1119.0 │   1119.0 │      0.0 │   1119.0 │   1119.0 │     0.0 │
│ UUIDV1         │   1411.0 │   1415.2 │     13.8 │   1401.0 │   1435.0 │     1.0 │
└────────────────┴──────────┴──────────┴──────────┴──────────┴──────────┴─────────┘

Statistical Comparisons (vs SEQUENTIAL):
┌──────────────────────────────┬─────────────┬──────────┬───────────┬───────────────┐
│ Comparison                   │ Median Diff │ p-value  │ Overlap?  │ Significant?  │
├──────────────────────────────┼─────────────┼──────────┼───────────┼───────────────┤
│ SEQUENTIAL vs UUIDV4         │      +61.2% │   0.0090 │ No        │ No overlap    │
│ SEQUENTIAL vs UUIDV7         │       +0.1% │   0.0090 │ No        │ No overlap    │
│ SEQUENTIAL vs ULID           │      +64.7% │   0.0090 │ No        │ No overlap    │
│ SEQUENTIAL vs ULID_MONOTONIC │       +0.1% │   0.0090 │ No        │ No overlap    │
│ SEQUENTIAL vs UUIDV1         │      +26.2% │   0.0090 │ No        │ No overlap    │
└──────────────────────────────┴─────────────┴──────────┴───────────┴───────────────┘

Index Size (MB)
┌────────────────┬──────────┬──────────┬──────────┬──────────┬──────────┬─────────┐
│ Key Type       │ Median   │ Mean     │ StdDev   │ Min      │ Max      │ CV %    │
├────────────────┼──────────┼──────────┼──────────┼──────────┼──────────┼─────────┤
│ SEQUENTIAL     │   1118.0 │   1118.0 │      0.0 │   1118.0 │   1118.0 │     0.0 │
│ UUIDV4         │   1802.6 │   1802.5 │      0.8 │   1801.7 │   1803.6 │     0.0 │
│ UUIDV7         │   1119.0 │   1119.0 │      0.0 │   1119.0 │   1119.0 │     0.0 │
│ ULID           │   1841.0 │   1840.6 │      1.5 │   1839.0 │   1842.0 │     0.1 │
│ ULID_MONOTONIC │   1119.0 │   1119.0 │      0.0 │   1119.0 │   1119.0 │     0.0 │
│ UUIDV1         │   1411.0 │   1415.2 │     13.8 │   1401.0 │   1435.0 │     1.0 │
└────────────────┴──────────┴──────────┴──────────┴──────────┴──────────┴─────────┘

Statistical Comparisons (vs SEQUENTIAL):
┌──────────────────────────────┬─────────────┬──────────┬───────────┬───────────────┐
│ Comparison                   │ Median Diff │ p-value  │ Overlap?  │ Significant?  │
├──────────────────────────────┼─────────────┼──────────┼───────────┼───────────────┤
│ SEQUENTIAL vs UUIDV4         │      +61.2% │   0.0090 │ No        │ No overlap    │
│ SEQUENTIAL vs UUIDV7         │       +0.1% │   0.0090 │ No        │ No overlap    │
│ SEQUENTIAL vs ULID           │      +64.7% │   0.0090 │ No        │ No overlap    │
│ SEQUENTIAL vs ULID_MONOTONIC │       +0.1% │   0.0090 │ No        │ No overlap    │
│ SEQUENTIAL vs UUIDV1         │      +26.2% │   0.0090 │ No        │ No overlap    │
└──────────────────────────────┴─────────────┴──────────┴───────────┴───────────────┘

Latency P99 (µs)
┌────────────────┬──────────┬──────────┬──────────┬──────────┬──────────┬─────────┐
│ Key Type       │ Median   │ Mean     │ StdDev   │ Min      │ Max      │ CV %    │
├────────────────┼──────────┼──────────┼──────────┼──────────┼──────────┼─────────┤
│ SEQUENTIAL     │   326115 │   322669 │     9135 │   306707 │   329796 │     2.8 │
│ UUIDV4         │   656403 │   660033 │    28628 │   630803 │   706954 │     4.3 │
│ UUIDV7         │   328142 │   328951 │     4898 │   323473 │   336369 │     1.5 │
│ ULID           │   401033 │   398224 │     6906 │   390381 │   405402 │     1.7 │
│ ULID_MONOTONIC │   302825 │   305807 │    11620 │   296952 │   325661 │     3.8 │
│ UUIDV1         │   364674 │   371074 │    17922 │   351775 │   390220 │     4.8 │
└────────────────┴──────────┴──────────┴──────────┴──────────┴──────────┴─────────┘

Statistical Comparisons (vs SEQUENTIAL):
┌──────────────────────────────┬─────────────┬──────────┬───────────┬───────────────┐
│ Comparison                   │ Median Diff │ p-value  │ Overlap?  │ Significant?  │
├──────────────────────────────┼─────────────┼──────────┼───────────┼───────────────┤
│ SEQUENTIAL vs UUIDV4         │     +101.3% │   0.0090 │ No        │ No overlap    │
│ SEQUENTIAL vs UUIDV7         │       +0.6% │   0.2506 │ Yes       │ n.s.          │
│ SEQUENTIAL vs ULID           │      +23.0% │   0.0090 │ No        │ No overlap    │
│ SEQUENTIAL vs ULID_MONOTONIC │       -7.1% │   0.0283 │ Yes       │ * (p<0.05)    │
│ SEQUENTIAL vs UUIDV1         │      +11.8% │   0.0090 │ No        │ No overlap    │
└──────────────────────────────┴─────────────┴──────────┴───────────┴───────────────┘

Write IOPS
┌────────────────┬──────────┬──────────┬──────────┬──────────┬──────────┬─────────┐
│ Key Type       │ Median   │ Mean     │ StdDev   │ Min      │ Max      │ CV %    │
├────────────────┼──────────┼──────────┼──────────┼──────────┼──────────┼─────────┤
│ SEQUENTIAL     │      149 │      151 │        4 │      148 │      158 │     2.9 │
│ UUIDV4         │      143 │      141 │        5 │      133 │      147 │     3.7 │
│ UUIDV7         │      148 │      149 │        2 │      147 │      151 │     1.1 │
│ ULID           │      161 │      161 │        2 │      158 │      163 │     1.4 │
│ ULID_MONOTONIC │      156 │      155 │        2 │      151 │      157 │     1.5 │
│ UUIDV1         │      160 │      159 │        4 │      153 │      163 │     2.6 │
└────────────────┴──────────┴──────────┴──────────┴──────────┴──────────┴─────────┘

Statistical Comparisons (vs SEQUENTIAL):
┌──────────────────────────────┬─────────────┬──────────┬───────────┬───────────────┐
│ Comparison                   │ Median Diff │ p-value  │ Overlap?  │ Significant?  │
├──────────────────────────────┼─────────────┼──────────┼───────────┼───────────────┤
│ SEQUENTIAL vs UUIDV4         │       -4.3% │   0.0090 │ No        │ No overlap    │
│ SEQUENTIAL vs UUIDV7         │       -0.8% │   0.4647 │ Yes       │ n.s.          │
│ SEQUENTIAL vs ULID           │       +8.0% │   0.0283 │ Yes       │ * (p<0.05)    │
│ SEQUENTIAL vs ULID_MONOTONIC │       +4.4% │   0.1172 │ Yes       │ n.s.          │
│ SEQUENTIAL vs UUIDV1         │       +7.0% │   0.0283 │ Yes       │ * (p<0.05)    │
└──────────────────────────────┴─────────────┴──────────┴───────────┴───────────────┘

[2/5] READ PERFORMANCE
====================================================================================================

Testing SEQUENTIAL (5 runs)
----------------------------------------------------------------------
  Run 1/5... Starting fresh MySQL container...
Waiting for MySQL to initialize...
Container ready
Inserting 1000000 records to create index...
Inserted 1000000 records in 17m1.898s
Measuring fragmentation...
Warning: Could not count page splits: page split counts not captured
Index fragmentation: 0.16%
Resetting MySQL statistics...
Running 200000 point lookups...
Completed 200000 reads in 41.797s
Read throughput: 4784.96 ops/sec
Measuring buffer pool hit ratios...
Warning: Could not count page splits: page split counts not captured

Cleaning up container...
Container stopped and removed
done
  Run 2/5... Starting fresh MySQL container...
Waiting for MySQL to initialize...
Container ready
Inserting 1000000 records to create index...
Inserted 1000000 records in 18m8.765s
Measuring fragmentation...
Warning: Could not count page splits: page split counts not captured
Index fragmentation: 0.16%
Resetting MySQL statistics...
Running 200000 point lookups...
Completed 200000 reads in 47.472s
Read throughput: 4212.99 ops/sec
Measuring buffer pool hit ratios...
Warning: Could not count page splits: page split counts not captured

Cleaning up container...
Container stopped and removed
done
  Run 3/5... Starting fresh MySQL container...
Waiting for MySQL to initialize...
Container ready
Inserting 1000000 records to create index...
Inserted 1000000 records in 16m54.824s
Measuring fragmentation...
Warning: Could not count page splits: page split counts not captured
Index fragmentation: 0.16%
Resetting MySQL statistics...
Running 200000 point lookups...
Completed 200000 reads in 43.178s
Read throughput: 4631.90 ops/sec
Measuring buffer pool hit ratios...
Warning: Could not count page splits: page split counts not captured

Cleaning up container...
Container stopped and removed
done
  Run 4/5... Starting fresh MySQL container...
Waiting for MySQL to initialize...
Container ready
Inserting 1000000 records to create index...
Inserted 1000000 records in 16m41.754s
Measuring fragmentation...
Warning: Could not count page splits: page split counts not captured
Index fragmentation: 0.16%
Resetting MySQL statistics...
Running 200000 point lookups...
Completed 200000 reads in 40.532s
Read throughput: 4934.26 ops/sec
Measuring buffer pool hit ratios...
Warning: Could not count page splits: page split counts not captured

Cleaning up container...
Container stopped and removed
done
  Run 5/5... Starting fresh MySQL container...
Waiting for MySQL to initialize...
Container ready
Inserting 1000000 records to create index...
Inserted 1000000 records in 17m7.165s
Measuring fragmentation...
Warning: Could not count page splits: page split counts not captured
Index fragmentation: 0.16%
Resetting MySQL statistics...
Running 200000 point lookups...
Completed 200000 reads in 42.801s
Read throughput: 4672.70 ops/sec
Measuring buffer pool hit ratios...
Warning: Could not count page splits: page split counts not captured

Cleaning up container...
Container stopped and removed
done

Testing UUIDV4 (5 runs)
----------------------------------------------------------------------
  Run 1/5... Starting fresh MySQL container...
Waiting for MySQL to initialize...
Container ready
Inserting 1000000 records to create index...
Inserted 1000000 records in 43m27.681s
Measuring fragmentation...
Warning: Could not count page splits: page split counts not captured
Index fragmentation: 12.75%
Resetting MySQL statistics...
Running 200000 point lookups...
Completed 200000 reads in 47.059s
Read throughput: 4249.94 ops/sec
Measuring buffer pool hit ratios...
Warning: Could not count page splits: page split counts not captured

Cleaning up container...
Container stopped and removed
done
  Run 2/5... Starting fresh MySQL container...
Waiting for MySQL to initialize...
Container ready
Inserting 1000000 records to create index...
Inserted 1000000 records in 49m10.4s
Measuring fragmentation...
Warning: Could not count page splits: page split counts not captured
Index fragmentation: 12.79%
Resetting MySQL statistics...
Running 200000 point lookups...
Completed 200000 reads in 43.478s
Read throughput: 4599.93 ops/sec
Measuring buffer pool hit ratios...
Warning: Could not count page splits: page split counts not captured

Cleaning up container...
Container stopped and removed
done
  Run 3/5... Starting fresh MySQL container...
Waiting for MySQL to initialize...
Container ready
Inserting 1000000 records to create index...
Inserted 1000000 records in 51m33.166s
Measuring fragmentation...
Warning: Could not count page splits: page split counts not captured
Index fragmentation: 12.75%
Resetting MySQL statistics...
Running 200000 point lookups...
Completed 200000 reads in 47.711s
Read throughput: 4191.88 ops/sec
Measuring buffer pool hit ratios...
Warning: Could not count page splits: page split counts not captured

Cleaning up container...
Container stopped and removed
done
  Run 4/5... Starting fresh MySQL container...
Waiting for MySQL to initialize...
Container ready
Inserting 1000000 records to create index...
Inserted 1000000 records in 47m8.745s
Measuring fragmentation...
Warning: Could not count page splits: page split counts not captured
Index fragmentation: 12.77%
Resetting MySQL statistics...
Running 200000 point lookups...
Completed 200000 reads in 47.269s
Read throughput: 4231.07 ops/sec
Measuring buffer pool hit ratios...
Warning: Could not count page splits: page split counts not captured

Cleaning up container...
Container stopped and removed
done
  Run 5/5... Starting fresh MySQL container...
Waiting for MySQL to initialize...
Container ready
Inserting 1000000 records to create index...
Inserted 1000000 records in 43m53.588s
Measuring fragmentation...
Warning: Could not count page splits: page split counts not captured
Index fragmentation: 12.79%
Resetting MySQL statistics...
Running 200000 point lookups...
Completed 200000 reads in 46.153s
Read throughput: 4333.34 ops/sec
Measuring buffer pool hit ratios...
Warning: Could not count page splits: page split counts not captured

Cleaning up container...
Container stopped and removed
done

Testing UUIDV7 (5 runs)
----------------------------------------------------------------------
  Run 1/5... Starting fresh MySQL container...
Waiting for MySQL to initialize...
Container ready
Inserting 1000000 records to create index...
Inserted 1000000 records in 17m36.755s
Measuring fragmentation...
Warning: Could not count page splits: page split counts not captured
Index fragmentation: 0.25%
Resetting MySQL statistics...
Running 200000 point lookups...
Completed 200000 reads in 45.869s
Read throughput: 4360.22 ops/sec
Measuring buffer pool hit ratios...
Warning: Could not count page splits: page split counts not captured

Cleaning up container...
Container stopped and removed
done
  Run 2/5... Starting fresh MySQL container...
Waiting for MySQL to initialize...
Container ready
Inserting 1000000 records to create index...
Inserted 1000000 records in 17m21.859s
Measuring fragmentation...
Warning: Could not count page splits: page split counts not captured
Index fragmentation: 0.25%
Resetting MySQL statistics...
Running 200000 point lookups...
Completed 200000 reads in 43.715s
Read throughput: 4575.08 ops/sec
Measuring buffer pool hit ratios...
Warning: Could not count page splits: page split counts not captured

Cleaning up container...
Container stopped and removed
done
  Run 3/5... Starting fresh MySQL container...
Waiting for MySQL to initialize...
Container ready
Inserting 1000000 records to create index...
Inserted 1000000 records in 17m33.175s
Measuring fragmentation...
Warning: Could not count page splits: page split counts not captured
Index fragmentation: 0.25%
Resetting MySQL statistics...
Running 200000 point lookups...
Completed 200000 reads in 46.653s
Read throughput: 4286.93 ops/sec
Measuring buffer pool hit ratios...
Warning: Could not count page splits: page split counts not captured

Cleaning up container...
Container stopped and removed
done
  Run 4/5... Starting fresh MySQL container...
Waiting for MySQL to initialize...
Container ready
Inserting 1000000 records to create index...
Inserted 1000000 records in 18m36.692s
Measuring fragmentation...
Warning: Could not count page splits: page split counts not captured
Index fragmentation: 0.25%
Resetting MySQL statistics...
Running 200000 point lookups...
Completed 200000 reads in 46.515s
Read throughput: 4299.62 ops/sec
Measuring buffer pool hit ratios...
Warning: Could not count page splits: page split counts not captured

Cleaning up container...
Container stopped and removed
done
  Run 5/5... Starting fresh MySQL container...
Waiting for MySQL to initialize...
Container ready
Inserting 1000000 records to create index...
Inserted 1000000 records in 19m2.054s
Measuring fragmentation...
Warning: Could not count page splits: page split counts not captured
Index fragmentation: 0.25%
Resetting MySQL statistics...
Running 200000 point lookups...
Completed 200000 reads in 45.83s
Read throughput: 4363.92 ops/sec
Measuring buffer pool hit ratios...
Warning: Could not count page splits: page split counts not captured

Cleaning up container...
Container stopped and removed
done

Testing ULID (5 runs)
----------------------------------------------------------------------
  Run 1/5... Starting fresh MySQL container...
Waiting for MySQL to initialize...
Container ready
Inserting 1000000 records to create index...
Inserted 1000000 records in 21m7.935s
Measuring fragmentation...
Warning: Could not count page splits: page split counts not captured
Index fragmentation: 12.78%
Resetting MySQL statistics...
Running 200000 point lookups...
Completed 200000 reads in 46.544s
Read throughput: 4296.93 ops/sec
Measuring buffer pool hit ratios...
Warning: Could not count page splits: page split counts not captured

Cleaning up container...
Container stopped and removed
done
  Run 2/5... Starting fresh MySQL container...
Waiting for MySQL to initialize...
Container ready
Inserting 1000000 records to create index...
Inserted 1000000 records in 23m34.907s
Measuring fragmentation...
Warning: Could not count page splits: page split counts not captured
Index fragmentation: 12.80%
Resetting MySQL statistics...
Running 200000 point lookups...
Completed 200000 reads in 47.28s
Read throughput: 4230.06 ops/sec
Measuring buffer pool hit ratios...
Warning: Could not count page splits: page split counts not captured

Cleaning up container...
Container stopped and removed
done
  Run 3/5... Starting fresh MySQL container...
Waiting for MySQL to initialize...
Container ready
Inserting 1000000 records to create index...
Inserted 1000000 records in 23m33.612s
Measuring fragmentation...
Warning: Could not count page splits: page split counts not captured
Index fragmentation: 12.73%
Resetting MySQL statistics...
Running 200000 point lookups...
Completed 200000 reads in 46.47s
Read throughput: 4303.79 ops/sec
Measuring buffer pool hit ratios...
Warning: Could not count page splits: page split counts not captured

Cleaning up container...
Container stopped and removed
done
  Run 4/5... Starting fresh MySQL container...
Waiting for MySQL to initialize...
Container ready
Inserting 1000000 records to create index...
Inserted 1000000 records in 21m57.785s
Measuring fragmentation...
Warning: Could not count page splits: page split counts not captured
Index fragmentation: 12.77%
Resetting MySQL statistics...
Running 200000 point lookups...
Completed 200000 reads in 46.221s
Read throughput: 4326.98 ops/sec
Measuring buffer pool hit ratios...
Warning: Could not count page splits: page split counts not captured

Cleaning up container...
Container stopped and removed
done
  Run 5/5... Starting fresh MySQL container...
Waiting for MySQL to initialize...
Container ready
Inserting 1000000 records to create index...
Inserted 1000000 records in 21m37.36s
Measuring fragmentation...
Warning: Could not count page splits: page split counts not captured
Index fragmentation: 12.77%
Resetting MySQL statistics...
Running 200000 point lookups...
Completed 200000 reads in 44.542s
Read throughput: 4490.05 ops/sec
Measuring buffer pool hit ratios...
Warning: Could not count page splits: page split counts not captured

Cleaning up container...
Container stopped and removed
done

Testing ULID_MONOTONIC (5 runs)
----------------------------------------------------------------------
  Run 1/5... Starting fresh MySQL container...
Waiting for MySQL to initialize...
Container ready
Inserting 1000000 records to create index...
Inserted 1000000 records in 18m9.345s
Measuring fragmentation...
Warning: Could not count page splits: page split counts not captured
Index fragmentation: 0.25%
Resetting MySQL statistics...
Running 200000 point lookups...
Completed 200000 reads in 44.553s
Read throughput: 4488.97 ops/sec
Measuring buffer pool hit ratios...
Warning: Could not count page splits: page split counts not captured

Cleaning up container...
Container stopped and removed
done
  Run 2/5... Starting fresh MySQL container...
Waiting for MySQL to initialize...
Container ready
Inserting 1000000 records to create index...
Inserted 1000000 records in 17m9.935s
Measuring fragmentation...
Warning: Could not count page splits: page split counts not captured
Index fragmentation: 0.25%
Resetting MySQL statistics...
Running 200000 point lookups...
Completed 200000 reads in 46.29s
Read throughput: 4320.57 ops/sec
Measuring buffer pool hit ratios...
Warning: Could not count page splits: page split counts not captured

Cleaning up container...
Container stopped and removed
done
  Run 3/5... Starting fresh MySQL container...
Waiting for MySQL to initialize...
Container ready
Inserting 1000000 records to create index...
Inserted 1000000 records in 16m59.95s
Measuring fragmentation...
Warning: Could not count page splits: page split counts not captured
Index fragmentation: 0.25%
Resetting MySQL statistics...
Running 200000 point lookups...
Completed 200000 reads in 42.178s
Read throughput: 4741.74 ops/sec
Measuring buffer pool hit ratios...
Warning: Could not count page splits: page split counts not captured

Cleaning up container...
Container stopped and removed
done
  Run 4/5... Starting fresh MySQL container...
Waiting for MySQL to initialize...
Container ready
Inserting 1000000 records to create index...
Inserted 1000000 records in 17m9.034s
Measuring fragmentation...
Warning: Could not count page splits: page split counts not captured
Index fragmentation: 0.25%
Resetting MySQL statistics...
Running 200000 point lookups...
Completed 200000 reads in 46.025s
Read throughput: 4345.46 ops/sec
Measuring buffer pool hit ratios...
Warning: Could not count page splits: page split counts not captured

Cleaning up container...
Container stopped and removed
done
  Run 5/5... Starting fresh MySQL container...
Waiting for MySQL to initialize...
Container ready
Inserting 1000000 records to create index...
Inserted 1000000 records in 16m56.188s
Measuring fragmentation...
Warning: Could not count page splits: page split counts not captured
Index fragmentation: 0.25%
Resetting MySQL statistics...
Running 200000 point lookups...
Completed 200000 reads in 45.344s
Read throughput: 4410.72 ops/sec
Measuring buffer pool hit ratios...
Warning: Could not count page splits: page split counts not captured

Cleaning up container...
Container stopped and removed
done

Testing UUIDV1 (5 runs)
----------------------------------------------------------------------
  Run 1/5... Starting fresh MySQL container...
Waiting for MySQL to initialize...
Container ready
Inserting 1000000 records to create index...
Inserted 1000000 records in 20m10.949s
Measuring fragmentation...
Warning: Could not count page splits: page split counts not captured
Index fragmentation: 12.85%
Resetting MySQL statistics...
Running 200000 point lookups...
Completed 200000 reads in 46.033s
Read throughput: 4344.65 ops/sec
Measuring buffer pool hit ratios...
Warning: Could not count page splits: page split counts not captured

Cleaning up container...
Container stopped and removed
done
  Run 2/5... Starting fresh MySQL container...
Waiting for MySQL to initialize...
Container ready
Inserting 1000000 records to create index...
Inserted 1000000 records in 19m12.009s
Measuring fragmentation...
Warning: Could not count page splits: page split counts not captured
Index fragmentation: 12.87%
Resetting MySQL statistics...
Running 200000 point lookups...
Completed 200000 reads in 43.057s
Read throughput: 4644.96 ops/sec
Measuring buffer pool hit ratios...
Warning: Could not count page splits: page split counts not captured

Cleaning up container...
Container stopped and removed
done
  Run 3/5... Starting fresh MySQL container...
Waiting for MySQL to initialize...
Container ready
Inserting 1000000 records to create index...
Inserted 1000000 records in 21m52.519s
Measuring fragmentation...
Warning: Could not count page splits: page split counts not captured
Index fragmentation: 12.85%
Resetting MySQL statistics...
Running 200000 point lookups...
Completed 200000 reads in 44.478s
Read throughput: 4496.60 ops/sec
Measuring buffer pool hit ratios...
Warning: Could not count page splits: page split counts not captured

Cleaning up container...
Container stopped and removed
done
  Run 4/5... Starting fresh MySQL container...
Waiting for MySQL to initialize...
Container ready
Inserting 1000000 records to create index...
Inserted 1000000 records in 18m53.585s
Measuring fragmentation...
Warning: Could not count page splits: page split counts not captured
Index fragmentation: 12.89%
Resetting MySQL statistics...
Running 200000 point lookups...
Completed 200000 reads in 45.659s
Read throughput: 4380.28 ops/sec
Measuring buffer pool hit ratios...
Warning: Could not count page splits: page split counts not captured

Cleaning up container...
Container stopped and removed
done
  Run 5/5... Starting fresh MySQL container...
Waiting for MySQL to initialize...
Container ready
Inserting 1000000 records to create index...
Inserted 1000000 records in 21m47.409s
Measuring fragmentation...
Warning: Could not count page splits: page split counts not captured
Index fragmentation: 12.89%
Resetting MySQL statistics...
Running 200000 point lookups...
Completed 200000 reads in 46.251s
Read throughput: 4324.22 ops/sec
Measuring buffer pool hit ratios...
Warning: Could not count page splits: page split counts not captured

Cleaning up container...
Container stopped and removed
done

====================================================================================================
Read Performance - Statistical Summary (5 runs per UUID type)
====================================================================================================

Read Throughput (ops/sec)
┌────────────────┬──────────┬──────────┬──────────┬──────────┬──────────┬─────────┐
│ Key Type       │ Median   │ Mean     │ StdDev   │ Min      │ Max      │ CV %    │
├────────────────┼──────────┼──────────┼──────────┼──────────┼──────────┼─────────┤
│ SEQUENTIAL     │     4673 │     4647 │      270 │     4213 │     4934 │     5.8 │
│ UUIDV4         │     4250 │     4321 │      164 │     4192 │     4600 │     3.8 │
│ UUIDV7         │     4360 │     4377 │      116 │     4287 │     4575 │     2.6 │
│ ULID           │     4304 │     4330 │       97 │     4230 │     4490 │     2.2 │
│ ULID_MONOTONIC │     4411 │     4461 │      170 │     4321 │     4742 │     3.8 │
│ UUIDV1         │     4380 │     4438 │      133 │     4324 │     4645 │     3.0 │
└────────────────┴──────────┴──────────┴──────────┴──────────┴──────────┴─────────┘

Statistical Comparisons (vs SEQUENTIAL):
┌──────────────────────────────┬─────────────┬──────────┬───────────┬───────────────┐
│ Comparison                   │ Median Diff │ p-value  │ Overlap?  │ Significant?  │
├──────────────────────────────┼─────────────┼──────────┼───────────┼───────────────┤
│ SEQUENTIAL vs UUIDV4         │       -9.0% │   0.0758 │ Yes       │ n.s.          │
│ SEQUENTIAL vs UUIDV7         │       -6.7% │   0.1172 │ Yes       │ n.s.          │
│ SEQUENTIAL vs ULID           │       -7.9% │   0.1172 │ Yes       │ n.s.          │
│ SEQUENTIAL vs ULID_MONOTONIC │       -5.6% │   0.2506 │ Yes       │ n.s.          │
│ SEQUENTIAL vs UUIDV1         │       -6.3% │   0.1745 │ Yes       │ n.s.          │
└──────────────────────────────┴─────────────┴──────────┴───────────┴───────────────┘

Fragmentation (%)
┌────────────────┬──────────┬──────────┬──────────┬──────────┬──────────┬─────────┐
│ Key Type       │ Median   │ Mean     │ StdDev   │ Min      │ Max      │ CV %    │
├────────────────┼──────────┼──────────┼──────────┼──────────┼──────────┼─────────┤
│ SEQUENTIAL     │     0.16 │     0.16 │     0.00 │     0.16 │     0.16 │     0.0 │
│ UUIDV4         │    12.77 │    12.77 │     0.02 │    12.75 │    12.79 │     0.1 │
│ UUIDV7         │     0.25 │     0.25 │     0.00 │     0.25 │     0.25 │     0.0 │
│ ULID           │    12.77 │    12.77 │     0.03 │    12.73 │    12.80 │     0.2 │
│ ULID_MONOTONIC │     0.25 │     0.25 │     0.00 │     0.25 │     0.25 │     0.0 │
│ UUIDV1         │    12.87 │    12.87 │     0.02 │    12.85 │    12.89 │     0.2 │
└────────────────┴──────────┴──────────┴──────────┴──────────┴──────────┴─────────┘

Statistical Comparisons (vs SEQUENTIAL):
┌──────────────────────────────┬─────────────┬──────────┬───────────┬───────────────┐
│ Comparison                   │ Median Diff │ p-value  │ Overlap?  │ Significant?  │
├──────────────────────────────┼─────────────┼──────────┼───────────┼───────────────┤
│ SEQUENTIAL vs UUIDV4         │    +7916.0% │   0.0090 │ No        │ No overlap    │
│ SEQUENTIAL vs UUIDV7         │      +57.8% │   0.0090 │ No        │ No overlap    │
│ SEQUENTIAL vs ULID           │    +7916.1% │   0.0090 │ No        │ No overlap    │
│ SEQUENTIAL vs ULID_MONOTONIC │      +57.8% │   0.0090 │ No        │ No overlap    │
│ SEQUENTIAL vs UUIDV1         │    +7975.4% │   0.0090 │ No        │ No overlap    │
└──────────────────────────────┴─────────────┴──────────┴───────────┴───────────────┘

Cache Hit Ratio
┌────────────────┬──────────┬──────────┬──────────┬──────────┬──────────┬─────────┐
│ Key Type       │ Median   │ Mean     │ StdDev   │ Min      │ Max      │ CV %    │
├────────────────┼──────────┼──────────┼──────────┼──────────┼──────────┼─────────┤
│ SEQUENTIAL     │   0.9997 │   0.9997 │   0.0000 │   0.9997 │   0.9997 │     0.0 │
│ UUIDV4         │   0.9998 │   0.9998 │   0.0000 │   0.9998 │   0.9998 │     0.0 │
│ UUIDV7         │   0.9997 │   0.9997 │   0.0000 │   0.9997 │   0.9997 │     0.0 │
│ ULID           │   0.9998 │   0.9998 │   0.0000 │   0.9998 │   0.9998 │     0.0 │
│ ULID_MONOTONIC │   0.9997 │   0.9997 │   0.0000 │   0.9997 │   0.9997 │     0.0 │
│ UUIDV1         │   0.9998 │   0.9998 │   0.0000 │   0.9998 │   0.9998 │     0.0 │
└────────────────┴──────────┴──────────┴──────────┴──────────┴──────────┴─────────┘

Statistical Comparisons (vs SEQUENTIAL):
┌──────────────────────────────┬─────────────┬──────────┬───────────┬───────────────┐
│ Comparison                   │ Median Diff │ p-value  │ Overlap?  │ Significant?  │
├──────────────────────────────┼─────────────┼──────────┼───────────┼───────────────┤
│ SEQUENTIAL vs UUIDV4         │       +0.0% │   0.0090 │ No        │ No overlap    │
│ SEQUENTIAL vs UUIDV7         │       -0.0% │   0.2506 │ Yes       │ n.s.          │
│ SEQUENTIAL vs ULID           │       +0.0% │   0.0090 │ No        │ No overlap    │
│ SEQUENTIAL vs ULID_MONOTONIC │       -0.0% │   0.2506 │ Yes       │ n.s.          │
│ SEQUENTIAL vs UUIDV1         │       +0.0% │   0.0090 │ No        │ No overlap    │
└──────────────────────────────┴─────────────┴──────────┴───────────┴───────────────┘

Index Hit Ratio
┌────────────────┬──────────┬──────────┬──────────┬──────────┬──────────┬─────────┐
│ Key Type       │ Median   │ Mean     │ StdDev   │ Min      │ Max      │ CV %    │
├────────────────┼──────────┼──────────┼──────────┼──────────┼──────────┼─────────┤
│ SEQUENTIAL     │   0.9997 │   0.9997 │   0.0000 │   0.9997 │   0.9997 │     0.0 │
│ UUIDV4         │   0.9998 │   0.9998 │   0.0000 │   0.9998 │   0.9998 │     0.0 │
│ UUIDV7         │   0.9997 │   0.9997 │   0.0000 │   0.9997 │   0.9997 │     0.0 │
│ ULID           │   0.9998 │   0.9998 │   0.0000 │   0.9998 │   0.9998 │     0.0 │
│ ULID_MONOTONIC │   0.9997 │   0.9997 │   0.0000 │   0.9997 │   0.9997 │     0.0 │
│ UUIDV1         │   0.9998 │   0.9998 │   0.0000 │   0.9998 │   0.9998 │     0.0 │
└────────────────┴──────────┴──────────┴──────────┴──────────┴──────────┴─────────┘

Statistical Comparisons (vs SEQUENTIAL):
┌──────────────────────────────┬─────────────┬──────────┬───────────┬───────────────┐
│ Comparison                   │ Median Diff │ p-value  │ Overlap?  │ Significant?  │
├──────────────────────────────┼─────────────┼──────────┼───────────┼───────────────┤
│ SEQUENTIAL vs UUIDV4         │       +0.0% │   0.0090 │ No        │ No overlap    │
│ SEQUENTIAL vs UUIDV7         │       -0.0% │   0.2506 │ Yes       │ n.s.          │
│ SEQUENTIAL vs ULID           │       +0.0% │   0.0090 │ No        │ No overlap    │
│ SEQUENTIAL vs ULID_MONOTONIC │       -0.0% │   0.2506 │ Yes       │ n.s.          │
│ SEQUENTIAL vs UUIDV1         │       +0.0% │   0.0090 │ No        │ No overlap    │
└──────────────────────────────┴─────────────┴──────────┴───────────┴───────────────┘

Latency P50 (µs)
┌────────────────┬──────────┬──────────┬──────────┬──────────┬──────────┬─────────┐
│ Key Type       │ Median   │ Mean     │ StdDev   │ Min      │ Max      │ CV %    │
├────────────────┼──────────┼──────────┼──────────┼──────────┼──────────┼─────────┤
│ SEQUENTIAL     │      222 │      220 │       10 │      207 │      233 │     4.7 │
│ UUIDV4         │      231 │      230 │        4 │      224 │      233 │     1.7 │
│ UUIDV7         │      226 │      226 │        4 │      223 │      232 │     1.5 │
│ ULID           │      229 │      229 │        3 │      224 │      232 │     1.3 │
│ ULID_MONOTONIC │      226 │      223 │       10 │      206 │      233 │     4.6 │
│ UUIDV1         │      226 │      225 │        4 │      219 │      229 │     1.7 │
└────────────────┴──────────┴──────────┴──────────┴──────────┴──────────┴─────────┘

Statistical Comparisons (vs SEQUENTIAL):
┌──────────────────────────────┬─────────────┬──────────┬───────────┬───────────────┐
│ Comparison                   │ Median Diff │ p-value  │ Overlap?  │ Significant?  │
├──────────────────────────────┼─────────────┼──────────┼───────────┼───────────────┤
│ SEQUENTIAL vs UUIDV4         │       +4.1% │   0.1172 │ Yes       │ n.s.          │
│ SEQUENTIAL vs UUIDV7         │       +1.8% │   0.2963 │ Yes       │ n.s.          │
│ SEQUENTIAL vs ULID           │       +3.2% │   0.1745 │ Yes       │ n.s.          │
│ SEQUENTIAL vs ULID_MONOTONIC │       +1.8% │   0.6015 │ Yes       │ n.s.          │
│ SEQUENTIAL vs UUIDV1         │       +1.8% │   0.3472 │ Yes       │ n.s.          │
└──────────────────────────────┴─────────────┴──────────┴───────────┴───────────────┘

Latency P95 (µs)
┌────────────────┬──────────┬──────────┬──────────┬──────────┬──────────┬─────────┐
│ Key Type       │ Median   │ Mean     │ StdDev   │ Min      │ Max      │ CV %    │
├────────────────┼──────────┼──────────┼──────────┼──────────┼──────────┼─────────┤
│ SEQUENTIAL     │      261 │      261 │       11 │      246 │      271 │     4.1 │
│ UUIDV4         │      271 │      270 │        5 │      263 │      275 │     1.7 │
│ UUIDV7         │      271 │      270 │        6 │      262 │      279 │     2.4 │
│ ULID           │      273 │      272 │        3 │      267 │      276 │     1.3 │
│ ULID_MONOTONIC │      269 │      270 │        7 │      262 │      278 │     2.6 │
│ UUIDV1         │      267 │      266 │        7 │      255 │      273 │     2.7 │
└────────────────┴──────────┴──────────┴──────────┴──────────┴──────────┴─────────┘

Statistical Comparisons (vs SEQUENTIAL):
┌──────────────────────────────┬─────────────┬──────────┬───────────┬───────────────┐
│ Comparison                   │ Median Diff │ p-value  │ Overlap?  │ Significant?  │
├──────────────────────────────┼─────────────┼──────────┼───────────┼───────────────┤
│ SEQUENTIAL vs UUIDV4         │       +3.8% │   0.1172 │ Yes       │ n.s.          │
│ SEQUENTIAL vs UUIDV7         │       +3.8% │   0.1172 │ Yes       │ n.s.          │
│ SEQUENTIAL vs ULID           │       +4.6% │   0.0472 │ Yes       │ * (p<0.05)    │
│ SEQUENTIAL vs ULID_MONOTONIC │       +3.1% │   0.1745 │ Yes       │ n.s.          │
│ SEQUENTIAL vs UUIDV1         │       +2.3% │   0.3472 │ Yes       │ n.s.          │
└──────────────────────────────┴─────────────┴──────────┴───────────┴───────────────┘

Latency P99 (µs)
┌────────────────┬──────────┬──────────┬──────────┬──────────┬──────────┬─────────┐
│ Key Type       │ Median   │ Mean     │ StdDev   │ Min      │ Max      │ CV %    │
├────────────────┼──────────┼──────────┼──────────┼──────────┼──────────┼─────────┤
│ SEQUENTIAL     │      315 │      337 │       61 │      282 │      424 │    18.2 │
│ UUIDV4         │      410 │      414 │       37 │      372 │      470 │     8.9 │
│ UUIDV7         │      354 │      356 │       34 │      306 │      390 │     9.7 │
│ ULID           │      365 │      379 │       33 │      342 │      417 │     8.6 │
│ ULID_MONOTONIC │      399 │      381 │       51 │      319 │      429 │    13.4 │
│ UUIDV1         │      348 │      363 │       34 │      336 │      419 │     9.4 │
└────────────────┴──────────┴──────────┴──────────┴──────────┴──────────┴─────────┘

Statistical Comparisons (vs SEQUENTIAL):
┌──────────────────────────────┬─────────────┬──────────┬───────────┬───────────────┐
│ Comparison                   │ Median Diff │ p-value  │ Overlap?  │ Significant?  │
├──────────────────────────────┼─────────────┼──────────┼───────────┼───────────────┤
│ SEQUENTIAL vs UUIDV4         │      +30.2% │   0.1172 │ Yes       │ n.s.          │
│ SEQUENTIAL vs UUIDV7         │      +12.4% │   0.4647 │ Yes       │ n.s.          │
│ SEQUENTIAL vs ULID           │      +15.9% │   0.3472 │ Yes       │ n.s.          │
│ SEQUENTIAL vs ULID_MONOTONIC │      +26.7% │   0.1437 │ Yes       │ n.s.          │
│ SEQUENTIAL vs UUIDV1         │      +10.5% │   0.4647 │ Yes       │ n.s.          │
└──────────────────────────────┴─────────────┴──────────┴───────────┴───────────────┘

Read IOPS
┌────────────────┬──────────┬──────────┬──────────┬──────────┬──────────┬─────────┐
│ Key Type       │ Median   │ Mean     │ StdDev   │ Min      │ Max      │ CV %    │
├────────────────┼──────────┼──────────┼──────────┼──────────┼──────────┼─────────┤
│ SEQUENTIAL     │        0 │        0 │        0 │        0 │        0 │     0.0 │
│ UUIDV4         │        0 │        0 │        0 │        0 │        0 │     0.0 │
│ UUIDV7         │        0 │        0 │        0 │        0 │        0 │     0.0 │
│ ULID           │        0 │        0 │        0 │        0 │        0 │     0.0 │
│ ULID_MONOTONIC │        0 │        0 │        0 │        0 │        0 │     0.0 │
│ UUIDV1         │        0 │        0 │        0 │        0 │        0 │     0.0 │
└────────────────┴──────────┴──────────┴──────────┴──────────┴──────────┴─────────┘

Statistical Comparisons (vs SEQUENTIAL):
┌──────────────────────────────┬─────────────┬──────────┬───────────┬───────────────┐
│ Comparison                   │ Median Diff │ p-value  │ Overlap?  │ Significant?  │
├──────────────────────────────┼─────────────┼──────────┼───────────┼───────────────┤
│ SEQUENTIAL vs UUIDV4         │       +0.0% │   1.0000 │ Yes       │ n.s.          │
│ SEQUENTIAL vs UUIDV7         │       +0.0% │   1.0000 │ Yes       │ n.s.          │
│ SEQUENTIAL vs ULID           │       +0.0% │   1.0000 │ Yes       │ n.s.          │
│ SEQUENTIAL vs ULID_MONOTONIC │       +0.0% │   1.0000 │ Yes       │ n.s.          │
│ SEQUENTIAL vs UUIDV1         │       +0.0% │   1.0000 │ Yes       │ n.s.          │
└──────────────────────────────┴─────────────┴──────────┴───────────┴───────────────┘

Write IOPS
┌────────────────┬──────────┬──────────┬──────────┬──────────┬──────────┬─────────┐
│ Key Type       │ Median   │ Mean     │ StdDev   │ Min      │ Max      │ CV %    │
├────────────────┼──────────┼──────────┼──────────┼──────────┼──────────┼─────────┤
│ SEQUENTIAL     │      187 │      185 │       16 │      164 │      207 │     8.7 │
│ UUIDV4         │      119 │      123 │        9 │      113 │      134 │     7.7 │
│ UUIDV7         │      185 │      187 │       19 │      168 │      216 │    10.0 │
│ ULID           │      169 │      174 │       14 │      160 │      195 │     8.1 │
│ ULID_MONOTONIC │      182 │      185 │        8 │      177 │      199 │     4.5 │
│ UUIDV1         │      176 │      171 │       17 │      151 │      192 │    10.0 │
└────────────────┴──────────┴──────────┴──────────┴──────────┴──────────┴─────────┘

Statistical Comparisons (vs SEQUENTIAL):
┌──────────────────────────────┬─────────────┬──────────┬───────────┬───────────────┐
│ Comparison                   │ Median Diff │ p-value  │ Overlap?  │ Significant?  │
├──────────────────────────────┼─────────────┼──────────┼───────────┼───────────────┤
│ SEQUENTIAL vs UUIDV4         │      -36.3% │   0.0090 │ No        │ No overlap    │
│ SEQUENTIAL vs UUIDV7         │       -1.4% │   0.9168 │ Yes       │ n.s.          │
│ SEQUENTIAL vs ULID           │      -10.0% │   0.3472 │ Yes       │ n.s.          │
│ SEQUENTIAL vs ULID_MONOTONIC │       -2.8% │   0.9168 │ Yes       │ n.s.          │
│ SEQUENTIAL vs UUIDV1         │       -6.3% │   0.2506 │ Yes       │ n.s.          │
└──────────────────────────────┴─────────────┴──────────┴───────────┴───────────────┘

Read Throughput (MB/s)
┌────────────────┬──────────┬──────────┬──────────┬──────────┬──────────┬─────────┐
│ Key Type       │ Median   │ Mean     │ StdDev   │ Min      │ Max      │ CV %    │
├────────────────┼──────────┼──────────┼──────────┼──────────┼──────────┼─────────┤
│ SEQUENTIAL     │      0.0 │      0.0 │      0.0 │      0.0 │      0.0 │     0.0 │
│ UUIDV4         │      0.0 │      0.0 │      0.0 │      0.0 │      0.0 │     0.0 │
│ UUIDV7         │      0.0 │      0.0 │      0.0 │      0.0 │      0.0 │     0.0 │
│ ULID           │      0.0 │      0.0 │      0.0 │      0.0 │      0.0 │     0.0 │
│ ULID_MONOTONIC │      0.0 │      0.0 │      0.0 │      0.0 │      0.0 │     0.0 │
│ UUIDV1         │      0.0 │      0.0 │      0.0 │      0.0 │      0.0 │     0.0 │
└────────────────┴──────────┴──────────┴──────────┴──────────┴──────────┴─────────┘

Statistical Comparisons (vs SEQUENTIAL):
┌──────────────────────────────┬─────────────┬──────────┬───────────┬───────────────┐
│ Comparison                   │ Median Diff │ p-value  │ Overlap?  │ Significant?  │
├──────────────────────────────┼─────────────┼──────────┼───────────┼───────────────┤
│ SEQUENTIAL vs UUIDV4         │       +0.0% │   1.0000 │ Yes       │ n.s.          │
│ SEQUENTIAL vs UUIDV7         │       +0.0% │   1.0000 │ Yes       │ n.s.          │
│ SEQUENTIAL vs ULID           │       +0.0% │   1.0000 │ Yes       │ n.s.          │
│ SEQUENTIAL vs ULID_MONOTONIC │       +0.0% │   1.0000 │ Yes       │ n.s.          │
│ SEQUENTIAL vs UUIDV1         │       +0.0% │   1.0000 │ Yes       │ n.s.          │
└──────────────────────────────┴─────────────┴──────────┴───────────┴───────────────┘

Write Throughput (MB/s)
┌────────────────┬──────────┬──────────┬──────────┬──────────┬──────────┬─────────┐
│ Key Type       │ Median   │ Mean     │ StdDev   │ Min      │ Max      │ CV %    │
├────────────────┼──────────┼──────────┼──────────┼──────────┼──────────┼─────────┤
│ SEQUENTIAL     │      4.4 │      4.3 │      0.4 │      3.8 │      4.8 │     8.6 │
│ UUIDV4         │      2.8 │      2.9 │      0.2 │      2.6 │      3.2 │     7.7 │
│ UUIDV7         │      4.3 │      4.4 │      0.4 │      3.9 │      5.0 │     9.9 │
│ ULID           │      3.9 │      4.1 │      0.3 │      3.7 │      4.6 │     8.1 │
│ ULID_MONOTONIC │      4.3 │      4.3 │      0.2 │      4.1 │      4.7 │     4.7 │
│ UUIDV1         │      4.1 │      4.0 │      0.4 │      3.6 │      4.5 │     9.7 │
└────────────────┴──────────┴──────────┴──────────┴──────────┴──────────┴─────────┘

Statistical Comparisons (vs SEQUENTIAL):
┌──────────────────────────────┬─────────────┬──────────┬───────────┬───────────────┐
│ Comparison                   │ Median Diff │ p-value  │ Overlap?  │ Significant?  │
├──────────────────────────────┼─────────────┼──────────┼───────────┼───────────────┤
│ SEQUENTIAL vs UUIDV4         │      -35.7% │   0.0090 │ No        │ No overlap    │
│ SEQUENTIAL vs UUIDV7         │       -0.9% │   0.9168 │ Yes       │ n.s.          │
│ SEQUENTIAL vs ULID           │       -9.6% │   0.3472 │ Yes       │ n.s.          │
│ SEQUENTIAL vs ULID_MONOTONIC │       -2.2% │   0.9168 │ Yes       │ n.s.          │
│ SEQUENTIAL vs UUIDV1         │       -5.3% │   0.3472 │ Yes       │ n.s.          │
└──────────────────────────────┴─────────────┴──────────┴───────────┴───────────────┘

[3/5] UPDATE PERFORMANCE
====================================================================================================

Testing SEQUENTIAL (5 runs)
----------------------------------------------------------------------
  Run 1/5... Starting fresh MySQL container...
Waiting for MySQL to initialize...
Container ready
Inserting 1000000 records...
Inserted 1000000 records
Running 200000 updates...
Completed 200000 updates in 1h41m36.008s
Update throughput: 32.81 ops/sec
Measuring fragmentation...

Cleaning up container...
Container stopped and removed
done
  Run 2/5... Starting fresh MySQL container...
Waiting for MySQL to initialize...
Container ready
Inserting 1000000 records...
Inserted 1000000 records
Running 200000 updates...
Completed 200000 updates in 2h1m58.535s
Update throughput: 27.33 ops/sec
Measuring fragmentation...

Cleaning up container...
Container stopped and removed
done
  Run 3/5... Starting fresh MySQL container...
Waiting for MySQL to initialize...
Container ready
Inserting 1000000 records...
Inserted 1000000 records
Running 200000 updates...
Completed 200000 updates in 2h2m6.997s
Update throughput: 27.30 ops/sec
Measuring fragmentation...

Cleaning up container...
Container stopped and removed
done
  Run 4/5... Starting fresh MySQL container...
Waiting for MySQL to initialize...
Container ready
Inserting 1000000 records...
Inserted 1000000 records
Running 200000 updates...
Completed 200000 updates in 1h57m18.845s
Update throughput: 28.41 ops/sec
Measuring fragmentation...

Cleaning up container...
Container stopped and removed
done
  Run 5/5... Starting fresh MySQL container...
Waiting for MySQL to initialize...
Container ready
Inserting 1000000 records...
Inserted 1000000 records
Running 200000 updates...
Completed 200000 updates in 1h51m23.877s
Update throughput: 29.92 ops/sec
Measuring fragmentation...

Cleaning up container...
Container stopped and removed
done

Testing UUIDV4 (5 runs)
----------------------------------------------------------------------
  Run 1/5... Starting fresh MySQL container...
Waiting for MySQL to initialize...
Container ready
Inserting 1000000 records...
Inserted 1000000 records
Running 200000 updates...
Completed 200000 updates in 2h9m12.902s
Update throughput: 25.80 ops/sec
Measuring fragmentation...

Cleaning up container...
Container stopped and removed
done
  Run 2/5... Starting fresh MySQL container...
Waiting for MySQL to initialize...
Container ready
Inserting 1000000 records...
Inserted 1000000 records
Running 200000 updates...
Completed 200000 updates in 1h54m22.175s
Update throughput: 29.15 ops/sec
Measuring fragmentation...

Cleaning up container...
Container stopped and removed
done
  Run 3/5... Starting fresh MySQL container...
Waiting for MySQL to initialize...
Container ready
Inserting 1000000 records...
Inserted 1000000 records
Running 200000 updates...
Completed 200000 updates in 2h7m5.862s
Update throughput: 26.23 ops/sec
Measuring fragmentation...

Cleaning up container...
Container stopped and removed
done
  Run 4/5... Starting fresh MySQL container...
Waiting for MySQL to initialize...
Container ready
Inserting 1000000 records...
Inserted 1000000 records
Running 200000 updates...
Completed 200000 updates in 2h4m19.465s
Update throughput: 26.81 ops/sec
Measuring fragmentation...

Cleaning up container...
Container stopped and removed
done
  Run 5/5... Starting fresh MySQL container...
Waiting for MySQL to initialize...
Container ready
Inserting 1000000 records...
Inserted 1000000 records
Running 200000 updates...
Completed 200000 updates in 2h10m49.207s
Update throughput: 25.48 ops/sec
Measuring fragmentation...

Cleaning up container...
Container stopped and removed
done

Testing UUIDV7 (5 runs)
----------------------------------------------------------------------
  Run 1/5... Starting fresh MySQL container...
Waiting for MySQL to initialize...
Container ready
Inserting 1000000 records...
Inserted 1000000 records
Running 200000 updates...
Completed 200000 updates in 1h54m30.639s
Update throughput: 29.11 ops/sec
Measuring fragmentation...

Cleaning up container...
Container stopped and removed
done
  Run 2/5... Starting fresh MySQL container...
Waiting for MySQL to initialize...
Container ready
Inserting 1000000 records...
Inserted 1000000 records
Running 200000 updates...
Completed 200000 updates in 1h52m7.83s
Update throughput: 29.73 ops/sec
Measuring fragmentation...

Cleaning up container...
Container stopped and removed
done
  Run 3/5... Starting fresh MySQL container...
Waiting for MySQL to initialize...
Container ready
Inserting 1000000 records...
Inserted 1000000 records
Running 200000 updates...
Completed 200000 updates in 1h51m52.863s
Update throughput: 29.79 ops/sec
Measuring fragmentation...

Cleaning up container...
Container stopped and removed
done
  Run 4/5... Starting fresh MySQL container...
Waiting for MySQL to initialize...
Container ready
Inserting 1000000 records...
Inserted 1000000 records
Running 200000 updates...
Completed 200000 updates in 1h51m54.739s
Update throughput: 29.79 ops/sec
Measuring fragmentation...

Cleaning up container...
Container stopped and removed
done
  Run 5/5... Starting fresh MySQL container...
Waiting for MySQL to initialize...
Container ready
Inserting 1000000 records...
Inserted 1000000 records
Running 200000 updates...
Completed 200000 updates in 1h50m28.911s
Update throughput: 30.17 ops/sec
Measuring fragmentation...

Cleaning up container...
Container stopped and removed
done

Testing ULID (5 runs)
----------------------------------------------------------------------
  Run 1/5... Starting fresh MySQL container...
Waiting for MySQL to initialize...
Container ready
Inserting 1000000 records...
Inserted 1000000 records
Running 200000 updates...
Completed 200000 updates in 1h50m36.97s
Update throughput: 30.13 ops/sec
Measuring fragmentation...

Cleaning up container...
Container stopped and removed
done
  Run 2/5... Starting fresh MySQL container...
Waiting for MySQL to initialize...
Container ready
Inserting 1000000 records...
Inserted 1000000 records
Running 200000 updates...
Completed 200000 updates in 1h50m39.288s
Update throughput: 30.12 ops/sec
Measuring fragmentation...

Cleaning up container...
Container stopped and removed
done
  Run 3/5... Starting fresh MySQL container...
Waiting for MySQL to initialize...
Container ready
Inserting 1000000 records...
Inserted 1000000 records
Running 200000 updates...
Completed 200000 updates in 1h50m34.824s
Update throughput: 30.14 ops/sec
Measuring fragmentation...

Cleaning up container...
Container stopped and removed
done
  Run 4/5... Starting fresh MySQL container...
Waiting for MySQL to initialize...
Container ready
Inserting 1000000 records...
Inserted 1000000 records
Running 200000 updates...
Completed 200000 updates in 1h47m29.724s
Update throughput: 31.01 ops/sec
Measuring fragmentation...

Cleaning up container...
Container stopped and removed
done
  Run 5/5... Starting fresh MySQL container...
Waiting for MySQL to initialize...
Container ready
Inserting 1000000 records...
Inserted 1000000 records
Running 200000 updates...
Completed 200000 updates in 1h47m55.808s
Update throughput: 30.88 ops/sec
Measuring fragmentation...

Cleaning up container...
Container stopped and removed
done

Testing ULID_MONOTONIC (5 runs)
----------------------------------------------------------------------
  Run 1/5... Starting fresh MySQL container...
Waiting for MySQL to initialize...
Container ready
Inserting 1000000 records...
Inserted 1000000 records
Running 200000 updates...
Completed 200000 updates in 1h49m4.44s
Update throughput: 30.56 ops/sec
Measuring fragmentation...

Cleaning up container...
Container stopped and removed
done
  Run 2/5... Starting fresh MySQL container...
Waiting for MySQL to initialize...
Container ready
Inserting 1000000 records...
Inserted 1000000 records
Running 200000 updates...
Completed 200000 updates in 1h48m22.901s
Update throughput: 30.76 ops/sec
Measuring fragmentation...

Cleaning up container...
Container stopped and removed
done
  Run 3/5... Starting fresh MySQL container...
Waiting for MySQL to initialize...
Container ready
Inserting 1000000 records...
Inserted 1000000 records
Running 200000 updates...
Completed 200000 updates in 1h46m54.7s
Update throughput: 31.18 ops/sec
Measuring fragmentation...

Cleaning up container...
Container stopped and removed
done
  Run 4/5... Starting fresh MySQL container...
Waiting for MySQL to initialize...
Container ready
Inserting 1000000 records...
Inserted 1000000 records
Running 200000 updates...
Completed 200000 updates in 1h53m52.267s
Update throughput: 29.27 ops/sec
Measuring fragmentation...

Cleaning up container...
Container stopped and removed
done
  Run 5/5... Starting fresh MySQL container...
Waiting for MySQL to initialize...
Container ready
Inserting 1000000 records...
Inserted 1000000 records
Running 200000 updates...
Completed 200000 updates in 1h47m11.119s
Update throughput: 31.10 ops/sec
Measuring fragmentation...

Cleaning up container...
Container stopped and removed
done

Testing UUIDV1 (5 runs)
----------------------------------------------------------------------
  Run 1/5... Starting fresh MySQL container...
Waiting for MySQL to initialize...
Container ready
Inserting 1000000 records...
Inserted 1000000 records
Running 200000 updates...
Completed 200000 updates in 1h47m17.69s
Update throughput: 31.07 ops/sec
Measuring fragmentation...

Cleaning up container...
Container stopped and removed
done
  Run 2/5... Starting fresh MySQL container...
Waiting for MySQL to initialize...
Container ready
Inserting 1000000 records...
Inserted 1000000 records
Running 200000 updates...
Completed 200000 updates in 1h54m28.54s
Update throughput: 29.12 ops/sec
Measuring fragmentation...

Cleaning up container...
Container stopped and removed
done
  Run 3/5... Starting fresh MySQL container...
Waiting for MySQL to initialize...
Container ready
Inserting 1000000 records...
Inserted 1000000 records
Running 200000 updates...
Completed 200000 updates in 1h48m33.309s
Update throughput: 30.71 ops/sec
Measuring fragmentation...

Cleaning up container...
Container stopped and removed
done
  Run 4/5... Starting fresh MySQL container...
Waiting for MySQL to initialize...
Container ready
Inserting 1000000 records...
Inserted 1000000 records
Running 200000 updates...
Completed 200000 updates in 2h1m26.244s
Update throughput: 27.45 ops/sec
Measuring fragmentation...

Cleaning up container...
Container stopped and removed
done
  Run 5/5... Starting fresh MySQL container...
Waiting for MySQL to initialize...
Container ready
Inserting 1000000 records...
Inserted 1000000 records
Running 200000 updates...
Completed 200000 updates in 1h55m28.795s
Update throughput: 28.87 ops/sec
Measuring fragmentation...

Cleaning up container...
Container stopped and removed
done

====================================================================================================
Update Performance - Statistical Summary (5 runs per UUID type)
====================================================================================================

Update Throughput (ops/sec)
┌────────────────┬──────────┬──────────┬──────────┬──────────┬──────────┬─────────┐
│ Key Type       │ Median   │ Mean     │ StdDev   │ Min      │ Max      │ CV %    │
├────────────────┼──────────┼──────────┼──────────┼──────────┼──────────┼─────────┤
│ SEQUENTIAL     │       28 │       29 │        2 │       27 │       33 │     7.9 │
│ UUIDV4         │       26 │       27 │        1 │       25 │       29 │     5.5 │
│ UUIDV7         │       30 │       30 │        0 │       29 │       30 │     1.3 │
│ ULID           │       30 │       30 │        0 │       30 │       31 │     1.5 │
│ ULID_MONOTONIC │       31 │       31 │        1 │       29 │       31 │     2.5 │
│ UUIDV1         │       29 │       29 │        1 │       27 │       31 │     5.0 │
└────────────────┴──────────┴──────────┴──────────┴──────────┴──────────┴─────────┘

Statistical Comparisons (vs SEQUENTIAL):
┌──────────────────────────────┬─────────────┬──────────┬───────────┬───────────────┐
│ Comparison                   │ Median Diff │ p-value  │ Overlap?  │ Significant?  │
├──────────────────────────────┼─────────────┼──────────┼───────────┼───────────────┤
│ SEQUENTIAL vs UUIDV4         │       -7.7% │   0.0472 │ Yes       │ * (p<0.05)    │
│ SEQUENTIAL vs UUIDV7         │       +4.8% │   0.4647 │ Yes       │ n.s.          │
│ SEQUENTIAL vs ULID           │       +6.1% │   0.1172 │ Yes       │ n.s.          │
│ SEQUENTIAL vs ULID_MONOTONIC │       +8.2% │   0.1745 │ Yes       │ n.s.          │
│ SEQUENTIAL vs UUIDV1         │       +2.5% │   0.4647 │ Yes       │ n.s.          │
└──────────────────────────────┴─────────────┴──────────┴───────────┴───────────────┘

Fragmentation (%)
┌────────────────┬──────────┬──────────┬──────────┬──────────┬──────────┬─────────┐
│ Key Type       │ Median   │ Mean     │ StdDev   │ Min      │ Max      │ CV %    │
├────────────────┼──────────┼──────────┼──────────┼──────────┼──────────┼─────────┤
│ SEQUENTIAL     │     0.16 │     0.16 │     0.00 │     0.16 │     0.16 │     0.0 │
│ UUIDV4         │    12.79 │    12.78 │     0.01 │    12.77 │    12.79 │     0.1 │
│ UUIDV7         │     0.25 │     0.25 │     0.00 │     0.25 │     0.25 │     0.0 │
│ ULID           │    12.79 │    12.78 │     0.03 │    12.72 │    12.81 │     0.3 │
│ ULID_MONOTONIC │     0.25 │     0.25 │     0.00 │     0.25 │     0.25 │     0.0 │
│ UUIDV1         │    12.87 │    12.87 │     0.02 │    12.84 │    12.89 │     0.1 │
└────────────────┴──────────┴──────────┴──────────┴──────────┴──────────┴─────────┘

Statistical Comparisons (vs SEQUENTIAL):
┌──────────────────────────────┬─────────────┬──────────┬───────────┬───────────────┐
│ Comparison                   │ Median Diff │ p-value  │ Overlap?  │ Significant?  │
├──────────────────────────────┼─────────────┼──────────┼───────────┼───────────────┤
│ SEQUENTIAL vs UUIDV4         │    +7925.5% │   0.0090 │ No        │ No overlap    │
│ SEQUENTIAL vs UUIDV7         │      +57.8% │   0.0090 │ No        │ No overlap    │
│ SEQUENTIAL vs ULID           │    +7927.3% │   0.0090 │ No        │ No overlap    │
│ SEQUENTIAL vs ULID_MONOTONIC │      +57.8% │   0.0090 │ No        │ No overlap    │
│ SEQUENTIAL vs UUIDV1         │    +7975.1% │   0.0090 │ No        │ No overlap    │
└──────────────────────────────┴─────────────┴──────────┴───────────┴───────────────┘

Latency P50 (µs)
┌────────────────┬──────────┬──────────┬──────────┬──────────┬──────────┬─────────┐
│ Key Type       │ Median   │ Mean     │ StdDev   │ Min      │ Max      │ CV %    │
├────────────────┼──────────┼──────────┼──────────┼──────────┼──────────┼─────────┤
│ SEQUENTIAL     │     7455 │     7517 │      125 │     7414 │     7709 │     1.7 │
│ UUIDV4         │     7265 │     7332 │      265 │     7102 │     7759 │     3.6 │
│ UUIDV7         │     7504 │     7603 │      288 │     7431 │     8113 │     3.8 │
│ ULID           │     7113 │     7173 │      358 │     6888 │     7764 │     5.0 │
│ ULID_MONOTONIC │     7912 │     7867 │      259 │     7428 │     8080 │     3.3 │
│ UUIDV1         │     7771 │     7760 │      308 │     7371 │     8096 │     4.0 │
└────────────────┴──────────┴──────────┴──────────┴──────────┴──────────┴─────────┘

Statistical Comparisons (vs SEQUENTIAL):
┌──────────────────────────────┬─────────────┬──────────┬───────────┬───────────────┐
│ Comparison                   │ Median Diff │ p-value  │ Overlap?  │ Significant?  │
├──────────────────────────────┼─────────────┼──────────┼───────────┼───────────────┤
│ SEQUENTIAL vs UUIDV4         │       -2.5% │   0.1172 │ Yes       │ n.s.          │
│ SEQUENTIAL vs UUIDV7         │       +0.7% │   0.6761 │ Yes       │ n.s.          │
│ SEQUENTIAL vs ULID           │       -4.6% │   0.1172 │ Yes       │ n.s.          │
│ SEQUENTIAL vs ULID_MONOTONIC │       +6.1% │   0.0758 │ Yes       │ n.s.          │
│ SEQUENTIAL vs UUIDV1         │       +4.2% │   0.2506 │ Yes       │ n.s.          │
└──────────────────────────────┴─────────────┴──────────┴───────────┴───────────────┘

Latency P95 (µs)
┌────────────────┬──────────┬──────────┬──────────┬──────────┬──────────┬─────────┐
│ Key Type       │ Median   │ Mean     │ StdDev   │ Min      │ Max      │ CV %    │
├────────────────┼──────────┼──────────┼──────────┼──────────┼──────────┼─────────┤
│ SEQUENTIAL     │    90878 │    89872 │     4042 │    83815 │    93371 │     4.5 │
│ UUIDV4         │   101351 │    99238 │     5359 │    91953 │   104499 │     5.4 │
│ UUIDV7         │    92308 │    92342 │      803 │    91384 │    93393 │     0.9 │
│ ULID           │    90914 │    91137 │      839 │    90378 │    92347 │     0.9 │
│ ULID_MONOTONIC │    89450 │    89374 │      678 │    88511 │    90318 │     0.8 │
│ UUIDV1         │    90109 │    90547 │     1937 │    88838 │    93714 │     2.1 │
└────────────────┴──────────┴──────────┴──────────┴──────────┴──────────┴─────────┘

Statistical Comparisons (vs SEQUENTIAL):
┌──────────────────────────────┬─────────────┬──────────┬───────────┬───────────────┐
│ Comparison                   │ Median Diff │ p-value  │ Overlap?  │ Significant?  │
├──────────────────────────────┼─────────────┼──────────┼───────────┼───────────────┤
│ SEQUENTIAL vs UUIDV4         │      +11.5% │   0.0283 │ Yes       │ * (p<0.05)    │
│ SEQUENTIAL vs UUIDV7         │       +1.6% │   0.3472 │ Yes       │ n.s.          │
│ SEQUENTIAL vs ULID           │       +0.0% │   0.9168 │ Yes       │ n.s.          │
│ SEQUENTIAL vs ULID_MONOTONIC │       -1.6% │   0.6015 │ Yes       │ n.s.          │
│ SEQUENTIAL vs UUIDV1         │       -0.8% │   0.9168 │ Yes       │ n.s.          │
└──────────────────────────────┴─────────────┴──────────┴───────────┴───────────────┘

Latency P99 (µs)
┌────────────────┬──────────┬──────────┬──────────┬──────────┬──────────┬─────────┐
│ Key Type       │ Median   │ Mean     │ StdDev   │ Min      │ Max      │ CV %    │
├────────────────┼──────────┼──────────┼──────────┼──────────┼──────────┼─────────┤
│ SEQUENTIAL     │   139996 │   138584 │     8272 │   126468 │   146572 │     6.0 │
│ UUIDV4         │   193320 │   195561 │    14400 │   179986 │   217073 │     7.4 │
│ UUIDV7         │   137294 │   137487 │     1171 │   135877 │   138824 │     0.9 │
│ ULID           │   134964 │   135639 │     1078 │   134714 │   136978 │     0.8 │
│ ULID_MONOTONIC │   130148 │   130875 │     2969 │   128317 │   135799 │     2.3 │
│ UUIDV1         │   134569 │   137151 │     6731 │   130896 │   146611 │     4.9 │
└────────────────┴──────────┴──────────┴──────────┴──────────┴──────────┴─────────┘

Statistical Comparisons (vs SEQUENTIAL):
┌──────────────────────────────┬─────────────┬──────────┬───────────┬───────────────┐
│ Comparison                   │ Median Diff │ p-value  │ Overlap?  │ Significant?  │
├──────────────────────────────┼─────────────┼──────────┼───────────┼───────────────┤
│ SEQUENTIAL vs UUIDV4         │      +38.1% │   0.0090 │ No        │ No overlap    │
│ SEQUENTIAL vs UUIDV7         │       -1.9% │   0.6015 │ Yes       │ n.s.          │
│ SEQUENTIAL vs ULID           │       -3.6% │   0.6015 │ Yes       │ n.s.          │
│ SEQUENTIAL vs ULID_MONOTONIC │       -7.0% │   0.1745 │ Yes       │ n.s.          │
│ SEQUENTIAL vs UUIDV1         │       -3.9% │   0.7540 │ Yes       │ n.s.          │
└──────────────────────────────┴─────────────┴──────────┴───────────┴───────────────┘

Read IOPS
┌────────────────┬──────────┬──────────┬──────────┬──────────┬──────────┬─────────┐
│ Key Type       │ Median   │ Mean     │ StdDev   │ Min      │ Max      │ CV %    │
├────────────────┼──────────┼──────────┼──────────┼──────────┼──────────┼─────────┤
│ SEQUENTIAL     │        0 │        0 │        0 │        0 │        0 │     7.9 │
│ UUIDV4         │        0 │        0 │        0 │        0 │        0 │     5.5 │
│ UUIDV7         │        0 │        0 │        0 │        0 │        0 │     1.3 │
│ ULID           │        0 │        0 │        0 │        0 │        0 │     1.5 │
│ ULID_MONOTONIC │        0 │        0 │        0 │        0 │        0 │     2.5 │
│ UUIDV1         │        0 │        0 │        0 │        0 │        0 │     5.0 │
└────────────────┴──────────┴──────────┴──────────┴──────────┴──────────┴─────────┘

Statistical Comparisons (vs SEQUENTIAL):
┌──────────────────────────────┬─────────────┬──────────┬───────────┬───────────────┐
│ Comparison                   │ Median Diff │ p-value  │ Overlap?  │ Significant?  │
├──────────────────────────────┼─────────────┼──────────┼───────────┼───────────────┤
│ SEQUENTIAL vs UUIDV4         │       -7.7% │   0.0472 │ Yes       │ * (p<0.05)    │
│ SEQUENTIAL vs UUIDV7         │       +4.8% │   0.4647 │ Yes       │ n.s.          │
│ SEQUENTIAL vs ULID           │       +6.1% │   0.1172 │ Yes       │ n.s.          │
│ SEQUENTIAL vs ULID_MONOTONIC │       +8.2% │   0.1745 │ Yes       │ n.s.          │
│ SEQUENTIAL vs UUIDV1         │       +2.5% │   0.4647 │ Yes       │ n.s.          │
└──────────────────────────────┴─────────────┴──────────┴───────────┴───────────────┘

Write IOPS
┌────────────────┬──────────┬──────────┬──────────┬──────────┬──────────┬─────────┐
│ Key Type       │ Median   │ Mean     │ StdDev   │ Min      │ Max      │ CV %    │
├────────────────┼──────────┼──────────┼──────────┼──────────┼──────────┼─────────┤
│ SEQUENTIAL     │      125 │      127 │        8 │      121 │      141 │     6.5 │
│ UUIDV4         │      120 │      122 │        6 │      117 │      132 │     4.8 │
│ UUIDV7         │      130 │      130 │        1 │      128 │      132 │     1.1 │
│ ULID           │      126 │      127 │        2 │      125 │      129 │     1.3 │
│ ULID_MONOTONIC │      133 │      133 │        3 │      128 │      135 │     2.0 │
│ UUIDV1         │      127 │      129 │        5 │      122 │      135 │     4.1 │
└────────────────┴──────────┴──────────┴──────────┴──────────┴──────────┴─────────┘

Statistical Comparisons (vs SEQUENTIAL):
┌──────────────────────────────┬─────────────┬──────────┬───────────┬───────────────┐
│ Comparison                   │ Median Diff │ p-value  │ Overlap?  │ Significant?  │
├──────────────────────────────┼─────────────┼──────────┼───────────┼───────────────┤
│ SEQUENTIAL vs UUIDV4         │       -3.9% │   0.1745 │ Yes       │ n.s.          │
│ SEQUENTIAL vs UUIDV7         │       +3.9% │   0.2506 │ Yes       │ n.s.          │
│ SEQUENTIAL vs ULID           │       +0.3% │   0.7540 │ Yes       │ n.s.          │
│ SEQUENTIAL vs ULID_MONOTONIC │       +6.6% │   0.1745 │ Yes       │ n.s.          │
│ SEQUENTIAL vs UUIDV1         │       +1.5% │   0.4647 │ Yes       │ n.s.          │
└──────────────────────────────┴─────────────┴──────────┴───────────┴───────────────┘

Read Throughput (MB/s)
┌────────────────┬──────────┬──────────┬──────────┬──────────┬──────────┬─────────┐
│ Key Type       │ Median   │ Mean     │ StdDev   │ Min      │ Max      │ CV %    │
├────────────────┼──────────┼──────────┼──────────┼──────────┼──────────┼─────────┤
│ SEQUENTIAL     │      0.0 │      0.0 │      0.0 │      0.0 │      0.0 │     7.9 │
│ UUIDV4         │      0.0 │      0.0 │      0.0 │      0.0 │      0.0 │     5.5 │
│ UUIDV7         │      0.0 │      0.0 │      0.0 │      0.0 │      0.0 │     1.3 │
│ ULID           │      0.0 │      0.0 │      0.0 │      0.0 │      0.0 │     1.5 │
│ ULID_MONOTONIC │      0.0 │      0.0 │      0.0 │      0.0 │      0.0 │     2.5 │
│ UUIDV1         │      0.0 │      0.0 │      0.0 │      0.0 │      0.0 │     5.0 │
└────────────────┴──────────┴──────────┴──────────┴──────────┴──────────┴─────────┘

Statistical Comparisons (vs SEQUENTIAL):
┌──────────────────────────────┬─────────────┬──────────┬───────────┬───────────────┐
│ Comparison                   │ Median Diff │ p-value  │ Overlap?  │ Significant?  │
├──────────────────────────────┼─────────────┼──────────┼───────────┼───────────────┤
│ SEQUENTIAL vs UUIDV4         │       -7.7% │   0.0472 │ Yes       │ * (p<0.05)    │
│ SEQUENTIAL vs UUIDV7         │       +4.8% │   0.4647 │ Yes       │ n.s.          │
│ SEQUENTIAL vs ULID           │       +6.1% │   0.1172 │ Yes       │ n.s.          │
│ SEQUENTIAL vs ULID_MONOTONIC │       +8.2% │   0.1745 │ Yes       │ n.s.          │
│ SEQUENTIAL vs UUIDV1         │       +2.5% │   0.4647 │ Yes       │ n.s.          │
└──────────────────────────────┴─────────────┴──────────┴───────────┴───────────────┘

Write Throughput (MB/s)
┌────────────────┬──────────┬──────────┬──────────┬──────────┬──────────┬─────────┐
│ Key Type       │ Median   │ Mean     │ StdDev   │ Min      │ Max      │ CV %    │
├────────────────┼──────────┼──────────┼──────────┼──────────┼──────────┼─────────┤
│ SEQUENTIAL     │      0.7 │      0.7 │      0.0 │      0.7 │      0.8 │     5.1 │
│ UUIDV4         │      0.9 │      0.9 │      0.0 │      0.9 │      1.0 │     4.5 │
│ UUIDV7         │      0.7 │      0.7 │      0.0 │      0.7 │      0.7 │     1.0 │
│ ULID           │      0.8 │      0.8 │      0.0 │      0.8 │      0.8 │     1.1 │
│ ULID_MONOTONIC │      0.8 │      0.8 │      0.0 │      0.7 │      0.8 │     1.6 │
│ UUIDV1         │      0.7 │      0.7 │      0.0 │      0.7 │      0.8 │     3.3 │
└────────────────┴──────────┴──────────┴──────────┴──────────┴──────────┴─────────┘

Statistical Comparisons (vs SEQUENTIAL):
┌──────────────────────────────┬─────────────┬──────────┬───────────┬───────────────┐
│ Comparison                   │ Median Diff │ p-value  │ Overlap?  │ Significant?  │
├──────────────────────────────┼─────────────┼──────────┼───────────┼───────────────┤
│ SEQUENTIAL vs UUIDV4         │      +25.6% │   0.0090 │ No        │ No overlap    │
│ SEQUENTIAL vs UUIDV7         │       +2.7% │   0.4647 │ Yes       │ n.s.          │
│ SEQUENTIAL vs ULID           │       +4.1% │   0.1172 │ Yes       │ n.s.          │
│ SEQUENTIAL vs ULID_MONOTONIC │       +4.9% │   0.1745 │ Yes       │ n.s.          │
│ SEQUENTIAL vs UUIDV1         │       +1.5% │   0.4647 │ Yes       │ n.s.          │
└──────────────────────────────┴─────────────┴──────────┴───────────┴───────────────┘

[4/5] MIXED INSERT-HEAVY
====================================================================================================

Testing SEQUENTIAL (5 runs)
----------------------------------------------------------------------
  Run 1/5... Starting fresh MySQL container...
Waiting for MySQL to initialize...
Container ready

=== Mixed Workload: Insert-Heavy (70% insert, 30% read) - sequential ===
Creating initial dataset (100000 records)...
Overall throughput: 43.32 ops/sec
Buffer hit ratio: 99.93%

Cleaning up container...
Container stopped and removed
done
  Run 2/5... Starting fresh MySQL container...
Waiting for MySQL to initialize...
Container ready

=== Mixed Workload: Insert-Heavy (70% insert, 30% read) - sequential ===
Creating initial dataset (100000 records)...
Overall throughput: 44.76 ops/sec
Buffer hit ratio: 99.93%

Cleaning up container...
Container stopped and removed
done
  Run 3/5... Starting fresh MySQL container...
Waiting for MySQL to initialize...
Container ready

=== Mixed Workload: Insert-Heavy (70% insert, 30% read) - sequential ===
Creating initial dataset (100000 records)...
Overall throughput: 44.32 ops/sec
Buffer hit ratio: 99.93%

Cleaning up container...
Container stopped and removed
done
  Run 4/5... Starting fresh MySQL container...
Waiting for MySQL to initialize...
Container ready

=== Mixed Workload: Insert-Heavy (70% insert, 30% read) - sequential ===
Creating initial dataset (100000 records)...
Overall throughput: 45.53 ops/sec
Buffer hit ratio: 99.93%

Cleaning up container...
Container stopped and removed
done
  Run 5/5... Starting fresh MySQL container...
Waiting for MySQL to initialize...
Container ready

=== Mixed Workload: Insert-Heavy (70% insert, 30% read) - sequential ===
Creating initial dataset (100000 records)...
Overall throughput: 44.80 ops/sec
Buffer hit ratio: 99.93%

Cleaning up container...
Container stopped and removed
done

Testing UUIDV4 (5 runs)
----------------------------------------------------------------------
  Run 1/5... Starting fresh MySQL container...
Waiting for MySQL to initialize...
Container ready

=== Mixed Workload: Insert-Heavy (70% insert, 30% read) - uuidv4 ===
Creating initial dataset (100000 records)...
Overall throughput: 43.69 ops/sec
Buffer hit ratio: 99.94%

Cleaning up container...
Container stopped and removed
done
  Run 2/5... Starting fresh MySQL container...
Waiting for MySQL to initialize...
Container ready

=== Mixed Workload: Insert-Heavy (70% insert, 30% read) - uuidv4 ===
Creating initial dataset (100000 records)...
Overall throughput: 41.79 ops/sec
Buffer hit ratio: 99.94%

Cleaning up container...
Container stopped and removed
done
  Run 3/5... Starting fresh MySQL container...
Waiting for MySQL to initialize...
Container ready

=== Mixed Workload: Insert-Heavy (70% insert, 30% read) - uuidv4 ===
Creating initial dataset (100000 records)...
Overall throughput: 41.66 ops/sec
Buffer hit ratio: 99.94%

Cleaning up container...
Container stopped and removed
done
  Run 4/5... Starting fresh MySQL container...
Waiting for MySQL to initialize...
Container ready

=== Mixed Workload: Insert-Heavy (70% insert, 30% read) - uuidv4 ===
Creating initial dataset (100000 records)...
Overall throughput: 42.49 ops/sec
Buffer hit ratio: 99.94%

Cleaning up container...
Container stopped and removed
done
  Run 5/5... Starting fresh MySQL container...
Waiting for MySQL to initialize...
Container ready

=== Mixed Workload: Insert-Heavy (70% insert, 30% read) - uuidv4 ===
Creating initial dataset (100000 records)...
Overall throughput: 41.72 ops/sec
Buffer hit ratio: 99.94%

Cleaning up container...
Container stopped and removed
done

Testing UUIDV7 (5 runs)
----------------------------------------------------------------------
  Run 1/5... Starting fresh MySQL container...
Waiting for MySQL to initialize...
Container ready

=== Mixed Workload: Insert-Heavy (70% insert, 30% read) - uuidv7 ===
Creating initial dataset (100000 records)...
Overall throughput: 43.73 ops/sec
Buffer hit ratio: 99.93%

Cleaning up container...
Container stopped and removed
done
  Run 2/5... Starting fresh MySQL container...
Waiting for MySQL to initialize...
Container ready

=== Mixed Workload: Insert-Heavy (70% insert, 30% read) - uuidv7 ===
Creating initial dataset (100000 records)...
Overall throughput: 43.54 ops/sec
Buffer hit ratio: 99.93%

Cleaning up container...
Container stopped and removed
done
  Run 3/5... Starting fresh MySQL container...
Waiting for MySQL to initialize...
Container ready

=== Mixed Workload: Insert-Heavy (70% insert, 30% read) - uuidv7 ===
Creating initial dataset (100000 records)...
Overall throughput: 43.87 ops/sec
Buffer hit ratio: 99.93%

Cleaning up container...
Container stopped and removed
done
  Run 4/5... Starting fresh MySQL container...
Waiting for MySQL to initialize...
Container ready

=== Mixed Workload: Insert-Heavy (70% insert, 30% read) - uuidv7 ===
Creating initial dataset (100000 records)...
Overall throughput: 43.43 ops/sec
Buffer hit ratio: 99.93%

Cleaning up container...
Container stopped and removed
done
  Run 5/5... Starting fresh MySQL container...
Waiting for MySQL to initialize...
Container ready

=== Mixed Workload: Insert-Heavy (70% insert, 30% read) - uuidv7 ===
Creating initial dataset (100000 records)...
Overall throughput: 46.12 ops/sec
Buffer hit ratio: 99.93%

Cleaning up container...
Container stopped and removed
done

Testing ULID (5 runs)
----------------------------------------------------------------------
  Run 1/5... Starting fresh MySQL container...
Waiting for MySQL to initialize...
Container ready

=== Mixed Workload: Insert-Heavy (70% insert, 30% read) - ulid ===
Creating initial dataset (100000 records)...
Overall throughput: 45.46 ops/sec
Buffer hit ratio: 99.93%

Cleaning up container...
Container stopped and removed
done
  Run 2/5... Starting fresh MySQL container...
Waiting for MySQL to initialize...
Container ready

=== Mixed Workload: Insert-Heavy (70% insert, 30% read) - ulid ===
Creating initial dataset (100000 records)...
Overall throughput: 47.79 ops/sec
Buffer hit ratio: 99.93%

Cleaning up container...
Container stopped and removed
done
  Run 3/5... Starting fresh MySQL container...
Waiting for MySQL to initialize...
Container ready

=== Mixed Workload: Insert-Heavy (70% insert, 30% read) - ulid ===
Creating initial dataset (100000 records)...
Overall throughput: 44.24 ops/sec
Buffer hit ratio: 99.93%

Cleaning up container...
Container stopped and removed
done
  Run 4/5... Starting fresh MySQL container...
Waiting for MySQL to initialize...
Container ready

=== Mixed Workload: Insert-Heavy (70% insert, 30% read) - ulid ===
Creating initial dataset (100000 records)...
Overall throughput: 43.74 ops/sec
Buffer hit ratio: 99.93%

Cleaning up container...
Container stopped and removed
done
  Run 5/5... Starting fresh MySQL container...
Waiting for MySQL to initialize...
Container ready

=== Mixed Workload: Insert-Heavy (70% insert, 30% read) - ulid ===
Creating initial dataset (100000 records)...
Overall throughput: 44.86 ops/sec
Buffer hit ratio: 99.93%

Cleaning up container...
Container stopped and removed
done

Testing ULID_MONOTONIC (5 runs)
----------------------------------------------------------------------
  Run 1/5... Starting fresh MySQL container...
Waiting for MySQL to initialize...
Container ready

=== Mixed Workload: Insert-Heavy (70% insert, 30% read) - ulid_monotonic ===
Creating initial dataset (100000 records)...
Overall throughput: 43.62 ops/sec
Buffer hit ratio: 99.93%

Cleaning up container...
Container stopped and removed
done
  Run 2/5... Starting fresh MySQL container...
Waiting for MySQL to initialize...
Container ready

=== Mixed Workload: Insert-Heavy (70% insert, 30% read) - ulid_monotonic ===
Creating initial dataset (100000 records)...
Overall throughput: 43.86 ops/sec
Buffer hit ratio: 99.93%

Cleaning up container...
Container stopped and removed
done
  Run 3/5... Starting fresh MySQL container...
Waiting for MySQL to initialize...
Container ready

=== Mixed Workload: Insert-Heavy (70% insert, 30% read) - ulid_monotonic ===
Creating initial dataset (100000 records)...
Overall throughput: 43.92 ops/sec
Buffer hit ratio: 99.93%

Cleaning up container...
Container stopped and removed
done
  Run 4/5... Starting fresh MySQL container...
Waiting for MySQL to initialize...
Container ready

=== Mixed Workload: Insert-Heavy (70% insert, 30% read) - ulid_monotonic ===
Creating initial dataset (100000 records)...
Overall throughput: 44.21 ops/sec
Buffer hit ratio: 99.93%

Cleaning up container...
Container stopped and removed
done
  Run 5/5... Starting fresh MySQL container...
Waiting for MySQL to initialize...
Container ready

=== Mixed Workload: Insert-Heavy (70% insert, 30% read) - ulid_monotonic ===
Creating initial dataset (100000 records)...
Overall throughput: 44.06 ops/sec
Buffer hit ratio: 99.93%

Cleaning up container...
Container stopped and removed
done

Testing UUIDV1 (5 runs)
----------------------------------------------------------------------
  Run 1/5... Starting fresh MySQL container...
Waiting for MySQL to initialize...
Container ready

=== Mixed Workload: Insert-Heavy (70% insert, 30% read) - uuidv1 ===
Creating initial dataset (100000 records)...
Overall throughput: 43.98 ops/sec
Buffer hit ratio: 99.93%

Cleaning up container...
Container stopped and removed
done
  Run 2/5... Starting fresh MySQL container...
Waiting for MySQL to initialize...
Container ready

=== Mixed Workload: Insert-Heavy (70% insert, 30% read) - uuidv1 ===
Creating initial dataset (100000 records)...
Overall throughput: 47.13 ops/sec
Buffer hit ratio: 99.93%

Cleaning up container...
Container stopped and removed
done
  Run 3/5... Starting fresh MySQL container...
Waiting for MySQL to initialize...
Container ready

=== Mixed Workload: Insert-Heavy (70% insert, 30% read) - uuidv1 ===
Creating initial dataset (100000 records)...
Overall throughput: 44.29 ops/sec
Buffer hit ratio: 99.93%

Cleaning up container...
Container stopped and removed
done
  Run 4/5... Starting fresh MySQL container...
Waiting for MySQL to initialize...
Container ready

=== Mixed Workload: Insert-Heavy (70% insert, 30% read) - uuidv1 ===
Creating initial dataset (100000 records)...
Overall throughput: 42.85 ops/sec
Buffer hit ratio: 99.93%

Cleaning up container...
Container stopped and removed
done
  Run 5/5... Starting fresh MySQL container...
Waiting for MySQL to initialize...
Container ready

=== Mixed Workload: Insert-Heavy (70% insert, 30% read) - uuidv1 ===
Creating initial dataset (100000 records)...
Overall throughput: 42.64 ops/sec
Buffer hit ratio: 99.93%

Cleaning up container...
Container stopped and removed
done

====================================================================================================
Mixed Insert-Heavy (70% insert, 30% read) - Statistical Summary (5 runs per UUID type)
====================================================================================================

Overall Throughput (ops/sec)
┌────────────────┬──────────┬──────────┬──────────┬──────────┬──────────┬─────────┐
│ Key Type       │ Median   │ Mean     │ StdDev   │ Min      │ Max      │ CV %    │
├────────────────┼──────────┼──────────┼──────────┼──────────┼──────────┼─────────┤
│ SEQUENTIAL     │       45 │       45 │        1 │       43 │       46 │     1.8 │
│ UUIDV4         │       42 │       42 │        1 │       42 │       44 │     2.0 │
│ UUIDV7         │       44 │       44 │        1 │       43 │       46 │     2.5 │
│ ULID           │       45 │       45 │        2 │       44 │       48 │     3.5 │
│ ULID_MONOTONIC │       44 │       44 │        0 │       44 │       44 │     0.5 │
│ UUIDV1         │       44 │       44 │        2 │       43 │       47 │     4.1 │
└────────────────┴──────────┴──────────┴──────────┴──────────┴──────────┴─────────┘

Statistical Comparisons (vs SEQUENTIAL):
┌──────────────────────────────┬─────────────┬──────────┬───────────┬───────────────┐
│ Comparison                   │ Median Diff │ p-value  │ Overlap?  │ Significant?  │
├──────────────────────────────┼─────────────┼──────────┼───────────┼───────────────┤
│ SEQUENTIAL vs UUIDV4         │       -6.6% │   0.0163 │ Yes       │ * (p<0.05)    │
│ SEQUENTIAL vs UUIDV7         │       -2.3% │   0.4647 │ Yes       │ n.s.          │
│ SEQUENTIAL vs ULID           │       +0.2% │   0.6015 │ Yes       │ n.s.          │
│ SEQUENTIAL vs ULID_MONOTONIC │       -1.9% │   0.1172 │ Yes       │ n.s.          │
│ SEQUENTIAL vs UUIDV1         │       -1.7% │   0.2506 │ Yes       │ n.s.          │
└──────────────────────────────┴─────────────┴──────────┴───────────┴───────────────┘

Fragmentation (%)
┌────────────────┬──────────┬──────────┬──────────┬──────────┬──────────┬─────────┐
│ Key Type       │ Median   │ Mean     │ StdDev   │ Min      │ Max      │ CV %    │
├────────────────┼──────────┼──────────┼──────────┼──────────┼──────────┼─────────┤
│ SEQUENTIAL     │     0.34 │     0.34 │     0.05 │     0.30 │     0.41 │    13.5 │
│ UUIDV4         │    12.86 │    12.87 │     0.06 │    12.80 │    12.93 │     0.5 │
│ UUIDV7         │     0.37 │     0.38 │     0.12 │     0.22 │     0.53 │    32.0 │
│ ULID           │     7.24 │     7.17 │     0.13 │     6.96 │     7.26 │     1.8 │
│ ULID_MONOTONIC │     0.44 │     0.40 │     0.13 │     0.23 │     0.52 │    32.5 │
│ UUIDV1         │    12.91 │    12.91 │     0.06 │    12.84 │    12.99 │     0.5 │
└────────────────┴──────────┴──────────┴──────────┴──────────┴──────────┴─────────┘

Statistical Comparisons (vs SEQUENTIAL):
┌──────────────────────────────┬─────────────┬──────────┬───────────┬───────────────┐
│ Comparison                   │ Median Diff │ p-value  │ Overlap?  │ Significant?  │
├──────────────────────────────┼─────────────┼──────────┼───────────┼───────────────┤
│ SEQUENTIAL vs UUIDV4         │    +3715.7% │   0.0090 │ No        │ No overlap    │
│ SEQUENTIAL vs UUIDV7         │       +8.6% │   0.4647 │ Yes       │ n.s.          │
│ SEQUENTIAL vs ULID           │    +2047.7% │   0.0090 │ No        │ No overlap    │
│ SEQUENTIAL vs ULID_MONOTONIC │      +29.3% │   0.6015 │ Yes       │ n.s.          │
│ SEQUENTIAL vs UUIDV1         │    +3728.5% │   0.0090 │ No        │ No overlap    │
└──────────────────────────────┴─────────────┴──────────┴───────────┴───────────────┘

Cache Hit Ratio
┌────────────────┬──────────┬──────────┬──────────┬──────────┬──────────┬─────────┐
│ Key Type       │ Median   │ Mean     │ StdDev   │ Min      │ Max      │ CV %    │
├────────────────┼──────────┼──────────┼──────────┼──────────┼──────────┼─────────┤
│ SEQUENTIAL     │   0.9993 │   0.9993 │   0.0000 │   0.9993 │   0.9993 │     0.0 │
│ UUIDV4         │   0.9994 │   0.9994 │   0.0000 │   0.9994 │   0.9994 │     0.0 │
│ UUIDV7         │   0.9993 │   0.9993 │   0.0000 │   0.9993 │   0.9993 │     0.0 │
│ ULID           │   0.9993 │   0.9993 │   0.0000 │   0.9993 │   0.9993 │     0.0 │
│ ULID_MONOTONIC │   0.9993 │   0.9993 │   0.0000 │   0.9993 │   0.9993 │     0.0 │
│ UUIDV1         │   0.9993 │   0.9993 │   0.0000 │   0.9993 │   0.9993 │     0.0 │
└────────────────┴──────────┴──────────┴──────────┴──────────┴──────────┴─────────┘

Statistical Comparisons (vs SEQUENTIAL):
┌──────────────────────────────┬─────────────┬──────────┬───────────┬───────────────┐
│ Comparison                   │ Median Diff │ p-value  │ Overlap?  │ Significant?  │
├──────────────────────────────┼─────────────┼──────────┼───────────┼───────────────┤
│ SEQUENTIAL vs UUIDV4         │       +0.0% │   0.0090 │ No        │ No overlap    │
│ SEQUENTIAL vs UUIDV7         │       +0.0% │   0.2506 │ Yes       │ n.s.          │
│ SEQUENTIAL vs ULID           │       +0.0% │   0.0090 │ No        │ No overlap    │
│ SEQUENTIAL vs ULID_MONOTONIC │       -0.0% │   0.7540 │ Yes       │ n.s.          │
│ SEQUENTIAL vs UUIDV1         │       +0.0% │   0.0090 │ No        │ No overlap    │
└──────────────────────────────┴─────────────┴──────────┴───────────┴───────────────┘

Index Hit Ratio
┌────────────────┬──────────┬──────────┬──────────┬──────────┬──────────┬─────────┐
│ Key Type       │ Median   │ Mean     │ StdDev   │ Min      │ Max      │ CV %    │
├────────────────┼──────────┼──────────┼──────────┼──────────┼──────────┼─────────┤
│ SEQUENTIAL     │   0.9993 │   0.9993 │   0.0000 │   0.9993 │   0.9993 │     0.0 │
│ UUIDV4         │   0.9994 │   0.9994 │   0.0000 │   0.9994 │   0.9994 │     0.0 │
│ UUIDV7         │   0.9993 │   0.9993 │   0.0000 │   0.9993 │   0.9993 │     0.0 │
│ ULID           │   0.9993 │   0.9993 │   0.0000 │   0.9993 │   0.9993 │     0.0 │
│ ULID_MONOTONIC │   0.9993 │   0.9993 │   0.0000 │   0.9993 │   0.9993 │     0.0 │
│ UUIDV1         │   0.9993 │   0.9993 │   0.0000 │   0.9993 │   0.9993 │     0.0 │
└────────────────┴──────────┴──────────┴──────────┴──────────┴──────────┴─────────┘

Statistical Comparisons (vs SEQUENTIAL):
┌──────────────────────────────┬─────────────┬──────────┬───────────┬───────────────┐
│ Comparison                   │ Median Diff │ p-value  │ Overlap?  │ Significant?  │
├──────────────────────────────┼─────────────┼──────────┼───────────┼───────────────┤
│ SEQUENTIAL vs UUIDV4         │       +0.0% │   0.0090 │ No        │ No overlap    │
│ SEQUENTIAL vs UUIDV7         │       +0.0% │   0.2506 │ Yes       │ n.s.          │
│ SEQUENTIAL vs ULID           │       +0.0% │   0.0090 │ No        │ No overlap    │
│ SEQUENTIAL vs ULID_MONOTONIC │       -0.0% │   0.7540 │ Yes       │ n.s.          │
│ SEQUENTIAL vs UUIDV1         │       +0.0% │   0.0090 │ No        │ No overlap    │
└──────────────────────────────┴─────────────┴──────────┴───────────┴───────────────┘

Table Size (MB)
┌────────────────┬──────────┬──────────┬──────────┬──────────┬──────────┬─────────┐
│ Key Type       │ Median   │ Mean     │ StdDev   │ Min      │ Max      │ CV %    │
├────────────────┼──────────┼──────────┼──────────┼──────────┼──────────┼─────────┤
│ SEQUENTIAL     │    268.8 │    268.8 │      0.0 │    268.8 │    268.8 │     0.0 │
│ UUIDV4         │    433.9 │    433.7 │      0.8 │    433.0 │    434.9 │     0.2 │
│ UUIDV7         │    269.0 │    269.2 │      0.4 │    269.0 │    270.0 │     0.2 │
│ ULID           │    341.0 │    340.8 │      0.4 │    340.0 │    341.0 │     0.1 │
│ ULID_MONOTONIC │    269.0 │    268.8 │      0.4 │    268.0 │    269.0 │     0.2 │
│ UUIDV1         │    410.9 │    410.1 │      1.8 │    407.0 │    410.9 │     0.4 │
└────────────────┴──────────┴──────────┴──────────┴──────────┴──────────┴─────────┘

Statistical Comparisons (vs SEQUENTIAL):
┌──────────────────────────────┬─────────────┬──────────┬───────────┬───────────────┐
│ Comparison                   │ Median Diff │ p-value  │ Overlap?  │ Significant?  │
├──────────────────────────────┼─────────────┼──────────┼───────────┼───────────────┤
│ SEQUENTIAL vs UUIDV4         │      +61.4% │   0.0090 │ No        │ No overlap    │
│ SEQUENTIAL vs UUIDV7         │       +0.0% │   0.0090 │ No        │ No overlap    │
│ SEQUENTIAL vs ULID           │      +26.8% │   0.0090 │ No        │ No overlap    │
│ SEQUENTIAL vs ULID_MONOTONIC │       +0.0% │   0.1172 │ Yes       │ n.s.          │
│ SEQUENTIAL vs UUIDV1         │      +52.8% │   0.0090 │ No        │ No overlap    │
└──────────────────────────────┴─────────────┴──────────┴───────────┴───────────────┘

Index Size (MB)
┌────────────────┬──────────┬──────────┬──────────┬──────────┬──────────┬─────────┐
│ Key Type       │ Median   │ Mean     │ StdDev   │ Min      │ Max      │ CV %    │
├────────────────┼──────────┼──────────┼──────────┼──────────┼──────────┼─────────┤
│ SEQUENTIAL     │    268.8 │    268.8 │      0.0 │    268.8 │    268.8 │     0.0 │
│ UUIDV4         │    433.9 │    433.7 │      0.8 │    433.0 │    434.9 │     0.2 │
│ UUIDV7         │    269.0 │    269.2 │      0.4 │    269.0 │    270.0 │     0.2 │
│ ULID           │    341.0 │    340.8 │      0.4 │    340.0 │    341.0 │     0.1 │
│ ULID_MONOTONIC │    269.0 │    268.8 │      0.4 │    268.0 │    269.0 │     0.2 │
│ UUIDV1         │    410.9 │    410.1 │      1.8 │    407.0 │    410.9 │     0.4 │
└────────────────┴──────────┴──────────┴──────────┴──────────┴──────────┴─────────┘

Statistical Comparisons (vs SEQUENTIAL):
┌──────────────────────────────┬─────────────┬──────────┬───────────┬───────────────┐
│ Comparison                   │ Median Diff │ p-value  │ Overlap?  │ Significant?  │
├──────────────────────────────┼─────────────┼──────────┼───────────┼───────────────┤
│ SEQUENTIAL vs UUIDV4         │      +61.4% │   0.0090 │ No        │ No overlap    │
│ SEQUENTIAL vs UUIDV7         │       +0.0% │   0.0090 │ No        │ No overlap    │
│ SEQUENTIAL vs ULID           │      +26.8% │   0.0090 │ No        │ No overlap    │
│ SEQUENTIAL vs ULID_MONOTONIC │       +0.0% │   0.1172 │ Yes       │ n.s.          │
│ SEQUENTIAL vs UUIDV1         │      +52.8% │   0.0090 │ No        │ No overlap    │
└──────────────────────────────┴─────────────┴──────────┴───────────┴───────────────┘

Latency P50 (µs)
┌────────────────┬──────────┬──────────┬──────────┬──────────┬──────────┬─────────┐
│ Key Type       │ Median   │ Mean     │ StdDev   │ Min      │ Max      │ CV %    │
├────────────────┼──────────┼──────────┼──────────┼──────────┼──────────┼─────────┤
│ SEQUENTIAL     │     5836 │     5833 │      157 │     5626 │     6058 │     2.7 │
│ UUIDV4         │     5922 │     5892 │      130 │     5748 │     6035 │     2.2 │
│ UUIDV7         │     5749 │     5760 │      149 │     5606 │     5946 │     2.6 │
│ ULID           │     5733 │     5803 │      134 │     5712 │     6031 │     2.3 │
│ ULID_MONOTONIC │     5709 │     5722 │      119 │     5611 │     5919 │     2.1 │
│ UUIDV1         │     5816 │     5794 │       49 │     5741 │     5848 │     0.8 │
└────────────────┴──────────┴──────────┴──────────┴──────────┴──────────┴─────────┘

Statistical Comparisons (vs SEQUENTIAL):
┌──────────────────────────────┬─────────────┬──────────┬───────────┬───────────────┐
│ Comparison                   │ Median Diff │ p-value  │ Overlap?  │ Significant?  │
├──────────────────────────────┼─────────────┼──────────┼───────────┼───────────────┤
│ SEQUENTIAL vs UUIDV4         │       +1.5% │   0.7540 │ Yes       │ n.s.          │
│ SEQUENTIAL vs UUIDV7         │       -1.5% │   0.4647 │ Yes       │ n.s.          │
│ SEQUENTIAL vs ULID           │       -1.8% │   0.4647 │ Yes       │ n.s.          │
│ SEQUENTIAL vs ULID_MONOTONIC │       -2.2% │   0.2506 │ Yes       │ n.s.          │
│ SEQUENTIAL vs UUIDV1         │       -0.3% │   0.4647 │ Yes       │ n.s.          │
└──────────────────────────────┴─────────────┴──────────┴───────────┴───────────────┘

Latency P95 (µs)
┌────────────────┬──────────┬──────────┬──────────┬──────────┬──────────┬─────────┐
│ Key Type       │ Median   │ Mean     │ StdDev   │ Min      │ Max      │ CV %    │
├────────────────┼──────────┼──────────┼──────────┼──────────┼──────────┼─────────┤
│ SEQUENTIAL     │    87053 │    86727 │     1326 │    84551 │    87955 │     1.5 │
│ UUIDV4         │    87844 │    88198 │      786 │    87458 │    89242 │     0.9 │
│ UUIDV7         │    86441 │    86136 │      892 │    84595 │    86812 │     1.0 │
│ ULID           │    86058 │    85566 │     1074 │    84227 │    86706 │     1.3 │
│ ULID_MONOTONIC │    86420 │    86401 │      238 │    86141 │    86696 │     0.3 │
│ UUIDV1         │    86054 │    85487 │     1351 │    83445 │    86595 │     1.6 │
└────────────────┴──────────┴──────────┴──────────┴──────────┴──────────┴─────────┘

Statistical Comparisons (vs SEQUENTIAL):
┌──────────────────────────────┬─────────────┬──────────┬───────────┬───────────────┐
│ Comparison                   │ Median Diff │ p-value  │ Overlap?  │ Significant?  │
├──────────────────────────────┼─────────────┼──────────┼───────────┼───────────────┤
│ SEQUENTIAL vs UUIDV4         │       +0.9% │   0.0758 │ Yes       │ n.s.          │
│ SEQUENTIAL vs UUIDV7         │       -0.7% │   0.2506 │ Yes       │ n.s.          │
│ SEQUENTIAL vs ULID           │       -1.1% │   0.1172 │ Yes       │ n.s.          │
│ SEQUENTIAL vs ULID_MONOTONIC │       -0.7% │   0.2506 │ Yes       │ n.s.          │
│ SEQUENTIAL vs UUIDV1         │       -1.1% │   0.1172 │ Yes       │ n.s.          │
└──────────────────────────────┴─────────────┴──────────┴───────────┴───────────────┘

Latency P99 (µs)
┌────────────────┬──────────┬──────────┬──────────┬──────────┬──────────┬─────────┐
│ Key Type       │ Median   │ Mean     │ StdDev   │ Min      │ Max      │ CV %    │
├────────────────┼──────────┼──────────┼──────────┼──────────┼──────────┼─────────┤
│ SEQUENTIAL     │   118443 │   119370 │     2733 │   116949 │   123140 │     2.3 │
│ UUIDV4         │   128754 │   128341 │     3098 │   124237 │   132724 │     2.4 │
│ UUIDV7         │   121734 │   120693 │     4803 │   113228 │   125192 │     4.0 │
│ ULID           │   118493 │   117469 │     3177 │   114059 │   120661 │     2.7 │
│ ULID_MONOTONIC │   121327 │   120847 │     1462 │   118486 │   122014 │     1.2 │
│ UUIDV1         │   122475 │   123922 │     6228 │   115110 │   130830 │     5.0 │
└────────────────┴──────────┴──────────┴──────────┴──────────┴──────────┴─────────┘

Statistical Comparisons (vs SEQUENTIAL):
┌──────────────────────────────┬─────────────┬──────────┬───────────┬───────────────┐
│ Comparison                   │ Median Diff │ p-value  │ Overlap?  │ Significant?  │
├──────────────────────────────┼─────────────┼──────────┼───────────┼───────────────┤
│ SEQUENTIAL vs UUIDV4         │       +8.7% │   0.0090 │ No        │ No overlap    │
│ SEQUENTIAL vs UUIDV7         │       +2.8% │   0.3472 │ Yes       │ n.s.          │
│ SEQUENTIAL vs ULID           │       +0.0% │   0.4647 │ Yes       │ n.s.          │
│ SEQUENTIAL vs ULID_MONOTONIC │       +2.4% │   0.2506 │ Yes       │ n.s.          │
│ SEQUENTIAL vs UUIDV1         │       +3.4% │   0.2506 │ Yes       │ n.s.          │
└──────────────────────────────┴─────────────┴──────────┴───────────┴───────────────┘

Read IOPS
┌────────────────┬──────────┬──────────┬──────────┬──────────┬──────────┬─────────┐
│ Key Type       │ Median   │ Mean     │ StdDev   │ Min      │ Max      │ CV %    │
├────────────────┼──────────┼──────────┼──────────┼──────────┼──────────┼─────────┤
│ SEQUENTIAL     │        0 │        0 │        0 │        0 │        0 │   128.6 │
│ UUIDV4         │        0 │        0 │        0 │        0 │        0 │   165.0 │
│ UUIDV7         │        0 │        0 │        0 │        0 │        0 │   117.5 │
│ ULID           │        0 │        0 │        0 │        0 │        0 │   162.6 │
│ ULID_MONOTONIC │        0 │        0 │        0 │        0 │        0 │   162.6 │
│ UUIDV1         │        0 │        0 │        0 │        0 │        0 │    82.7 │
└────────────────┴──────────┴──────────┴──────────┴──────────┴──────────┴─────────┘

Statistical Comparisons (vs SEQUENTIAL):
┌──────────────────────────────┬─────────────┬──────────┬───────────┬───────────────┐
│ Comparison                   │ Median Diff │ p-value  │ Overlap?  │ Significant?  │
├──────────────────────────────┼─────────────┼──────────┼───────────┼───────────────┤
│ SEQUENTIAL vs UUIDV4         │      -26.7% │   0.0758 │ Yes       │ n.s.          │
│ SEQUENTIAL vs UUIDV7         │      -24.1% │   0.4647 │ Yes       │ n.s.          │
│ SEQUENTIAL vs ULID           │      -17.6% │   0.6015 │ Yes       │ n.s.          │
│ SEQUENTIAL vs ULID_MONOTONIC │      -23.8% │   0.0758 │ Yes       │ n.s.          │
│ SEQUENTIAL vs UUIDV1         │    +1012.6% │   0.7540 │ Yes       │ n.s.          │
└──────────────────────────────┴─────────────┴──────────┴───────────┴───────────────┘

Write IOPS
┌────────────────┬──────────┬──────────┬──────────┬──────────┬──────────┬─────────┐
│ Key Type       │ Median   │ Mean     │ StdDev   │ Min      │ Max      │ CV %    │
├────────────────┼──────────┼──────────┼──────────┼──────────┼──────────┼─────────┤
│ SEQUENTIAL     │      119 │      119 │        2 │      116 │      121 │     1.5 │
│ UUIDV4         │      119 │      121 │        2 │      119 │      124 │     1.8 │
│ UUIDV7         │      118 │      118 │        3 │      116 │      123 │     2.3 │
│ ULID           │      120 │      121 │        4 │      118 │      129 │     3.5 │
│ ULID_MONOTONIC │      117 │      117 │        1 │      116 │      118 │     0.7 │
│ UUIDV1         │      124 │      125 │        4 │      121 │      131 │     3.3 │
└────────────────┴──────────┴──────────┴──────────┴──────────┴──────────┴─────────┘

Statistical Comparisons (vs SEQUENTIAL):
┌──────────────────────────────┬─────────────┬──────────┬───────────┬───────────────┐
│ Comparison                   │ Median Diff │ p-value  │ Overlap?  │ Significant?  │
├──────────────────────────────┼─────────────┼──────────┼───────────┼───────────────┤
│ SEQUENTIAL vs UUIDV4         │       +0.2% │   0.2506 │ Yes       │ n.s.          │
│ SEQUENTIAL vs UUIDV7         │       -1.4% │   0.2506 │ Yes       │ n.s.          │
│ SEQUENTIAL vs ULID           │       +0.9% │   0.4647 │ Yes       │ n.s.          │
│ SEQUENTIAL vs ULID_MONOTONIC │       -1.6% │   0.0758 │ Yes       │ n.s.          │
│ SEQUENTIAL vs UUIDV1         │       +3.7% │   0.0163 │ Yes       │ * (p<0.05)    │
└──────────────────────────────┴─────────────┴──────────┴───────────┴───────────────┘

Read Throughput (MB/s)
┌────────────────┬──────────┬──────────┬──────────┬──────────┬──────────┬─────────┐
│ Key Type       │ Median   │ Mean     │ StdDev   │ Min      │ Max      │ CV %    │
├────────────────┼──────────┼──────────┼──────────┼──────────┼──────────┼─────────┤
│ SEQUENTIAL     │      0.0 │      0.0 │      0.0 │      0.0 │      0.0 │   128.6 │
│ UUIDV4         │      0.0 │      0.0 │      0.0 │      0.0 │      0.0 │   165.0 │
│ UUIDV7         │      0.0 │      0.0 │      0.0 │      0.0 │      0.0 │   117.5 │
│ ULID           │      0.0 │      0.0 │      0.0 │      0.0 │      0.0 │   162.6 │
│ ULID_MONOTONIC │      0.0 │      0.0 │      0.0 │      0.0 │      0.0 │   162.6 │
│ UUIDV1         │      0.0 │      0.0 │      0.0 │      0.0 │      0.0 │    82.7 │
└────────────────┴──────────┴──────────┴──────────┴──────────┴──────────┴─────────┘

Statistical Comparisons (vs SEQUENTIAL):
┌──────────────────────────────┬─────────────┬──────────┬───────────┬───────────────┐
│ Comparison                   │ Median Diff │ p-value  │ Overlap?  │ Significant?  │
├──────────────────────────────┼─────────────┼──────────┼───────────┼───────────────┤
│ SEQUENTIAL vs UUIDV4         │      -26.7% │   0.0758 │ Yes       │ n.s.          │
│ SEQUENTIAL vs UUIDV7         │      -24.1% │   0.4647 │ Yes       │ n.s.          │
│ SEQUENTIAL vs ULID           │      -17.6% │   0.6015 │ Yes       │ n.s.          │
│ SEQUENTIAL vs ULID_MONOTONIC │      -23.8% │   0.0758 │ Yes       │ n.s.          │
│ SEQUENTIAL vs UUIDV1         │    +1012.6% │   0.7540 │ Yes       │ n.s.          │
└──────────────────────────────┴─────────────┴──────────┴───────────┴───────────────┘

Write Throughput (MB/s)
┌────────────────┬──────────┬──────────┬──────────┬──────────┬──────────┬─────────┐
│ Key Type       │ Median   │ Mean     │ StdDev   │ Min      │ Max      │ CV %    │
├────────────────┼──────────┼──────────┼──────────┼──────────┼──────────┼─────────┤
│ SEQUENTIAL     │      0.7 │      0.7 │      0.0 │      0.7 │      0.7 │     1.4 │
│ UUIDV4         │      0.8 │      0.8 │      0.0 │      0.8 │      0.9 │     1.4 │
│ UUIDV7         │      0.7 │      0.7 │      0.0 │      0.7 │      0.7 │     2.0 │
│ ULID           │      0.8 │      0.8 │      0.0 │      0.8 │      0.8 │     3.5 │
│ ULID_MONOTONIC │      0.7 │      0.7 │      0.0 │      0.7 │      0.7 │     0.6 │
│ UUIDV1         │      0.8 │      0.8 │      0.0 │      0.8 │      0.9 │     2.6 │
└────────────────┴──────────┴──────────┴──────────┴──────────┴──────────┴─────────┘

Statistical Comparisons (vs SEQUENTIAL):
┌──────────────────────────────┬─────────────┬──────────┬───────────┬───────────────┐
│ Comparison                   │ Median Diff │ p-value  │ Overlap?  │ Significant?  │
├──────────────────────────────┼─────────────┼──────────┼───────────┼───────────────┤
│ SEQUENTIAL vs UUIDV4         │      +16.0% │   0.0090 │ No        │ No overlap    │
│ SEQUENTIAL vs UUIDV7         │       -1.7% │   0.2506 │ Yes       │ n.s.          │
│ SEQUENTIAL vs ULID           │       +6.7% │   0.0090 │ No        │ No overlap    │
│ SEQUENTIAL vs ULID_MONOTONIC │       -1.6% │   0.0758 │ Yes       │ n.s.          │
│ SEQUENTIAL vs UUIDV1         │      +15.7% │   0.0090 │ No        │ No overlap    │
└──────────────────────────────┴─────────────┴──────────┴───────────┴───────────────┘

[5/5] MIXED READ-UPDATE (YCSB-A)
====================================================================================================

Testing SEQUENTIAL (5 runs)
----------------------------------------------------------------------
  Run 1/5... Starting fresh MySQL container...
Waiting for MySQL to initialize...
Container ready

=== Mixed Workload: YCSB-A (50% read, 50% update) - sequential ===
Creating initial dataset (500000 records)...
Overall throughput: 70.97 ops/sec
Buffer hit ratio: 99.97%

Cleaning up container...
Container stopped and removed
done
  Run 2/5... Starting fresh MySQL container...
Waiting for MySQL to initialize...
Container ready

=== Mixed Workload: YCSB-A (50% read, 50% update) - sequential ===
Creating initial dataset (500000 records)...
Overall throughput: 71.85 ops/sec
Buffer hit ratio: 99.97%

Cleaning up container...
Container stopped and removed
done
  Run 3/5... Starting fresh MySQL container...
Waiting for MySQL to initialize...
Container ready

=== Mixed Workload: YCSB-A (50% read, 50% update) - sequential ===
Creating initial dataset (500000 records)...
Overall throughput: 72.32 ops/sec
Buffer hit ratio: 99.97%

Cleaning up container...
Container stopped and removed
done
  Run 4/5... Starting fresh MySQL container...
Waiting for MySQL to initialize...
Container ready

=== Mixed Workload: YCSB-A (50% read, 50% update) - sequential ===
Creating initial dataset (500000 records)...
Overall throughput: 72.90 ops/sec
Buffer hit ratio: 99.97%

Cleaning up container...
Container stopped and removed
done
  Run 5/5... Starting fresh MySQL container...
Waiting for MySQL to initialize...
Container ready

=== Mixed Workload: YCSB-A (50% read, 50% update) - sequential ===
Creating initial dataset (500000 records)...
Overall throughput: 78.45 ops/sec
Buffer hit ratio: 99.97%

Cleaning up container...
Container stopped and removed
done

Testing UUIDV4 (5 runs)
----------------------------------------------------------------------
  Run 1/5... Starting fresh MySQL container...
Waiting for MySQL to initialize...
Container ready

=== Mixed Workload: YCSB-A (50% read, 50% update) - uuidv4 ===
Creating initial dataset (500000 records)...
Overall throughput: 69.78 ops/sec
Buffer hit ratio: 99.97%

Cleaning up container...
Container stopped and removed
done
  Run 2/5... Starting fresh MySQL container...
Waiting for MySQL to initialize...
Container ready

=== Mixed Workload: YCSB-A (50% read, 50% update) - uuidv4 ===
Creating initial dataset (500000 records)...
Overall throughput: 68.31 ops/sec
Buffer hit ratio: 99.97%

Cleaning up container...
Container stopped and removed
done
  Run 3/5... Starting fresh MySQL container...
Waiting for MySQL to initialize...
Container ready

=== Mixed Workload: YCSB-A (50% read, 50% update) - uuidv4 ===
Creating initial dataset (500000 records)...
Overall throughput: 67.92 ops/sec
Buffer hit ratio: 99.97%

Cleaning up container...
Container stopped and removed
done
  Run 4/5... Starting fresh MySQL container...
Waiting for MySQL to initialize...
Container ready

=== Mixed Workload: YCSB-A (50% read, 50% update) - uuidv4 ===
Creating initial dataset (500000 records)...
Overall throughput: 66.92 ops/sec
Buffer hit ratio: 99.97%

Cleaning up container...
Container stopped and removed
done
  Run 5/5... Starting fresh MySQL container...
Waiting for MySQL to initialize...
Container ready

=== Mixed Workload: YCSB-A (50% read, 50% update) - uuidv4 ===
Creating initial dataset (500000 records)...
Overall throughput: 68.39 ops/sec
Buffer hit ratio: 99.97%

Cleaning up container...
Container stopped and removed
done

Testing UUIDV7 (5 runs)
----------------------------------------------------------------------
  Run 1/5... Starting fresh MySQL container...
Waiting for MySQL to initialize...
Container ready

=== Mixed Workload: YCSB-A (50% read, 50% update) - uuidv7 ===
Creating initial dataset (500000 records)...
Overall throughput: 71.13 ops/sec
Buffer hit ratio: 99.97%

Cleaning up container...
Container stopped and removed
done
  Run 2/5... Starting fresh MySQL container...
Waiting for MySQL to initialize...
Container ready

=== Mixed Workload: YCSB-A (50% read, 50% update) - uuidv7 ===
Creating initial dataset (500000 records)...
Overall throughput: 72.99 ops/sec
Buffer hit ratio: 99.97%

Cleaning up container...
Container stopped and removed
done
  Run 3/5... Starting fresh MySQL container...
Waiting for MySQL to initialize...
Container ready

=== Mixed Workload: YCSB-A (50% read, 50% update) - uuidv7 ===
Creating initial dataset (500000 records)...
Overall throughput: 78.66 ops/sec
Buffer hit ratio: 99.97%

Cleaning up container...
Container stopped and removed
done
  Run 4/5... Starting fresh MySQL container...
Waiting for MySQL to initialize...
Container ready

=== Mixed Workload: YCSB-A (50% read, 50% update) - uuidv7 ===
Creating initial dataset (500000 records)...
Overall throughput: 79.07 ops/sec
Buffer hit ratio: 99.97%

Cleaning up container...
Container stopped and removed
done
  Run 5/5... Starting fresh MySQL container...
Waiting for MySQL to initialize...
Container ready

=== Mixed Workload: YCSB-A (50% read, 50% update) - uuidv7 ===
Creating initial dataset (500000 records)...
Overall throughput: 80.14 ops/sec
Buffer hit ratio: 99.97%

Cleaning up container...
Container stopped and removed
done

Testing ULID (5 runs)
----------------------------------------------------------------------
  Run 1/5... Starting fresh MySQL container...
Waiting for MySQL to initialize...
Container ready

=== Mixed Workload: YCSB-A (50% read, 50% update) - ulid ===
Creating initial dataset (500000 records)...
Overall throughput: 79.14 ops/sec
Buffer hit ratio: 99.97%

Cleaning up container...
Container stopped and removed
done
  Run 2/5... Starting fresh MySQL container...
Waiting for MySQL to initialize...
Container ready

=== Mixed Workload: YCSB-A (50% read, 50% update) - ulid ===
Creating initial dataset (500000 records)...
Overall throughput: 79.76 ops/sec
Buffer hit ratio: 99.97%

Cleaning up container...
Container stopped and removed
done
  Run 3/5... Starting fresh MySQL container...
Waiting for MySQL to initialize...
Container ready

=== Mixed Workload: YCSB-A (50% read, 50% update) - ulid ===
Creating initial dataset (500000 records)...
Overall throughput: 79.13 ops/sec
Buffer hit ratio: 99.97%

Cleaning up container...
Container stopped and removed
done
  Run 4/5... Starting fresh MySQL container...
Waiting for MySQL to initialize...
Container ready

=== Mixed Workload: YCSB-A (50% read, 50% update) - ulid ===
Creating initial dataset (500000 records)...
Overall throughput: 80.15 ops/sec
Buffer hit ratio: 99.97%

Cleaning up container...
Container stopped and removed
done
  Run 5/5... Starting fresh MySQL container...
Waiting for MySQL to initialize...
Container ready

=== Mixed Workload: YCSB-A (50% read, 50% update) - ulid ===
Creating initial dataset (500000 records)...
Overall throughput: 75.05 ops/sec
Buffer hit ratio: 99.97%

Cleaning up container...
Container stopped and removed
done

Testing ULID_MONOTONIC (5 runs)
----------------------------------------------------------------------
  Run 1/5... Starting fresh MySQL container...
Waiting for MySQL to initialize...
Container ready

=== Mixed Workload: YCSB-A (50% read, 50% update) - ulid_monotonic ===
Creating initial dataset (500000 records)...
Overall throughput: 77.90 ops/sec
Buffer hit ratio: 99.97%

Cleaning up container...
Container stopped and removed
done
  Run 2/5... Starting fresh MySQL container...
Waiting for MySQL to initialize...
Container ready

=== Mixed Workload: YCSB-A (50% read, 50% update) - ulid_monotonic ===
Creating initial dataset (500000 records)...
Overall throughput: 71.04 ops/sec
Buffer hit ratio: 99.97%

Cleaning up container...
Container stopped and removed
done
  Run 3/5... Starting fresh MySQL container...
Waiting for MySQL to initialize...
Container ready

=== Mixed Workload: YCSB-A (50% read, 50% update) - ulid_monotonic ===
Creating initial dataset (500000 records)...
Overall throughput: 73.20 ops/sec
Buffer hit ratio: 99.97%

Cleaning up container...
Container stopped and removed
done
  Run 4/5... Starting fresh MySQL container...
Waiting for MySQL to initialize...
Container ready

=== Mixed Workload: YCSB-A (50% read, 50% update) - ulid_monotonic ===
Creating initial dataset (500000 records)...
Overall throughput: 70.12 ops/sec
Buffer hit ratio: 99.97%

Cleaning up container...
Container stopped and removed
done
  Run 5/5... Starting fresh MySQL container...
Waiting for MySQL to initialize...
Container ready

=== Mixed Workload: YCSB-A (50% read, 50% update) - ulid_monotonic ===
Creating initial dataset (500000 records)...
Overall throughput: 66.88 ops/sec
Buffer hit ratio: 99.97%

Cleaning up container...
Container stopped and removed
done

Testing UUIDV1 (5 runs)
----------------------------------------------------------------------
  Run 1/5... Starting fresh MySQL container...
Waiting for MySQL to initialize...
Container ready

=== Mixed Workload: YCSB-A (50% read, 50% update) - uuidv1 ===
Creating initial dataset (500000 records)...
Overall throughput: 77.46 ops/sec
Buffer hit ratio: 99.97%

Cleaning up container...
Container stopped and removed
done
  Run 2/5... Starting fresh MySQL container...
Waiting for MySQL to initialize...
Container ready

=== Mixed Workload: YCSB-A (50% read, 50% update) - uuidv1 ===
Creating initial dataset (500000 records)...
Overall throughput: 71.67 ops/sec
Buffer hit ratio: 99.97%

Cleaning up container...
Container stopped and removed
done
  Run 3/5... Starting fresh MySQL container...
Waiting for MySQL to initialize...
Container ready

=== Mixed Workload: YCSB-A (50% read, 50% update) - uuidv1 ===
Creating initial dataset (500000 records)...
Overall throughput: 78.74 ops/sec
Buffer hit ratio: 99.97%

Cleaning up container...
Container stopped and removed
done
  Run 4/5... Starting fresh MySQL container...
Waiting for MySQL to initialize...
Container ready

=== Mixed Workload: YCSB-A (50% read, 50% update) - uuidv1 ===
Creating initial dataset (500000 records)...
Overall throughput: 79.53 ops/sec
Buffer hit ratio: 99.97%

Cleaning up container...
Container stopped and removed
done
  Run 5/5... Starting fresh MySQL container...
Waiting for MySQL to initialize...
Container ready

=== Mixed Workload: YCSB-A (50% read, 50% update) - uuidv1 ===
Creating initial dataset (500000 records)...
Overall throughput: 79.95 ops/sec
Buffer hit ratio: 99.97%

Cleaning up container...
Container stopped and removed
done

====================================================================================================
Mixed YCSB-A (50% read, 50% update) - Statistical Summary (5 runs per UUID type)
====================================================================================================

Overall Throughput (ops/sec)
┌────────────────┬──────────┬──────────┬──────────┬──────────┬──────────┬─────────┐
│ Key Type       │ Median   │ Mean     │ StdDev   │ Min      │ Max      │ CV %    │
├────────────────┼──────────┼──────────┼──────────┼──────────┼──────────┼─────────┤
│ SEQUENTIAL     │       72 │       73 │        3 │       71 │       78 │     4.0 │
│ UUIDV4         │       68 │       68 │        1 │       67 │       70 │     1.5 │
│ UUIDV7         │       79 │       76 │        4 │       71 │       80 │     5.3 │
│ ULID           │       79 │       79 │        2 │       75 │       80 │     2.6 │
│ ULID_MONOTONIC │       71 │       72 │        4 │       67 │       78 │     5.7 │
│ UUIDV1         │       79 │       77 │        3 │       72 │       80 │     4.4 │
└────────────────┴──────────┴──────────┴──────────┴──────────┴──────────┴─────────┘

Statistical Comparisons (vs SEQUENTIAL):
┌──────────────────────────────┬─────────────┬──────────┬───────────┬───────────────┐
│ Comparison                   │ Median Diff │ p-value  │ Overlap?  │ Significant?  │
├──────────────────────────────┼─────────────┼──────────┼───────────┼───────────────┤
│ SEQUENTIAL vs UUIDV4         │       -5.5% │   0.0090 │ No        │ No overlap    │
│ SEQUENTIAL vs UUIDV7         │       +8.8% │   0.1172 │ Yes       │ n.s.          │
│ SEQUENTIAL vs ULID           │       +9.4% │   0.0163 │ Yes       │ * (p<0.05)    │
│ SEQUENTIAL vs ULID_MONOTONIC │       -1.8% │   0.4647 │ Yes       │ n.s.          │
│ SEQUENTIAL vs UUIDV1         │       +8.9% │   0.1172 │ Yes       │ n.s.          │
└──────────────────────────────┴─────────────┴──────────┴───────────┴───────────────┘

Fragmentation (%)
┌────────────────┬──────────┬──────────┬──────────┬──────────┬──────────┬─────────┐
│ Key Type       │ Median   │ Mean     │ StdDev   │ Min      │ Max      │ CV %    │
├────────────────┼──────────┼──────────┼──────────┼──────────┼──────────┼─────────┤
│ SEQUENTIAL     │     0.34 │     0.34 │     0.00 │     0.34 │     0.34 │     0.0 │
│ UUIDV4         │    12.84 │    12.85 │     0.04 │    12.79 │    12.90 │     0.3 │
│ UUIDV7         │     0.34 │     0.34 │     0.00 │     0.34 │     0.34 │     0.0 │
│ ULID           │    12.79 │    12.79 │     0.04 │    12.74 │    12.83 │     0.3 │
│ ULID_MONOTONIC │     0.34 │     0.34 │     0.00 │     0.34 │     0.34 │     0.0 │
│ UUIDV1         │    12.72 │    12.73 │     0.05 │    12.68 │    12.81 │     0.4 │
└────────────────┴──────────┴──────────┴──────────┴──────────┴──────────┴─────────┘

Statistical Comparisons (vs SEQUENTIAL):
┌──────────────────────────────┬─────────────┬──────────┬───────────┬───────────────┐
│ Comparison                   │ Median Diff │ p-value  │ Overlap?  │ Significant?  │
├──────────────────────────────┼─────────────┼──────────┼───────────┼───────────────┤
│ SEQUENTIAL vs UUIDV4         │    +3703.9% │   0.0090 │ No        │ No overlap    │
│ SEQUENTIAL vs UUIDV7         │       +1.7% │   0.0090 │ No        │ No overlap    │
│ SEQUENTIAL vs ULID           │    +3688.3% │   0.0090 │ No        │ No overlap    │
│ SEQUENTIAL vs ULID_MONOTONIC │       +1.7% │   0.0090 │ No        │ No overlap    │
│ SEQUENTIAL vs UUIDV1         │    +3668.8% │   0.0090 │ No        │ No overlap    │
└──────────────────────────────┴─────────────┴──────────┴───────────┴───────────────┘

Cache Hit Ratio
┌────────────────┬──────────┬──────────┬──────────┬──────────┬──────────┬─────────┐
│ Key Type       │ Median   │ Mean     │ StdDev   │ Min      │ Max      │ CV %    │
├────────────────┼──────────┼──────────┼──────────┼──────────┼──────────┼─────────┤
│ SEQUENTIAL     │   0.9997 │   0.9997 │   0.0000 │   0.9997 │   0.9997 │     0.0 │
│ UUIDV4         │   0.9997 │   0.9997 │   0.0000 │   0.9997 │   0.9997 │     0.0 │
│ UUIDV7         │   0.9997 │   0.9997 │   0.0000 │   0.9997 │   0.9997 │     0.0 │
│ ULID           │   0.9997 │   0.9997 │   0.0000 │   0.9997 │   0.9997 │     0.0 │
│ ULID_MONOTONIC │   0.9997 │   0.9997 │   0.0000 │   0.9997 │   0.9997 │     0.0 │
│ UUIDV1         │   0.9997 │   0.9997 │   0.0000 │   0.9997 │   0.9997 │     0.0 │
└────────────────┴──────────┴──────────┴──────────┴──────────┴──────────┴─────────┘

Statistical Comparisons (vs SEQUENTIAL):
┌──────────────────────────────┬─────────────┬──────────┬───────────┬───────────────┐
│ Comparison                   │ Median Diff │ p-value  │ Overlap?  │ Significant?  │
├──────────────────────────────┼─────────────┼──────────┼───────────┼───────────────┤
│ SEQUENTIAL vs UUIDV4         │       +0.0% │   0.0090 │ No        │ No overlap    │
│ SEQUENTIAL vs UUIDV7         │       -0.0% │   0.0090 │ No        │ No overlap    │
│ SEQUENTIAL vs ULID           │       +0.0% │   0.0090 │ No        │ No overlap    │
│ SEQUENTIAL vs ULID_MONOTONIC │       -0.0% │   0.0090 │ No        │ No overlap    │
│ SEQUENTIAL vs UUIDV1         │       -0.0% │   0.0090 │ No        │ No overlap    │
└──────────────────────────────┴─────────────┴──────────┴───────────┴───────────────┘

Index Hit Ratio
┌────────────────┬──────────┬──────────┬──────────┬──────────┬──────────┬─────────┐
│ Key Type       │ Median   │ Mean     │ StdDev   │ Min      │ Max      │ CV %    │
├────────────────┼──────────┼──────────┼──────────┼──────────┼──────────┼─────────┤
│ SEQUENTIAL     │   0.9997 │   0.9997 │   0.0000 │   0.9997 │   0.9997 │     0.0 │
│ UUIDV4         │   0.9997 │   0.9997 │   0.0000 │   0.9997 │   0.9997 │     0.0 │
│ UUIDV7         │   0.9997 │   0.9997 │   0.0000 │   0.9997 │   0.9997 │     0.0 │
│ ULID           │   0.9997 │   0.9997 │   0.0000 │   0.9997 │   0.9997 │     0.0 │
│ ULID_MONOTONIC │   0.9997 │   0.9997 │   0.0000 │   0.9997 │   0.9997 │     0.0 │
│ UUIDV1         │   0.9997 │   0.9997 │   0.0000 │   0.9997 │   0.9997 │     0.0 │
└────────────────┴──────────┴──────────┴──────────┴──────────┴──────────┴─────────┘

Statistical Comparisons (vs SEQUENTIAL):
┌──────────────────────────────┬─────────────┬──────────┬───────────┬───────────────┐
│ Comparison                   │ Median Diff │ p-value  │ Overlap?  │ Significant?  │
├──────────────────────────────┼─────────────┼──────────┼───────────┼───────────────┤
│ SEQUENTIAL vs UUIDV4         │       +0.0% │   0.0090 │ No        │ No overlap    │
│ SEQUENTIAL vs UUIDV7         │       -0.0% │   0.0090 │ No        │ No overlap    │
│ SEQUENTIAL vs ULID           │       +0.0% │   0.0090 │ No        │ No overlap    │
│ SEQUENTIAL vs ULID_MONOTONIC │       -0.0% │   0.0090 │ No        │ No overlap    │
│ SEQUENTIAL vs UUIDV1         │       -0.0% │   0.0090 │ No        │ No overlap    │
└──────────────────────────────┴─────────────┴──────────┴───────────┴───────────────┘

Table Size (MB)
┌────────────────┬──────────┬──────────┬──────────┬──────────┬──────────┬─────────┐
│ Key Type       │ Median   │ Mean     │ StdDev   │ Min      │ Max      │ CV %    │
├────────────────┼──────────┼──────────┼──────────┼──────────┼──────────┼─────────┤
│ SEQUENTIAL     │    560.0 │    560.0 │      0.0 │    560.0 │    560.0 │     0.0 │
│ UUIDV4         │    902.7 │    902.3 │      1.1 │    900.8 │    903.8 │     0.1 │
│ UUIDV7         │    560.0 │    560.0 │      0.0 │    560.0 │    560.0 │     0.0 │
│ ULID           │    920.0 │    920.2 │      2.2 │    917.0 │    923.0 │     0.2 │
│ ULID_MONOTONIC │    560.0 │    560.0 │      0.0 │    560.0 │    560.0 │     0.0 │
│ UUIDV1         │    656.0 │    664.0 │     18.3 │    651.0 │    696.0 │     2.8 │
└────────────────┴──────────┴──────────┴──────────┴──────────┴──────────┴─────────┘

Statistical Comparisons (vs SEQUENTIAL):
┌──────────────────────────────┬─────────────┬──────────┬───────────┬───────────────┐
│ Comparison                   │ Median Diff │ p-value  │ Overlap?  │ Significant?  │
├──────────────────────────────┼─────────────┼──────────┼───────────┼───────────────┤
│ SEQUENTIAL vs UUIDV4         │      +61.2% │   0.0090 │ No        │ No overlap    │
│ SEQUENTIAL vs UUIDV7         │       +0.0% │   1.0000 │ Yes       │ n.s.          │
│ SEQUENTIAL vs ULID           │      +64.3% │   0.0090 │ No        │ No overlap    │
│ SEQUENTIAL vs ULID_MONOTONIC │       +0.0% │   1.0000 │ Yes       │ n.s.          │
│ SEQUENTIAL vs UUIDV1         │      +17.1% │   0.0090 │ No        │ No overlap    │
└──────────────────────────────┴─────────────┴──────────┴───────────┴───────────────┘

Index Size (MB)
┌────────────────┬──────────┬──────────┬──────────┬──────────┬──────────┬─────────┐
│ Key Type       │ Median   │ Mean     │ StdDev   │ Min      │ Max      │ CV %    │
├────────────────┼──────────┼──────────┼──────────┼──────────┼──────────┼─────────┤
│ SEQUENTIAL     │    560.0 │    560.0 │      0.0 │    560.0 │    560.0 │     0.0 │
│ UUIDV4         │    902.7 │    902.3 │      1.1 │    900.8 │    903.8 │     0.1 │
│ UUIDV7         │    560.0 │    560.0 │      0.0 │    560.0 │    560.0 │     0.0 │
│ ULID           │    920.0 │    920.2 │      2.2 │    917.0 │    923.0 │     0.2 │
│ ULID_MONOTONIC │    560.0 │    560.0 │      0.0 │    560.0 │    560.0 │     0.0 │
│ UUIDV1         │    656.0 │    664.0 │     18.3 │    651.0 │    696.0 │     2.8 │
└────────────────┴──────────┴──────────┴──────────┴──────────┴──────────┴─────────┘

Statistical Comparisons (vs SEQUENTIAL):
┌──────────────────────────────┬─────────────┬──────────┬───────────┬───────────────┐
│ Comparison                   │ Median Diff │ p-value  │ Overlap?  │ Significant?  │
├──────────────────────────────┼─────────────┼──────────┼───────────┼───────────────┤
│ SEQUENTIAL vs UUIDV4         │      +61.2% │   0.0090 │ No        │ No overlap    │
│ SEQUENTIAL vs UUIDV7         │       +0.0% │   1.0000 │ Yes       │ n.s.          │
│ SEQUENTIAL vs ULID           │      +64.3% │   0.0090 │ No        │ No overlap    │
│ SEQUENTIAL vs ULID_MONOTONIC │       +0.0% │   1.0000 │ Yes       │ n.s.          │
│ SEQUENTIAL vs UUIDV1         │      +17.1% │   0.0090 │ No        │ No overlap    │
└──────────────────────────────┴─────────────┴──────────┴───────────┴───────────────┘

Latency P50 (µs)
┌────────────────┬──────────┬──────────┬──────────┬──────────┬──────────┬─────────┐
│ Key Type       │ Median   │ Mean     │ StdDev   │ Min      │ Max      │ CV %    │
├────────────────┼──────────┼──────────┼──────────┼──────────┼──────────┼─────────┤
│ SEQUENTIAL     │     1086 │     1086 │        8 │     1074 │     1096 │     0.8 │
│ UUIDV4         │     1087 │     1088 │        8 │     1078 │     1099 │     0.7 │
│ UUIDV7         │     1090 │     1088 │        4 │     1082 │     1091 │     0.4 │
│ ULID           │     1083 │     1082 │        4 │     1078 │     1088 │     0.4 │
│ ULID_MONOTONIC │     1091 │     1090 │        7 │     1081 │     1097 │     0.6 │
│ UUIDV1         │     1093 │     1091 │        7 │     1082 │     1097 │     0.7 │
└────────────────┴──────────┴──────────┴──────────┴──────────┴──────────┴─────────┘

Statistical Comparisons (vs SEQUENTIAL):
┌──────────────────────────────┬─────────────┬──────────┬───────────┬───────────────┐
│ Comparison                   │ Median Diff │ p-value  │ Overlap?  │ Significant?  │
├──────────────────────────────┼─────────────┼──────────┼───────────┼───────────────┤
│ SEQUENTIAL vs UUIDV4         │       +0.1% │   0.6761 │ Yes       │ n.s.          │
│ SEQUENTIAL vs UUIDV7         │       +0.4% │   1.0000 │ Yes       │ n.s.          │
│ SEQUENTIAL vs ULID           │       -0.3% │   0.2963 │ Yes       │ n.s.          │
│ SEQUENTIAL vs ULID_MONOTONIC │       +0.5% │   0.4034 │ Yes       │ n.s.          │
│ SEQUENTIAL vs UUIDV1         │       +0.6% │   0.4034 │ Yes       │ n.s.          │
└──────────────────────────────┴─────────────┴──────────┴───────────┴───────────────┘

Latency P95 (µs)
┌────────────────┬──────────┬──────────┬──────────┬──────────┬──────────┬─────────┐
│ Key Type       │ Median   │ Mean     │ StdDev   │ Min      │ Max      │ CV %    │
├────────────────┼──────────┼──────────┼──────────┼──────────┼──────────┼─────────┤
│ SEQUENTIAL     │    74063 │    73642 │     1155 │    71694 │    74713 │     1.6 │
│ UUIDV4         │    76333 │    76038 │      782 │    74820 │    76788 │     1.0 │
│ UUIDV7         │    71493 │    72411 │     1669 │    71077 │    74962 │     2.3 │
│ ULID           │    71495 │    71597 │      614 │    70993 │    72556 │     0.9 │
│ ULID_MONOTONIC │    75081 │    74740 │     2164 │    71775 │    77643 │     2.9 │
│ UUIDV1         │    71580 │    71870 │     1217 │    70820 │    73936 │     1.7 │
└────────────────┴──────────┴──────────┴──────────┴──────────┴──────────┴─────────┘

Statistical Comparisons (vs SEQUENTIAL):
┌──────────────────────────────┬─────────────┬──────────┬───────────┬───────────────┐
│ Comparison                   │ Median Diff │ p-value  │ Overlap?  │ Significant?  │
├──────────────────────────────┼─────────────┼──────────┼───────────┼───────────────┤
│ SEQUENTIAL vs UUIDV4         │       +3.1% │   0.0090 │ No        │ No overlap    │
│ SEQUENTIAL vs UUIDV7         │       -3.5% │   0.1745 │ Yes       │ n.s.          │
│ SEQUENTIAL vs ULID           │       -3.5% │   0.0283 │ Yes       │ * (p<0.05)    │
│ SEQUENTIAL vs ULID_MONOTONIC │       +1.4% │   0.2506 │ Yes       │ n.s.          │
│ SEQUENTIAL vs UUIDV1         │       -3.4% │   0.0472 │ Yes       │ * (p<0.05)    │
└──────────────────────────────┴─────────────┴──────────┴───────────┴───────────────┘

Latency P99 (µs)
┌────────────────┬──────────┬──────────┬──────────┬──────────┬──────────┬─────────┐
│ Key Type       │ Median   │ Mean     │ StdDev   │ Min      │ Max      │ CV %    │
├────────────────┼──────────┼──────────┼──────────┼──────────┼──────────┼─────────┤
│ SEQUENTIAL     │   104454 │   104245 │     2814 │   100404 │   107567 │     2.7 │
│ UUIDV4         │   129956 │   130336 │     2090 │   128165 │   133818 │     1.6 │
│ UUIDV7         │    98789 │   101015 │     4856 │    96154 │   106966 │     4.8 │
│ ULID           │    98147 │    98550 │     1463 │    96899 │   100130 │     1.5 │
│ ULID_MONOTONIC │   106459 │   106083 │     5464 │    98830 │   113023 │     5.2 │
│ UUIDV1         │    99124 │    99798 │     3397 │    96633 │   104633 │     3.4 │
└────────────────┴──────────┴──────────┴──────────┴──────────┴──────────┴─────────┘

Statistical Comparisons (vs SEQUENTIAL):
┌──────────────────────────────┬─────────────┬──────────┬───────────┬───────────────┐
│ Comparison                   │ Median Diff │ p-value  │ Overlap?  │ Significant?  │
├──────────────────────────────┼─────────────┼──────────┼───────────┼───────────────┤
│ SEQUENTIAL vs UUIDV4         │      +24.4% │   0.0090 │ No        │ No overlap    │
│ SEQUENTIAL vs UUIDV7         │       -5.4% │   0.2506 │ Yes       │ n.s.          │
│ SEQUENTIAL vs ULID           │       -6.0% │   0.0090 │ No        │ No overlap    │
│ SEQUENTIAL vs ULID_MONOTONIC │       +1.9% │   0.4647 │ Yes       │ n.s.          │
│ SEQUENTIAL vs UUIDV1         │       -5.1% │   0.0758 │ Yes       │ n.s.          │
└──────────────────────────────┴─────────────┴──────────┴───────────┴───────────────┘

Read IOPS
┌────────────────┬──────────┬──────────┬──────────┬──────────┬──────────┬─────────┐
│ Key Type       │ Median   │ Mean     │ StdDev   │ Min      │ Max      │ CV %    │
├────────────────┼──────────┼──────────┼──────────┼──────────┼──────────┼─────────┤
│ SEQUENTIAL     │        0 │        0 │        0 │        0 │        0 │     3.8 │
│ UUIDV4         │        0 │        0 │        0 │        0 │        0 │   111.5 │
│ UUIDV7         │        0 │        0 │        0 │        0 │        0 │   115.6 │
│ ULID           │        0 │        0 │        0 │        0 │        0 │     2.2 │
│ ULID_MONOTONIC │        0 │        0 │        0 │        0 │        0 │    92.6 │
│ UUIDV1         │        0 │        0 │        0 │        0 │        0 │    89.5 │
└────────────────┴──────────┴──────────┴──────────┴──────────┴──────────┴─────────┘

Statistical Comparisons (vs SEQUENTIAL):
┌──────────────────────────────┬─────────────┬──────────┬───────────┬───────────────┐
│ Comparison                   │ Median Diff │ p-value  │ Overlap?  │ Significant?  │
├──────────────────────────────┼─────────────┼──────────┼───────────┼───────────────┤
│ SEQUENTIAL vs UUIDV4         │      -19.6% │   0.1172 │ Yes       │ n.s.          │
│ SEQUENTIAL vs UUIDV7         │       +7.6% │   0.2506 │ Yes       │ n.s.          │
│ SEQUENTIAL vs ULID           │       +4.5% │   0.2506 │ Yes       │ n.s.          │
│ SEQUENTIAL vs ULID_MONOTONIC │       +0.7% │   0.7540 │ Yes       │ n.s.          │
│ SEQUENTIAL vs UUIDV1         │      +19.4% │   0.0163 │ Yes       │ * (p<0.05)    │
└──────────────────────────────┴─────────────┴──────────┴───────────┴───────────────┘

Write IOPS
┌────────────────┬──────────┬──────────┬──────────┬──────────┬──────────┬─────────┐
│ Key Type       │ Median   │ Mean     │ StdDev   │ Min      │ Max      │ CV %    │
├────────────────┼──────────┼──────────┼──────────┼──────────┼──────────┼─────────┤
│ SEQUENTIAL     │      132 │      133 │        4 │      130 │      140 │     3.1 │
│ UUIDV4         │      135 │      135 │        2 │      132 │      137 │     1.4 │
│ UUIDV7         │      141 │      138 │        6 │      131 │      143 │     4.4 │
│ ULID           │      146 │      145 │        3 │      139 │      147 │     2.0 │
│ ULID_MONOTONIC │      130 │      132 │        6 │      126 │      141 │     4.4 │
│ UUIDV1         │      141 │      139 │        5 │      132 │      143 │     3.4 │
└────────────────┴──────────┴──────────┴──────────┴──────────┴──────────┴─────────┘

Statistical Comparisons (vs SEQUENTIAL):
┌──────────────────────────────┬─────────────┬──────────┬───────────┬───────────────┐
│ Comparison                   │ Median Diff │ p-value  │ Overlap?  │ Significant?  │
├──────────────────────────────┼─────────────┼──────────┼───────────┼───────────────┤
│ SEQUENTIAL vs UUIDV4         │       +2.1% │   0.2506 │ Yes       │ n.s.          │
│ SEQUENTIAL vs UUIDV7         │       +6.6% │   0.1745 │ Yes       │ n.s.          │
│ SEQUENTIAL vs ULID           │      +10.2% │   0.0163 │ Yes       │ * (p<0.05)    │
│ SEQUENTIAL vs ULID_MONOTONIC │       -1.5% │   0.4647 │ Yes       │ n.s.          │
│ SEQUENTIAL vs UUIDV1         │       +6.7% │   0.0758 │ Yes       │ n.s.          │
└──────────────────────────────┴─────────────┴──────────┴───────────┴───────────────┘

Read Throughput (MB/s)
┌────────────────┬──────────┬──────────┬──────────┬──────────┬──────────┬─────────┐
│ Key Type       │ Median   │ Mean     │ StdDev   │ Min      │ Max      │ CV %    │
├────────────────┼──────────┼──────────┼──────────┼──────────┼──────────┼─────────┤
│ SEQUENTIAL     │      0.0 │      0.0 │      0.0 │      0.0 │      0.0 │     3.8 │
│ UUIDV4         │      0.0 │      0.0 │      0.0 │      0.0 │      0.0 │   111.5 │
│ UUIDV7         │      0.0 │      0.0 │      0.0 │      0.0 │      0.0 │   115.6 │
│ ULID           │      0.0 │      0.0 │      0.0 │      0.0 │      0.0 │     2.2 │
│ ULID_MONOTONIC │      0.0 │      0.0 │      0.0 │      0.0 │      0.0 │    92.6 │
│ UUIDV1         │      0.0 │      0.0 │      0.0 │      0.0 │      0.0 │    89.5 │
└────────────────┴──────────┴──────────┴──────────┴──────────┴──────────┴─────────┘

Statistical Comparisons (vs SEQUENTIAL):
┌──────────────────────────────┬─────────────┬──────────┬───────────┬───────────────┐
│ Comparison                   │ Median Diff │ p-value  │ Overlap?  │ Significant?  │
├──────────────────────────────┼─────────────┼──────────┼───────────┼───────────────┤
│ SEQUENTIAL vs UUIDV4         │      -19.6% │   0.1172 │ Yes       │ n.s.          │
│ SEQUENTIAL vs UUIDV7         │       +7.6% │   0.2506 │ Yes       │ n.s.          │
│ SEQUENTIAL vs ULID           │       +4.5% │   0.2506 │ Yes       │ n.s.          │
│ SEQUENTIAL vs ULID_MONOTONIC │       +0.7% │   0.7540 │ Yes       │ n.s.          │
│ SEQUENTIAL vs UUIDV1         │      +19.4% │   0.0163 │ Yes       │ * (p<0.05)    │
└──────────────────────────────┴─────────────┴──────────┴───────────┴───────────────┘

Write Throughput (MB/s)
┌────────────────┬──────────┬──────────┬──────────┬──────────┬──────────┬─────────┐
│ Key Type       │ Median   │ Mean     │ StdDev   │ Min      │ Max      │ CV %    │
├────────────────┼──────────┼──────────┼──────────┼──────────┼──────────┼─────────┤
│ SEQUENTIAL     │      1.4 │      1.4 │      0.0 │      1.4 │      1.5 │     3.2 │
│ UUIDV4         │      2.0 │      2.0 │      0.0 │      2.0 │      2.0 │     1.3 │
│ UUIDV7         │      1.5 │      1.5 │      0.1 │      1.4 │      1.5 │     4.4 │
│ ULID           │      1.9 │      1.9 │      0.0 │      1.8 │      1.9 │     1.9 │
│ ULID_MONOTONIC │      1.4 │      1.4 │      0.1 │      1.4 │      1.5 │     4.3 │
│ UUIDV1         │      1.6 │      1.5 │      0.1 │      1.5 │      1.6 │     3.3 │
└────────────────┴──────────┴──────────┴──────────┴──────────┴──────────┴─────────┘

Statistical Comparisons (vs SEQUENTIAL):
┌──────────────────────────────┬─────────────┬──────────┬───────────┬───────────────┐
│ Comparison                   │ Median Diff │ p-value  │ Overlap?  │ Significant?  │
├──────────────────────────────┼─────────────┼──────────┼───────────┼───────────────┤
│ SEQUENTIAL vs UUIDV4         │      +41.0% │   0.0090 │ No        │ No overlap    │
│ SEQUENTIAL vs UUIDV7         │       +6.7% │   0.1745 │ Yes       │ n.s.          │
│ SEQUENTIAL vs ULID           │      +34.4% │   0.0090 │ No        │ No overlap    │
│ SEQUENTIAL vs ULID_MONOTONIC │       -1.3% │   0.7540 │ Yes       │ n.s.          │
│ SEQUENTIAL vs UUIDV1         │       +9.5% │   0.0163 │ Yes       │ * (p<0.05)    │
└──────────────────────────────┴─────────────┴──────────┴───────────┴───────────────┘

====================================================================================================
ALL SCENARIOS COMPLETED IN 160h33m24s
====================================================================================================

Exporting results to CSV...
  Statistical summary: /home/aaeirack/uuid-benchmark/results/mysql_1m_all_1conn.csv
  Raw runs data: /home/aaeirack/uuid-benchmark/results/mysql_1m_all_1conn_raw.csv

All scenarios completed successfully!
