UUID Benchmark - MySQL
======================================================================
Database:     MySQL
Scenario:     all
Records:      1000000
Connections:  8
Batch Size:   100
Runs:         5 (statistical mode)
Testing:      [sequential uuidv4 uuidv7 ulid ulid_monotonic uuidv1]
======================================================================


====================================================================================================
RUNNING ALL SCENARIOS - COMPREHENSIVE BENCHMARK SUITE
====================================================================================================


[1/5] INSERT PERFORMANCE
====================================================================================================

Testing SEQUENTIAL (5 runs)
----------------------------------------------------------------------
  Run 1/5... Starting fresh MySQL container...
Waiting for MySQL to initialize...
Container ready
Inserting 1000000 records (connections=8, batch=100)...
Inserted 1000000 records in 7.855463949s
Throughput: 128260.00 records/sec
Measuring metrics...

Cleaning up container...
Container stopped and removed
done
  Run 2/5... Starting fresh MySQL container...
Waiting for MySQL to initialize...
Container ready
Inserting 1000000 records (connections=8, batch=100)...
Inserted 1000000 records in 10.062925933s
Throughput: 94496.00 records/sec
Measuring metrics...

Cleaning up container...
Container stopped and removed
done
  Run 3/5... Starting fresh MySQL container...
Waiting for MySQL to initialize...
Container ready
Inserting 1000000 records (connections=8, batch=100)...
Inserted 1000000 records in 10.068587751s
Throughput: 85442.00 records/sec
Measuring metrics...

Cleaning up container...
Container stopped and removed
done
  Run 4/5... Starting fresh MySQL container...
Waiting for MySQL to initialize...
Container ready
Inserting 1000000 records (connections=8, batch=100)...
Inserted 1000000 records in 10.059493231s
Throughput: 91818.00 records/sec
Measuring metrics...

Cleaning up container...
Container stopped and removed
done
  Run 5/5... Starting fresh MySQL container...
Waiting for MySQL to initialize...
Container ready
Inserting 1000000 records (connections=8, batch=100)...
Inserted 1000000 records in 9.657448265s
Throughput: 104085.00 records/sec
Measuring metrics...

Cleaning up container...
Container stopped and removed
done

Testing UUIDV4 (5 runs)
----------------------------------------------------------------------
  Run 1/5... Starting fresh MySQL container...
Waiting for MySQL to initialize...
Container ready
Inserting 1000000 records (connections=8, batch=100)...
Inserted 1000000 records in 11.060959802s
Throughput: 93129.00 records/sec
Measuring metrics...

Cleaning up container...
Container stopped and removed
done
  Run 2/5... Starting fresh MySQL container...
Waiting for MySQL to initialize...
Container ready
Inserting 1000000 records (connections=8, batch=100)...
Inserted 1000000 records in 10.383879996s
Throughput: 105764.00 records/sec
Measuring metrics...

Cleaning up container...
Container stopped and removed
done
  Run 3/5... Starting fresh MySQL container...
Waiting for MySQL to initialize...
Container ready
Inserting 1000000 records (connections=8, batch=100)...
Inserted 1000000 records in 10.276462235s
Throughput: 107920.00 records/sec
Measuring metrics...

Cleaning up container...
Container stopped and removed
done
  Run 4/5... Starting fresh MySQL container...
Waiting for MySQL to initialize...
Container ready
Inserting 1000000 records (connections=8, batch=100)...
Inserted 1000000 records in 9.201713783s
Throughput: 121527.00 records/sec
Measuring metrics...

Cleaning up container...
Container stopped and removed
done
  Run 5/5... Starting fresh MySQL container...
Waiting for MySQL to initialize...
Container ready
Inserting 1000000 records (connections=8, batch=100)...
Inserted 1000000 records in 9.870106241s
Throughput: 112441.00 records/sec
Measuring metrics...

Cleaning up container...
Container stopped and removed
done

Testing UUIDV7 (5 runs)
----------------------------------------------------------------------
  Run 1/5... Starting fresh MySQL container...
Waiting for MySQL to initialize...
Container ready
Inserting 1000000 records (connections=8, batch=100)...
Inserted 1000000 records in 8.790028247s
Throughput: 126653.00 records/sec
Measuring metrics...

Cleaning up container...
Container stopped and removed
done
  Run 2/5... Starting fresh MySQL container...
Waiting for MySQL to initialize...
Container ready
Inserting 1000000 records (connections=8, batch=100)...
Inserted 1000000 records in 7.708339732s
Throughput: 147737.00 records/sec
Measuring metrics...

Cleaning up container...
Container stopped and removed
done
  Run 3/5... Starting fresh MySQL container...
Waiting for MySQL to initialize...
Container ready
Inserting 1000000 records (connections=8, batch=100)...
Inserted 1000000 records in 8.670060781s
Throughput: 128981.00 records/sec
Measuring metrics...

Cleaning up container...
Container stopped and removed
done
  Run 4/5... Starting fresh MySQL container...
Waiting for MySQL to initialize...
Container ready
Inserting 1000000 records (connections=8, batch=100)...
Inserted 1000000 records in 7.673473954s
Throughput: 147865.00 records/sec
Measuring metrics...

Cleaning up container...
Container stopped and removed
done
  Run 5/5... Starting fresh MySQL container...
Waiting for MySQL to initialize...
Container ready
Inserting 1000000 records (connections=8, batch=100)...
Inserted 1000000 records in 8.13271486s
Throughput: 138085.00 records/sec
Measuring metrics...

Cleaning up container...
Container stopped and removed
done

Testing ULID (5 runs)
----------------------------------------------------------------------
  Run 1/5... Starting fresh MySQL container...
Waiting for MySQL to initialize...
Container ready
Inserting 1000000 records (connections=8, batch=100)...
Inserted 1000000 records in 9.202295134s
Throughput: 121245.00 records/sec
Measuring metrics...

Cleaning up container...
Container stopped and removed
done
  Run 2/5... Starting fresh MySQL container...
Waiting for MySQL to initialize...
Container ready
Inserting 1000000 records (connections=8, batch=100)...
Inserted 1000000 records in 9.687511475s
Throughput: 114289.00 records/sec
Measuring metrics...

Cleaning up container...
Container stopped and removed
done
  Run 3/5... Starting fresh MySQL container...
Waiting for MySQL to initialize...
Container ready
Inserting 1000000 records (connections=8, batch=100)...
Inserted 1000000 records in 9.548806675s
Throughput: 117050.00 records/sec
Measuring metrics...

Cleaning up container...
Container stopped and removed
done
  Run 4/5... Starting fresh MySQL container...
Waiting for MySQL to initialize...
Container ready
Inserting 1000000 records (connections=8, batch=100)...
Inserted 1000000 records in 10.004983233s
Throughput: 110242.00 records/sec
Measuring metrics...

Cleaning up container...
Container stopped and removed
done
  Run 5/5... Starting fresh MySQL container...
Waiting for MySQL to initialize...
Container ready
Inserting 1000000 records (connections=8, batch=100)...
Inserted 1000000 records in 10.141821776s
Throughput: 108488.00 records/sec
Measuring metrics...

Cleaning up container...
Container stopped and removed
done

Testing ULID_MONOTONIC (5 runs)
----------------------------------------------------------------------
  Run 1/5... Starting fresh MySQL container...
Waiting for MySQL to initialize...
Container ready
Inserting 1000000 records (connections=8, batch=100)...
Inserted 1000000 records in 8.330747945s
Throughput: 134737.00 records/sec
Measuring metrics...

Cleaning up container...
Container stopped and removed
done
  Run 2/5... Starting fresh MySQL container...
Waiting for MySQL to initialize...
Container ready
Inserting 1000000 records (connections=8, batch=100)...
Inserted 1000000 records in 8.15171236s
Throughput: 137847.00 records/sec
Measuring metrics...

Cleaning up container...
Container stopped and removed
done
  Run 3/5... Starting fresh MySQL container...
Waiting for MySQL to initialize...
Container ready
Inserting 1000000 records (connections=8, batch=100)...
Inserted 1000000 records in 8.229122333s
Throughput: 136647.00 records/sec
Measuring metrics...

Cleaning up container...
Container stopped and removed
done
  Run 4/5... Starting fresh MySQL container...
Waiting for MySQL to initialize...
Container ready
Inserting 1000000 records (connections=8, batch=100)...
Inserted 1000000 records in 8.104895082s
Throughput: 143187.00 records/sec
Measuring metrics...

Cleaning up container...
Container stopped and removed
done
  Run 5/5... Starting fresh MySQL container...
Waiting for MySQL to initialize...
Container ready
Inserting 1000000 records (connections=8, batch=100)...
Inserted 1000000 records in 8.156515281s
Throughput: 138221.00 records/sec
Measuring metrics...

Cleaning up container...
Container stopped and removed
done

Testing UUIDV1 (5 runs)
----------------------------------------------------------------------
  Run 1/5... Starting fresh MySQL container...
Waiting for MySQL to initialize...
Container ready
Inserting 1000000 records (connections=8, batch=100)...
Inserted 1000000 records in 12.507986858s
Throughput: 30691.00 records/sec
Measuring metrics...

Cleaning up container...
Container stopped and removed
done
  Run 2/5... Starting fresh MySQL container...
Waiting for MySQL to initialize...
Container ready
Inserting 1000000 records (connections=8, batch=100)...
Inserted 1000000 records in 12.442481141s
Throughput: 30509.00 records/sec
Measuring metrics...

Cleaning up container...
Container stopped and removed
done
  Run 3/5... Starting fresh MySQL container...
Waiting for MySQL to initialize...
Container ready
Inserting 1000000 records (connections=8, batch=100)...
Inserted 1000000 records in 12.524698458s
Throughput: 30250.00 records/sec
Measuring metrics...

Cleaning up container...
Container stopped and removed
done
  Run 4/5... Starting fresh MySQL container...
Waiting for MySQL to initialize...
Container ready
Inserting 1000000 records (connections=8, batch=100)...
Inserted 1000000 records in 12.478965866s
Throughput: 30794.00 records/sec
Measuring metrics...

Cleaning up container...
Container stopped and removed
done
  Run 5/5... Starting fresh MySQL container...
Waiting for MySQL to initialize...
Container ready
Inserting 1000000 records (connections=8, batch=100)...
Inserted 1000000 records in 12.478085273s
Throughput: 30710.00 records/sec
Measuring metrics...

Cleaning up container...
Container stopped and removed
done

====================================================================================================
Insert Performance - Statistical Summary (5 runs per UUID type)
====================================================================================================

Throughput (records/sec)
┌────────────────┬──────────┬──────────┬──────────┬──────────┬──────────┬─────────┐
│ Key Type       │ Median   │ Mean     │ StdDev   │ Min      │ Max      │ CV %    │
├────────────────┼──────────┼──────────┼──────────┼──────────┼──────────┼─────────┤
│ SEQUENTIAL     │    94496 │   100820 │    16742 │    85442 │   128260 │    16.6 │
│ UUIDV4         │   107920 │   108156 │    10353 │    93129 │   121527 │     9.6 │
│ UUIDV7         │   138085 │   137864 │    10027 │   126653 │   147865 │     7.3 │
│ ULID           │   114289 │   114263 │     5149 │   108488 │   121245 │     4.5 │
│ ULID_MONOTONIC │   137847 │   138128 │     3137 │   134737 │   143187 │     2.3 │
│ UUIDV1         │    30691 │    30591 │      217 │    30250 │    30794 │     0.7 │
└────────────────┴──────────┴──────────┴──────────┴──────────┴──────────┴─────────┘

Statistical Comparisons (vs SEQUENTIAL):
┌──────────────────────────────┬─────────────┬──────────┬───────────┬───────────────┐
│ Comparison                   │ Median Diff │ p-value  │ Overlap?  │ Significant?  │
├──────────────────────────────┼─────────────┼──────────┼───────────┼───────────────┤
│ SEQUENTIAL vs UUIDV4         │      +14.2% │   0.2506 │ Yes       │ n.s.          │
│ SEQUENTIAL vs UUIDV7         │      +46.1% │   0.0163 │ Yes       │ * (p<0.05)    │
│ SEQUENTIAL vs ULID           │      +20.9% │   0.1172 │ Yes       │ n.s.          │
│ SEQUENTIAL vs ULID_MONOTONIC │      +45.9% │   0.0090 │ No        │ No overlap    │
│ SEQUENTIAL vs UUIDV1         │      -67.5% │   0.0090 │ No        │ No overlap    │
└──────────────────────────────┴─────────────┴──────────┴───────────┴───────────────┘

Page Splits
┌────────────────┬──────────┬──────────┬──────────┬──────────┬──────────┬─────────┐
│ Key Type       │ Median   │ Mean     │ StdDev   │ Min      │ Max      │ CV %    │
├────────────────┼──────────┼──────────┼──────────┼──────────┼──────────┼─────────┤
│ SEQUENTIAL     │    78668 │    78575 │     5163 │    71050 │    83454 │     6.6 │
│ UUIDV4         │   100982 │    99944 │     2524 │    95437 │   101275 │     2.5 │
│ UUIDV7         │    76372 │    76371 │        3 │    76367 │    76373 │     0.0 │
│ ULID           │   101294 │   101285 │       73 │   101207 │   101382 │     0.1 │
│ ULID_MONOTONIC │    76372 │    76371 │        7 │    76362 │    76380 │     0.0 │
│ UUIDV1         │    23624 │    23578 │      173 │    23330 │    23774 │     0.7 │
└────────────────┴──────────┴──────────┴──────────┴──────────┴──────────┴─────────┘

Statistical Comparisons (vs SEQUENTIAL):
┌──────────────────────────────┬─────────────┬──────────┬───────────┬───────────────┐
│ Comparison                   │ Median Diff │ p-value  │ Overlap?  │ Significant?  │
├──────────────────────────────┼─────────────┼──────────┼───────────┼───────────────┤
│ SEQUENTIAL vs UUIDV4         │      +28.4% │   0.0090 │ No        │ No overlap    │
│ SEQUENTIAL vs UUIDV7         │       -2.9% │   0.1172 │ Yes       │ n.s.          │
│ SEQUENTIAL vs ULID           │      +28.8% │   0.0090 │ No        │ No overlap    │
│ SEQUENTIAL vs ULID_MONOTONIC │       -2.9% │   0.1172 │ Yes       │ n.s.          │
│ SEQUENTIAL vs UUIDV1         │      -70.0% │   0.0090 │ No        │ No overlap    │
└──────────────────────────────┴─────────────┴──────────┴───────────┴───────────────┘

Table Size (MB)
┌────────────────┬──────────┬──────────┬──────────┬──────────┬──────────┬─────────┐
│ Key Type       │ Median   │ Mean     │ StdDev   │ Min      │ Max      │ CV %    │
├────────────────┼──────────┼──────────┼──────────┼──────────┼──────────┼─────────┤
│ SEQUENTIAL     │   1406.0 │   1403.8 │     92.4 │   1269.0 │   1491.0 │     6.6 │
│ UUIDV4         │   1802.7 │   1784.1 │     45.0 │   1703.7 │   1807.7 │     2.5 │
│ UUIDV7         │   1198.0 │   1197.6 │      1.1 │   1196.0 │   1199.0 │     0.1 │
│ ULID           │   1809.0 │   1809.2 │      1.3 │   1808.0 │   1811.0 │     0.1 │
│ ULID_MONOTONIC │   1198.0 │   1197.6 │      0.5 │   1197.0 │   1198.0 │     0.0 │
│ UUIDV1         │    374.0 │    372.8 │      3.3 │    368.0 │    376.0 │     0.9 │
└────────────────┴──────────┴──────────┴──────────┴──────────┴──────────┴─────────┘

Statistical Comparisons (vs SEQUENTIAL):
┌──────────────────────────────┬─────────────┬──────────┬───────────┬───────────────┐
│ Comparison                   │ Median Diff │ p-value  │ Overlap?  │ Significant?  │
├──────────────────────────────┼─────────────┼──────────┼───────────┼───────────────┤
│ SEQUENTIAL vs UUIDV4         │      +28.2% │   0.0090 │ No        │ No overlap    │
│ SEQUENTIAL vs UUIDV7         │      -14.8% │   0.0090 │ No        │ No overlap    │
│ SEQUENTIAL vs ULID           │      +28.7% │   0.0090 │ No        │ No overlap    │
│ SEQUENTIAL vs ULID_MONOTONIC │      -14.8% │   0.0090 │ No        │ No overlap    │
│ SEQUENTIAL vs UUIDV1         │      -73.4% │   0.0090 │ No        │ No overlap    │
└──────────────────────────────┴─────────────┴──────────┴───────────┴───────────────┘

Index Size (MB)
┌────────────────┬──────────┬──────────┬──────────┬──────────┬──────────┬─────────┐
│ Key Type       │ Median   │ Mean     │ StdDev   │ Min      │ Max      │ CV %    │
├────────────────┼──────────┼──────────┼──────────┼──────────┼──────────┼─────────┤
│ SEQUENTIAL     │   1406.0 │   1403.8 │     92.4 │   1269.0 │   1491.0 │     6.6 │
│ UUIDV4         │   1802.7 │   1784.1 │     45.0 │   1703.7 │   1807.7 │     2.5 │
│ UUIDV7         │   1198.0 │   1197.6 │      1.1 │   1196.0 │   1199.0 │     0.1 │
│ ULID           │   1809.0 │   1809.2 │      1.3 │   1808.0 │   1811.0 │     0.1 │
│ ULID_MONOTONIC │   1198.0 │   1197.6 │      0.5 │   1197.0 │   1198.0 │     0.0 │
│ UUIDV1         │    374.0 │    372.8 │      3.3 │    368.0 │    376.0 │     0.9 │
└────────────────┴──────────┴──────────┴──────────┴──────────┴──────────┴─────────┘

Statistical Comparisons (vs SEQUENTIAL):
┌──────────────────────────────┬─────────────┬──────────┬───────────┬───────────────┐
│ Comparison                   │ Median Diff │ p-value  │ Overlap?  │ Significant?  │
├──────────────────────────────┼─────────────┼──────────┼───────────┼───────────────┤
│ SEQUENTIAL vs UUIDV4         │      +28.2% │   0.0090 │ No        │ No overlap    │
│ SEQUENTIAL vs UUIDV7         │      -14.8% │   0.0090 │ No        │ No overlap    │
│ SEQUENTIAL vs ULID           │      +28.7% │   0.0090 │ No        │ No overlap    │
│ SEQUENTIAL vs ULID_MONOTONIC │      -14.8% │   0.0090 │ No        │ No overlap    │
│ SEQUENTIAL vs UUIDV1         │      -73.4% │   0.0090 │ No        │ No overlap    │
└──────────────────────────────┴─────────────┴──────────┴───────────┴───────────────┘

Latency P99 (µs)
┌────────────────┬──────────┬──────────┬──────────┬──────────┬──────────┬─────────┐
│ Key Type       │ Median   │ Mean     │ StdDev   │ Min      │ Max      │ CV %    │
├────────────────┼──────────┼──────────┼──────────┼──────────┼──────────┼─────────┤
│ SEQUENTIAL     │    28162 │    31714 │    15608 │    12752 │    51945 │    49.2 │
│ UUIDV4         │    20736 │    20285 │     3698 │    15268 │    23948 │    18.2 │
│ UUIDV7         │    14207 │    13856 │     2635 │    11242 │    17319 │    19.0 │
│ ULID           │    18612 │    19482 │     3037 │    16408 │    22689 │    15.6 │
│ ULID_MONOTONIC │    14728 │    14384 │     1587 │    11866 │    15828 │    11.0 │
│ UUIDV1         │   104840 │   104098 │     1658 │   101132 │   104840 │     1.6 │
└────────────────┴──────────┴──────────┴──────────┴──────────┴──────────┴─────────┘

Statistical Comparisons (vs SEQUENTIAL):
┌──────────────────────────────┬─────────────┬──────────┬───────────┬───────────────┐
│ Comparison                   │ Median Diff │ p-value  │ Overlap?  │ Significant?  │
├──────────────────────────────┼─────────────┼──────────┼───────────┼───────────────┤
│ SEQUENTIAL vs UUIDV4         │      -26.4% │   0.2506 │ Yes       │ n.s.          │
│ SEQUENTIAL vs UUIDV7         │      -49.6% │   0.0472 │ Yes       │ * (p<0.05)    │
│ SEQUENTIAL vs ULID           │      -33.9% │   0.1172 │ Yes       │ n.s.          │
│ SEQUENTIAL vs ULID_MONOTONIC │      -47.7% │   0.0758 │ Yes       │ n.s.          │
│ SEQUENTIAL vs UUIDV1         │     +272.3% │   0.0090 │ No        │ No overlap    │
└──────────────────────────────┴─────────────┴──────────┴───────────┴───────────────┘

Write IOPS
┌────────────────┬──────────┬──────────┬──────────┬──────────┬──────────┬─────────┐
│ Key Type       │ Median   │ Mean     │ StdDev   │ Min      │ Max      │ CV %    │
├────────────────┼──────────┼──────────┼──────────┼──────────┼──────────┼─────────┤
│ SEQUENTIAL     │     7025 │     7124 │      835 │     6187 │     8323 │    11.7 │
│ UUIDV4         │     7644 │     7758 │      482 │     7240 │     8535 │     6.2 │
│ UUIDV7         │     5943 │     5962 │      271 │     5658 │     6277 │     4.5 │
│ ULID           │     7675 │     7784 │      201 │     7650 │     8126 │     2.6 │
│ ULID_MONOTONIC │     6026 │     6022 │      180 │     5740 │     6204 │     3.0 │
│ UUIDV1         │     1733 │     1727 │       15 │     1704 │     1738 │     0.9 │
└────────────────┴──────────┴──────────┴──────────┴──────────┴──────────┴─────────┘

Statistical Comparisons (vs SEQUENTIAL):
┌──────────────────────────────┬─────────────┬──────────┬───────────┬───────────────┐
│ Comparison                   │ Median Diff │ p-value  │ Overlap?  │ Significant?  │
├──────────────────────────────┼─────────────┼──────────┼───────────┼───────────────┤
│ SEQUENTIAL vs UUIDV4         │       +8.8% │   0.1172 │ Yes       │ n.s.          │
│ SEQUENTIAL vs UUIDV7         │      -15.4% │   0.0283 │ Yes       │ * (p<0.05)    │
│ SEQUENTIAL vs ULID           │       +9.3% │   0.1172 │ Yes       │ n.s.          │
│ SEQUENTIAL vs ULID_MONOTONIC │      -14.2% │   0.0163 │ Yes       │ * (p<0.05)    │
│ SEQUENTIAL vs UUIDV1         │      -75.3% │   0.0090 │ No        │ No overlap    │
└──────────────────────────────┴─────────────┴──────────┴───────────┴───────────────┘

[2/5] READ PERFORMANCE
====================================================================================================

Testing SEQUENTIAL (5 runs)
----------------------------------------------------------------------
  Run 1/5... Starting fresh MySQL container...
Waiting for MySQL to initialize...
Container ready
Inserting 1000000 records to create index...
Inserted 1000000 records in 10.0018s
Creating lookup table for random key selection...
Measuring fragmentation...
Index fragmentation: 0.50%
Resetting MySQL statistics...
Running 200000 point lookups...
Completed 200000 reads in 10.04356612s
Read throughput: 19695.84 ops/sec
Measuring buffer pool hit ratios...

Cleaning up container...
Container stopped and removed
done
  Run 2/5... Starting fresh MySQL container...
Waiting for MySQL to initialize...
Container ready
Inserting 1000000 records to create index...
Inserted 1000000 records in 10.0011s
Creating lookup table for random key selection...
Measuring fragmentation...
Index fragmentation: 0.39%
Resetting MySQL statistics...
Running 200000 point lookups...
Completed 200000 reads in 9.995157229s
Read throughput: 20094.98 ops/sec
Measuring buffer pool hit ratios...

Cleaning up container...
Container stopped and removed
done
  Run 3/5... Starting fresh MySQL container...
Waiting for MySQL to initialize...
Container ready
Inserting 1000000 records to create index...
Inserted 1000000 records in 10.0018s
Creating lookup table for random key selection...
Measuring fragmentation...
Index fragmentation: 0.52%
Resetting MySQL statistics...
Running 200000 point lookups...
Completed 200000 reads in 10.041101004s
Read throughput: 19828.21 ops/sec
Measuring buffer pool hit ratios...

Cleaning up container...
Container stopped and removed
done
  Run 4/5... Starting fresh MySQL container...
Waiting for MySQL to initialize...
Container ready
Inserting 1000000 records to create index...
Inserted 1000000 records in 10.0029s
Creating lookup table for random key selection...
Measuring fragmentation...
Index fragmentation: 0.44%
Resetting MySQL statistics...
Running 200000 point lookups...
Completed 200000 reads in 10.0415899s
Read throughput: 19625.57 ops/sec
Measuring buffer pool hit ratios...

Cleaning up container...
Container stopped and removed
done
  Run 5/5... Starting fresh MySQL container...
Waiting for MySQL to initialize...
Container ready
Inserting 1000000 records to create index...
Inserted 1000000 records in 10.0027s
Creating lookup table for random key selection...
Measuring fragmentation...
Index fragmentation: 0.45%
Resetting MySQL statistics...
Running 200000 point lookups...
Completed 200000 reads in 9.852143897s
Read throughput: 20389.25 ops/sec
Measuring buffer pool hit ratios...

Cleaning up container...
Container stopped and removed
done

Testing UUIDV4 (5 runs)
----------------------------------------------------------------------
  Run 1/5... Starting fresh MySQL container...
Waiting for MySQL to initialize...
Container ready
Inserting 1000000 records to create index...
Inserted 1000000 records in 10.1627s
Creating lookup table for random key selection...
Measuring fragmentation...
Index fragmentation: 12.79%
Resetting MySQL statistics...
Running 200000 point lookups...
Completed 200000 reads in 10.040371633s
Read throughput: 19673.71 ops/sec
Measuring buffer pool hit ratios...

Cleaning up container...
Container stopped and removed
done
  Run 2/5... Starting fresh MySQL container...
Waiting for MySQL to initialize...
Container ready
Inserting 1000000 records to create index...
Inserted 1000000 records in 10.161s
Creating lookup table for random key selection...
Measuring fragmentation...
Index fragmentation: 12.80%
Resetting MySQL statistics...
Running 200000 point lookups...
Completed 200000 reads in 9.996486284s
Read throughput: 20086.96 ops/sec
Measuring buffer pool hit ratios...

Cleaning up container...
Container stopped and removed
done
  Run 3/5... Starting fresh MySQL container...
Waiting for MySQL to initialize...
Container ready
Inserting 1000000 records to create index...
Inserted 1000000 records in 10.1594s
Creating lookup table for random key selection...
Measuring fragmentation...
Index fragmentation: 12.84%
Resetting MySQL statistics...
Running 200000 point lookups...
Completed 200000 reads in 10.044547111s
Read throughput: 19874.61 ops/sec
Measuring buffer pool hit ratios...

Cleaning up container...
Container stopped and removed
done
  Run 4/5... Starting fresh MySQL container...
Waiting for MySQL to initialize...
Container ready
Inserting 1000000 records to create index...
Inserted 1000000 records in 10.1646s
Creating lookup table for random key selection...
Measuring fragmentation...
Index fragmentation: 12.83%
Resetting MySQL statistics...
Running 200000 point lookups...
Completed 200000 reads in 10.042171576s
Read throughput: 19792.54 ops/sec
Measuring buffer pool hit ratios...

Cleaning up container...
Container stopped and removed
done
  Run 5/5... Starting fresh MySQL container...
Waiting for MySQL to initialize...
Container ready
Inserting 1000000 records to create index...
Inserted 1000000 records in 10.1563s
Creating lookup table for random key selection...
Measuring fragmentation...
Index fragmentation: 12.71%
Resetting MySQL statistics...
Running 200000 point lookups...
Completed 200000 reads in 10.041947303s
Read throughput: 19930.52 ops/sec
Measuring buffer pool hit ratios...

Cleaning up container...
Container stopped and removed
done

Testing UUIDV7 (5 runs)
----------------------------------------------------------------------
  Run 1/5... Starting fresh MySQL container...
Waiting for MySQL to initialize...
Container ready
Inserting 1000000 records to create index...
Inserted 1000000 records in 10.1559s
Creating lookup table for random key selection...
Measuring fragmentation...
Index fragmentation: 0.41%
Resetting MySQL statistics...
Running 200000 point lookups...
Completed 200000 reads in 9.899461961s
Read throughput: 20283.27 ops/sec
Measuring buffer pool hit ratios...

Cleaning up container...
Container stopped and removed
done
  Run 2/5... Starting fresh MySQL container...
Waiting for MySQL to initialize...
Container ready
Inserting 1000000 records to create index...
Inserted 1000000 records in 10.1636s
Creating lookup table for random key selection...
Measuring fragmentation...
Index fragmentation: 0.37%
Resetting MySQL statistics...
Running 200000 point lookups...
Completed 200000 reads in 9.661698824s
Read throughput: 20784.72 ops/sec
Measuring buffer pool hit ratios...

Cleaning up container...
Container stopped and removed
done
  Run 3/5... Starting fresh MySQL container...
Waiting for MySQL to initialize...
Container ready
Inserting 1000000 records to create index...
Inserted 1000000 records in 10.1692s
Creating lookup table for random key selection...
Measuring fragmentation...
Index fragmentation: 0.36%
Resetting MySQL statistics...
Running 200000 point lookups...
Completed 200000 reads in 10.044294921s
Read throughput: 19342.95 ops/sec
Measuring buffer pool hit ratios...

Cleaning up container...
Container stopped and removed
done
  Run 4/5... Starting fresh MySQL container...
Waiting for MySQL to initialize...
Container ready
Inserting 1000000 records to create index...
Inserted 1000000 records in 10.1703s
Creating lookup table for random key selection...
Measuring fragmentation...
Index fragmentation: 0.46%
Resetting MySQL statistics...
Running 200000 point lookups...
Completed 200000 reads in 10.04393124s
Read throughput: 19376.76 ops/sec
Measuring buffer pool hit ratios...

Cleaning up container...
Container stopped and removed
done
  Run 5/5... Starting fresh MySQL container...
Waiting for MySQL to initialize...
Container ready
Inserting 1000000 records to create index...
Inserted 1000000 records in 10.1531s
Creating lookup table for random key selection...
Measuring fragmentation...
Index fragmentation: 0.52%
Resetting MySQL statistics...
Running 200000 point lookups...
Completed 200000 reads in 9.477059647s
Read throughput: 21194.49 ops/sec
Measuring buffer pool hit ratios...

Cleaning up container...
Container stopped and removed
done

Testing ULID (5 runs)
----------------------------------------------------------------------
  Run 1/5... Starting fresh MySQL container...
Waiting for MySQL to initialize...
Container ready
Inserting 1000000 records to create index...
Inserted 1000000 records in 10.1479s
Creating lookup table for random key selection...
Measuring fragmentation...
Index fragmentation: 12.85%
Resetting MySQL statistics...
Running 200000 point lookups...
Completed 200000 reads in 9.636306859s
Read throughput: 20839.35 ops/sec
Measuring buffer pool hit ratios...

Cleaning up container...
Container stopped and removed
done
  Run 2/5... Starting fresh MySQL container...
Waiting for MySQL to initialize...
Container ready
Inserting 1000000 records to create index...
Inserted 1000000 records in 10.1516s
Creating lookup table for random key selection...
Measuring fragmentation...
Index fragmentation: 12.84%
Resetting MySQL statistics...
Running 200000 point lookups...
Completed 200000 reads in 9.413560898s
Read throughput: 21332.88 ops/sec
Measuring buffer pool hit ratios...

Cleaning up container...
Container stopped and removed
done
  Run 3/5... Starting fresh MySQL container...
Waiting for MySQL to initialize...
Container ready
Inserting 1000000 records to create index...
Inserted 1000000 records in 10.1568s
Creating lookup table for random key selection...
Measuring fragmentation...
Index fragmentation: 12.91%
Resetting MySQL statistics...
Running 200000 point lookups...
Completed 200000 reads in 9.36409166s
Read throughput: 21444.68 ops/sec
Measuring buffer pool hit ratios...

Cleaning up container...
Container stopped and removed
done
  Run 4/5... Starting fresh MySQL container...
Waiting for MySQL to initialize...
Container ready
Inserting 1000000 records to create index...
Inserted 1000000 records in 10.1526s
Creating lookup table for random key selection...
Measuring fragmentation...
Index fragmentation: 12.81%
Resetting MySQL statistics...
Running 200000 point lookups...
Completed 200000 reads in 9.387970509s
Read throughput: 21388.18 ops/sec
Measuring buffer pool hit ratios...

Cleaning up container...
Container stopped and removed
done
  Run 5/5... Starting fresh MySQL container...
Waiting for MySQL to initialize...
Container ready
Inserting 1000000 records to create index...
Inserted 1000000 records in 10.1472s
Creating lookup table for random key selection...
Measuring fragmentation...
Index fragmentation: 12.90%
Resetting MySQL statistics...
Running 200000 point lookups...
Completed 200000 reads in 9.572565345s
Read throughput: 20980.02 ops/sec
Measuring buffer pool hit ratios...

Cleaning up container...
Container stopped and removed
done

Testing ULID_MONOTONIC (5 runs)
----------------------------------------------------------------------
  Run 1/5... Starting fresh MySQL container...
Waiting for MySQL to initialize...
Container ready
Inserting 1000000 records to create index...
Inserted 1000000 records in 10.162s
Creating lookup table for random key selection...
Measuring fragmentation...
Index fragmentation: 0.46%
Resetting MySQL statistics...
Running 200000 point lookups...
Completed 200000 reads in 9.631745649s
Read throughput: 20847.90 ops/sec
Measuring buffer pool hit ratios...

Cleaning up container...
Container stopped and removed
done
  Run 2/5... Starting fresh MySQL container...
Waiting for MySQL to initialize...
Container ready
Inserting 1000000 records to create index...
Inserted 1000000 records in 10.1565s
Creating lookup table for random key selection...
Measuring fragmentation...
Index fragmentation: 0.42%
Resetting MySQL statistics...
Running 200000 point lookups...
Completed 200000 reads in 9.389062667s
Read throughput: 21390.98 ops/sec
Measuring buffer pool hit ratios...

Cleaning up container...
Container stopped and removed
done
  Run 3/5... Starting fresh MySQL container...
Waiting for MySQL to initialize...
Container ready
Inserting 1000000 records to create index...
Inserted 1000000 records in 10.154s
Creating lookup table for random key selection...
Measuring fragmentation...
Index fragmentation: 0.49%
Resetting MySQL statistics...
Running 200000 point lookups...
Completed 200000 reads in 9.467759022s
Read throughput: 21213.13 ops/sec
Measuring buffer pool hit ratios...

Cleaning up container...
Container stopped and removed
done
  Run 4/5... Starting fresh MySQL container...
Waiting for MySQL to initialize...
Container ready
Inserting 1000000 records to create index...
Inserted 1000000 records in 10.1533s
Creating lookup table for random key selection...
Measuring fragmentation...
Index fragmentation: 0.46%
Resetting MySQL statistics...
Running 200000 point lookups...
Completed 200000 reads in 9.731286839s
Read throughput: 20632.87 ops/sec
Measuring buffer pool hit ratios...

Cleaning up container...
Container stopped and removed
done
  Run 5/5... Starting fresh MySQL container...
Waiting for MySQL to initialize...
Container ready
Inserting 1000000 records to create index...
Inserted 1000000 records in 10.1572s
Creating lookup table for random key selection...
Measuring fragmentation...
Index fragmentation: 0.47%
Resetting MySQL statistics...
Running 200000 point lookups...
Completed 200000 reads in 9.443206593s
Read throughput: 21261.22 ops/sec
Measuring buffer pool hit ratios...

Cleaning up container...
Container stopped and removed
done

Testing UUIDV1 (5 runs)
----------------------------------------------------------------------
  Run 1/5... Starting fresh MySQL container...
Waiting for MySQL to initialize...
Container ready
Inserting 1000000 records to create index...
Inserted 1000000 records in 10.1127s
Creating lookup table for random key selection...
Measuring fragmentation...
Index fragmentation: 0.93%
Resetting MySQL statistics...
Running 200000 point lookups...
Completed 200000 reads in 8.387814324s
Read throughput: 23956.07 ops/sec
Measuring buffer pool hit ratios...

Cleaning up container...
Container stopped and removed
done
  Run 2/5... Starting fresh MySQL container...
Waiting for MySQL to initialize...
Container ready
Inserting 1000000 records to create index...
Inserted 1000000 records in 10.1009s
Creating lookup table for random key selection...
Measuring fragmentation...
Index fragmentation: 0.79%
Resetting MySQL statistics...
Running 200000 point lookups...
Completed 200000 reads in 8.148135263s
Read throughput: 24663.95 ops/sec
Measuring buffer pool hit ratios...

Cleaning up container...
Container stopped and removed
done
  Run 3/5... Starting fresh MySQL container...
Waiting for MySQL to initialize...
Container ready
Inserting 1000000 records to create index...
Inserted 1000000 records in 10.1107s
Creating lookup table for random key selection...
Measuring fragmentation...
Index fragmentation: 1.23%
Resetting MySQL statistics...
Running 200000 point lookups...
Completed 200000 reads in 8.438198987s
Read throughput: 23814.64 ops/sec
Measuring buffer pool hit ratios...

Cleaning up container...
Container stopped and removed
done
  Run 4/5... Starting fresh MySQL container...
Waiting for MySQL to initialize...
Container ready
Inserting 1000000 records to create index...
Inserted 1000000 records in 10.1124s
Creating lookup table for random key selection...
Measuring fragmentation...
Index fragmentation: 0.52%
Resetting MySQL statistics...
Running 200000 point lookups...
Completed 200000 reads in 8.496105784s
Read throughput: 23646.84 ops/sec
Measuring buffer pool hit ratios...

Cleaning up container...
Container stopped and removed
done
  Run 5/5... Starting fresh MySQL container...
Waiting for MySQL to initialize...
Container ready
Inserting 1000000 records to create index...
Inserted 1000000 records in 10.086s
Creating lookup table for random key selection...
Measuring fragmentation...
Index fragmentation: 0.24%
Resetting MySQL statistics...
Running 200000 point lookups...
Completed 200000 reads in 8.314256564s
Read throughput: 24165.43 ops/sec
Measuring buffer pool hit ratios...

Cleaning up container...
Container stopped and removed
done

====================================================================================================
Read Performance - Statistical Summary (5 runs per UUID type)
====================================================================================================

Read Throughput (ops/sec)
┌────────────────┬──────────┬──────────┬──────────┬──────────┬──────────┬─────────┐
│ Key Type       │ Median   │ Mean     │ StdDev   │ Min      │ Max      │ CV %    │
├────────────────┼──────────┼──────────┼──────────┼──────────┼──────────┼─────────┤
│ SEQUENTIAL     │    19828 │    19927 │      315 │    19626 │    20389 │     1.6 │
│ UUIDV4         │    19875 │    19872 │      154 │    19674 │    20087 │     0.8 │
│ UUIDV7         │    20283 │    20196 │      829 │    19343 │    21194 │     4.1 │
│ ULID           │    21333 │    21197 │      270 │    20839 │    21445 │     1.3 │
│ ULID_MONOTONIC │    21213 │    21069 │      316 │    20633 │    21391 │     1.5 │
│ UUIDV1         │    23956 │    24049 │      393 │    23647 │    24664 │     1.6 │
└────────────────┴──────────┴──────────┴──────────┴──────────┴──────────┴─────────┘

Statistical Comparisons (vs SEQUENTIAL):
┌──────────────────────────────┬─────────────┬──────────┬───────────┬───────────────┐
│ Comparison                   │ Median Diff │ p-value  │ Overlap?  │ Significant?  │
├──────────────────────────────┼─────────────┼──────────┼───────────┼───────────────┤
│ SEQUENTIAL vs UUIDV4         │       +0.2% │   0.9168 │ Yes       │ n.s.          │
│ SEQUENTIAL vs UUIDV7         │       +2.3% │   0.7540 │ Yes       │ n.s.          │
│ SEQUENTIAL vs ULID           │       +7.6% │   0.0090 │ No        │ No overlap    │
│ SEQUENTIAL vs ULID_MONOTONIC │       +7.0% │   0.0090 │ No        │ No overlap    │
│ SEQUENTIAL vs UUIDV1         │      +20.8% │   0.0090 │ No        │ No overlap    │
└──────────────────────────────┴─────────────┴──────────┴───────────┴───────────────┘

Fragmentation (%)
┌────────────────┬──────────┬──────────┬──────────┬──────────┬──────────┬─────────┐
│ Key Type       │ Median   │ Mean     │ StdDev   │ Min      │ Max      │ CV %    │
├────────────────┼──────────┼──────────┼──────────┼──────────┼──────────┼─────────┤
│ SEQUENTIAL     │     0.45 │     0.46 │     0.05 │     0.39 │     0.52 │    11.1 │
│ UUIDV4         │    12.80 │    12.79 │     0.05 │    12.71 │    12.84 │     0.4 │
│ UUIDV7         │     0.41 │     0.43 │     0.07 │     0.36 │     0.52 │    15.3 │
│ ULID           │    12.85 │    12.86 │     0.04 │    12.81 │    12.91 │     0.3 │
│ ULID_MONOTONIC │     0.46 │     0.46 │     0.03 │     0.42 │     0.49 │     5.5 │
│ UUIDV1         │     0.79 │     0.74 │     0.38 │     0.24 │     1.23 │    51.2 │
└────────────────┴──────────┴──────────┴──────────┴──────────┴──────────┴─────────┘

Statistical Comparisons (vs SEQUENTIAL):
┌──────────────────────────────┬─────────────┬──────────┬───────────┬───────────────┐
│ Comparison                   │ Median Diff │ p-value  │ Overlap?  │ Significant?  │
├──────────────────────────────┼─────────────┼──────────┼───────────┼───────────────┤
│ SEQUENTIAL vs UUIDV4         │    +2766.7% │   0.0090 │ No        │ No overlap    │
│ SEQUENTIAL vs UUIDV7         │       -7.7% │   0.4647 │ Yes       │ n.s.          │
│ SEQUENTIAL vs ULID           │    +2778.5% │   0.0090 │ No        │ No overlap    │
│ SEQUENTIAL vs ULID_MONOTONIC │       +3.9% │   0.9168 │ Yes       │ n.s.          │
│ SEQUENTIAL vs UUIDV1         │      +78.0% │   0.1745 │ Yes       │ n.s.          │
└──────────────────────────────┴─────────────┴──────────┴───────────┴───────────────┘

Cache Hit Ratio
┌────────────────┬──────────┬──────────┬──────────┬──────────┬──────────┬─────────┐
│ Key Type       │ Median   │ Mean     │ StdDev   │ Min      │ Max      │ CV %    │
├────────────────┼──────────┼──────────┼──────────┼──────────┼──────────┼─────────┤
│ SEQUENTIAL     │   0.9995 │   0.9995 │   0.0000 │   0.9995 │   0.9995 │     0.0 │
│ UUIDV4         │   0.9995 │   0.9995 │   0.0000 │   0.9995 │   0.9995 │     0.0 │
│ UUIDV7         │   0.9994 │   0.9994 │   0.0000 │   0.9994 │   0.9994 │     0.0 │
│ ULID           │   0.9995 │   0.9995 │   0.0000 │   0.9995 │   0.9995 │     0.0 │
│ ULID_MONOTONIC │   0.9994 │   0.9994 │   0.0000 │   0.9994 │   0.9994 │     0.0 │
│ UUIDV1         │   0.9986 │   0.9986 │   0.0000 │   0.9986 │   0.9987 │     0.0 │
└────────────────┴──────────┴──────────┴──────────┴──────────┴──────────┴─────────┘

Statistical Comparisons (vs SEQUENTIAL):
┌──────────────────────────────┬─────────────┬──────────┬───────────┬───────────────┐
│ Comparison                   │ Median Diff │ p-value  │ Overlap?  │ Significant?  │
├──────────────────────────────┼─────────────┼──────────┼───────────┼───────────────┤
│ SEQUENTIAL vs UUIDV4         │       -0.0% │   0.0090 │ No        │ No overlap    │
│ SEQUENTIAL vs UUIDV7         │       -0.0% │   0.0090 │ No        │ No overlap    │
│ SEQUENTIAL vs ULID           │       +0.0% │   0.0090 │ No        │ No overlap    │
│ SEQUENTIAL vs ULID_MONOTONIC │       -0.0% │   0.0090 │ No        │ No overlap    │
│ SEQUENTIAL vs UUIDV1         │       -0.1% │   0.0090 │ No        │ No overlap    │
└──────────────────────────────┴─────────────┴──────────┴───────────┴───────────────┘

Index Hit Ratio
┌────────────────┬──────────┬──────────┬──────────┬──────────┬──────────┬─────────┐
│ Key Type       │ Median   │ Mean     │ StdDev   │ Min      │ Max      │ CV %    │
├────────────────┼──────────┼──────────┼──────────┼──────────┼──────────┼─────────┤
│ SEQUENTIAL     │   0.9995 │   0.9995 │   0.0000 │   0.9995 │   0.9995 │     0.0 │
│ UUIDV4         │   0.9995 │   0.9995 │   0.0000 │   0.9995 │   0.9995 │     0.0 │
│ UUIDV7         │   0.9994 │   0.9994 │   0.0000 │   0.9994 │   0.9994 │     0.0 │
│ ULID           │   0.9995 │   0.9995 │   0.0000 │   0.9995 │   0.9995 │     0.0 │
│ ULID_MONOTONIC │   0.9994 │   0.9994 │   0.0000 │   0.9994 │   0.9994 │     0.0 │
│ UUIDV1         │   0.9986 │   0.9986 │   0.0000 │   0.9986 │   0.9987 │     0.0 │
└────────────────┴──────────┴──────────┴──────────┴──────────┴──────────┴─────────┘

Statistical Comparisons (vs SEQUENTIAL):
┌──────────────────────────────┬─────────────┬──────────┬───────────┬───────────────┐
│ Comparison                   │ Median Diff │ p-value  │ Overlap?  │ Significant?  │
├──────────────────────────────┼─────────────┼──────────┼───────────┼───────────────┤
│ SEQUENTIAL vs UUIDV4         │       -0.0% │   0.0090 │ No        │ No overlap    │
│ SEQUENTIAL vs UUIDV7         │       -0.0% │   0.0090 │ No        │ No overlap    │
│ SEQUENTIAL vs ULID           │       +0.0% │   0.0090 │ No        │ No overlap    │
│ SEQUENTIAL vs ULID_MONOTONIC │       -0.0% │   0.0090 │ No        │ No overlap    │
│ SEQUENTIAL vs UUIDV1         │       -0.1% │   0.0090 │ No        │ No overlap    │
└──────────────────────────────┴─────────────┴──────────┴───────────┴───────────────┘

Latency P50 (µs)
┌────────────────┬──────────┬──────────┬──────────┬──────────┬──────────┬─────────┐
│ Key Type       │ Median   │ Mean     │ StdDev   │ Min      │ Max      │ CV %    │
├────────────────┼──────────┼──────────┼──────────┼──────────┼──────────┼─────────┤
│ SEQUENTIAL     │       47 │       47 │        1 │       46 │       48 │     1.8 │
│ UUIDV4         │       46 │       46 │        0 │       46 │       47 │     1.0 │
│ UUIDV7         │       47 │       47 │        2 │       45 │       48 │     3.3 │
│ ULID           │       45 │       45 │        0 │       45 │       46 │     1.0 │
│ ULID_MONOTONIC │       45 │       45 │        1 │       45 │       46 │     1.2 │
│ UUIDV1         │       39 │       39 │        1 │       37 │       39 │     2.3 │
└────────────────┴──────────┴──────────┴──────────┴──────────┴──────────┴─────────┘

Statistical Comparisons (vs SEQUENTIAL):
┌──────────────────────────────┬─────────────┬──────────┬───────────┬───────────────┐
│ Comparison                   │ Median Diff │ p-value  │ Overlap?  │ Significant?  │
├──────────────────────────────┼─────────────┼──────────┼───────────┼───────────────┤
│ SEQUENTIAL vs UUIDV4         │       -2.1% │   0.0758 │ Yes       │ n.s.          │
│ SEQUENTIAL vs UUIDV7         │       +0.0% │   0.6015 │ Yes       │ n.s.          │
│ SEQUENTIAL vs ULID           │       -4.3% │   0.0122 │ Yes       │ * (p<0.05)    │
│ SEQUENTIAL vs ULID_MONOTONIC │       -4.3% │   0.0163 │ Yes       │ * (p<0.05)    │
│ SEQUENTIAL vs UUIDV1         │      -17.0% │   0.0090 │ No        │ No overlap    │
└──────────────────────────────┴─────────────┴──────────┴───────────┴───────────────┘

Latency P95 (µs)
┌────────────────┬──────────┬──────────┬──────────┬──────────┬──────────┬─────────┐
│ Key Type       │ Median   │ Mean     │ StdDev   │ Min      │ Max      │ CV %    │
├────────────────┼──────────┼──────────┼──────────┼──────────┼──────────┼─────────┤
│ SEQUENTIAL     │       71 │       71 │        1 │       69 │       73 │     2.1 │
│ UUIDV4         │       71 │       72 │        1 │       70 │       73 │     1.9 │
│ UUIDV7         │       66 │       68 │        6 │       61 │       75 │     8.9 │
│ ULID           │       62 │       62 │        1 │       61 │       63 │     1.3 │
│ ULID_MONOTONIC │       62 │       62 │        1 │       61 │       64 │     1.8 │
│ UUIDV1         │       54 │       54 │        1 │       53 │       54 │     1.0 │
└────────────────┴──────────┴──────────┴──────────┴──────────┴──────────┴─────────┘

Statistical Comparisons (vs SEQUENTIAL):
┌──────────────────────────────┬─────────────┬──────────┬───────────┬───────────────┐
│ Comparison                   │ Median Diff │ p-value  │ Overlap?  │ Significant?  │
├──────────────────────────────┼─────────────┼──────────┼───────────┼───────────────┤
│ SEQUENTIAL vs UUIDV4         │       +0.0% │   0.4034 │ Yes       │ n.s.          │
│ SEQUENTIAL vs UUIDV7         │       -7.0% │   0.6015 │ Yes       │ n.s.          │
│ SEQUENTIAL vs ULID           │      -12.7% │   0.0090 │ No        │ No overlap    │
│ SEQUENTIAL vs ULID_MONOTONIC │      -12.7% │   0.0090 │ No        │ No overlap    │
│ SEQUENTIAL vs UUIDV1         │      -23.9% │   0.0090 │ No        │ No overlap    │
└──────────────────────────────┴─────────────┴──────────┴───────────┴───────────────┘

Latency P99 (µs)
┌────────────────┬──────────┬──────────┬──────────┬──────────┬──────────┬─────────┐
│ Key Type       │ Median   │ Mean     │ StdDev   │ Min      │ Max      │ CV %    │
├────────────────┼──────────┼──────────┼──────────┼──────────┼──────────┼─────────┤
│ SEQUENTIAL     │      108 │      108 │        2 │      106 │      110 │     1.9 │
│ UUIDV4         │      110 │      109 │        3 │      106 │      112 │     2.5 │
│ UUIDV7         │      100 │      106 │       12 │       93 │      120 │    11.1 │
│ ULID           │       92 │       91 │        1 │       90 │       93 │     1.5 │
│ ULID_MONOTONIC │       95 │       95 │        1 │       93 │       97 │     1.5 │
│ UUIDV1         │       74 │       73 │        2 │       71 │       74 │     2.3 │
└────────────────┴──────────┴──────────┴──────────┴──────────┴──────────┴─────────┘

Statistical Comparisons (vs SEQUENTIAL):
┌──────────────────────────────┬─────────────┬──────────┬───────────┬───────────────┐
│ Comparison                   │ Median Diff │ p-value  │ Overlap?  │ Significant?  │
├──────────────────────────────┼─────────────┼──────────┼───────────┼───────────────┤
│ SEQUENTIAL vs UUIDV4         │       +1.9% │   0.6015 │ Yes       │ n.s.          │
│ SEQUENTIAL vs UUIDV7         │       -7.4% │   0.6015 │ Yes       │ n.s.          │
│ SEQUENTIAL vs ULID           │      -14.8% │   0.0090 │ No        │ No overlap    │
│ SEQUENTIAL vs ULID_MONOTONIC │      -12.0% │   0.0090 │ No        │ No overlap    │
│ SEQUENTIAL vs UUIDV1         │      -31.5% │   0.0090 │ No        │ No overlap    │
└──────────────────────────────┴─────────────┴──────────┴───────────┴───────────────┘

Read IOPS
┌────────────────┬──────────┬──────────┬──────────┬──────────┬──────────┬─────────┐
│ Key Type       │ Median   │ Mean     │ StdDev   │ Min      │ Max      │ CV %    │
├────────────────┼──────────┼──────────┼──────────┼──────────┼──────────┼─────────┤
│ SEQUENTIAL     │       91 │       91 │        2 │       87 │       92 │     2.3 │
│ UUIDV4         │       89 │       89 │        0 │       89 │       89 │     0.2 │
│ UUIDV7         │      107 │      107 │        4 │      103 │      111 │     3.3 │
│ ULID           │      110 │      109 │        2 │      108 │      111 │     1.4 │
│ ULID_MONOTONIC │      117 │      117 │        1 │      115 │      118 │     1.2 │
│ UUIDV1         │       19 │       19 │        0 │       19 │       19 │     1.6 │
└────────────────┴──────────┴──────────┴──────────┴──────────┴──────────┴─────────┘

Statistical Comparisons (vs SEQUENTIAL):
┌──────────────────────────────┬─────────────┬──────────┬───────────┬───────────────┐
│ Comparison                   │ Median Diff │ p-value  │ Overlap?  │ Significant?  │
├──────────────────────────────┼─────────────┼──────────┼───────────┼───────────────┤
│ SEQUENTIAL vs UUIDV4         │       -2.5% │   0.1172 │ Yes       │ n.s.          │
│ SEQUENTIAL vs UUIDV7         │      +16.9% │   0.0090 │ No        │ No overlap    │
│ SEQUENTIAL vs ULID           │      +20.7% │   0.0090 │ No        │ No overlap    │
│ SEQUENTIAL vs ULID_MONOTONIC │      +28.8% │   0.0090 │ No        │ No overlap    │
│ SEQUENTIAL vs UUIDV1         │      -79.5% │   0.0090 │ No        │ No overlap    │
└──────────────────────────────┴─────────────┴──────────┴───────────┴───────────────┘

Write IOPS
┌────────────────┬──────────┬──────────┬──────────┬──────────┬──────────┬─────────┐
│ Key Type       │ Median   │ Mean     │ StdDev   │ Min      │ Max      │ CV %    │
├────────────────┼──────────┼──────────┼──────────┼──────────┼──────────┼─────────┤
│ SEQUENTIAL     │      536 │      537 │        4 │      531 │      542 │     0.8 │
│ UUIDV4         │      637 │      638 │        6 │      631 │      648 │     1.0 │
│ UUIDV7         │      543 │      534 │       15 │      512 │      546 │     2.8 │
│ ULID           │      752 │      754 │       14 │      735 │      770 │     1.9 │
│ ULID_MONOTONIC │      567 │      566 │        7 │      557 │      575 │     1.2 │
│ UUIDV1         │      225 │      235 │       17 │      219 │      255 │     7.4 │
└────────────────┴──────────┴──────────┴──────────┴──────────┴──────────┴─────────┘

Statistical Comparisons (vs SEQUENTIAL):
┌──────────────────────────────┬─────────────┬──────────┬───────────┬───────────────┐
│ Comparison                   │ Median Diff │ p-value  │ Overlap?  │ Significant?  │
├──────────────────────────────┼─────────────┼──────────┼───────────┼───────────────┤
│ SEQUENTIAL vs UUIDV4         │      +18.8% │   0.0090 │ No        │ No overlap    │
│ SEQUENTIAL vs UUIDV7         │       +1.3% │   0.6015 │ Yes       │ n.s.          │
│ SEQUENTIAL vs ULID           │      +40.2% │   0.0090 │ No        │ No overlap    │
│ SEQUENTIAL vs ULID_MONOTONIC │       +5.8% │   0.0090 │ No        │ No overlap    │
│ SEQUENTIAL vs UUIDV1         │      -58.0% │   0.0090 │ No        │ No overlap    │
└──────────────────────────────┴─────────────┴──────────┴───────────┴───────────────┘

Read Throughput (MB/s)
┌────────────────┬──────────┬──────────┬──────────┬──────────┬──────────┬─────────┐
│ Key Type       │ Median   │ Mean     │ StdDev   │ Min      │ Max      │ CV %    │
├────────────────┼──────────┼──────────┼──────────┼──────────┼──────────┼─────────┤
│ SEQUENTIAL     │      1.4 │      1.4 │      0.0 │      1.4 │      1.4 │     2.3 │
│ UUIDV4         │      1.4 │      1.4 │      0.0 │      1.4 │      1.4 │     0.2 │
│ UUIDV7         │      1.7 │      1.7 │      0.1 │      1.6 │      1.7 │     3.3 │
│ ULID           │      1.7 │      1.7 │      0.0 │      1.7 │      1.7 │     1.4 │
│ ULID_MONOTONIC │      1.8 │      1.8 │      0.0 │      1.8 │      1.8 │     1.2 │
│ UUIDV1         │      0.3 │      0.3 │      0.0 │      0.3 │      0.3 │     1.6 │
└────────────────┴──────────┴──────────┴──────────┴──────────┴──────────┴─────────┘

Statistical Comparisons (vs SEQUENTIAL):
┌──────────────────────────────┬─────────────┬──────────┬───────────┬───────────────┐
│ Comparison                   │ Median Diff │ p-value  │ Overlap?  │ Significant?  │
├──────────────────────────────┼─────────────┼──────────┼───────────┼───────────────┤
│ SEQUENTIAL vs UUIDV4         │       -2.5% │   0.1172 │ Yes       │ n.s.          │
│ SEQUENTIAL vs UUIDV7         │      +16.9% │   0.0090 │ No        │ No overlap    │
│ SEQUENTIAL vs ULID           │      +20.7% │   0.0090 │ No        │ No overlap    │
│ SEQUENTIAL vs ULID_MONOTONIC │      +28.8% │   0.0090 │ No        │ No overlap    │
│ SEQUENTIAL vs UUIDV1         │      -79.5% │   0.0090 │ No        │ No overlap    │
└──────────────────────────────┴─────────────┴──────────┴───────────┴───────────────┘

Write Throughput (MB/s)
┌────────────────┬──────────┬──────────┬──────────┬──────────┬──────────┬─────────┐
│ Key Type       │ Median   │ Mean     │ StdDev   │ Min      │ Max      │ CV %    │
├────────────────┼──────────┼──────────┼──────────┼──────────┼──────────┼─────────┤
│ SEQUENTIAL     │     11.4 │     11.4 │      0.1 │     11.3 │     11.6 │     0.8 │
│ UUIDV4         │     13.6 │     13.6 │      0.1 │     13.5 │     13.8 │     0.8 │
│ UUIDV7         │     11.6 │     11.4 │      0.3 │     10.9 │     11.6 │     2.7 │
│ ULID           │     16.1 │     16.1 │      0.3 │     15.7 │     16.4 │     1.8 │
│ ULID_MONOTONIC │     12.1 │     12.0 │      0.1 │     11.9 │     12.2 │     1.1 │
│ UUIDV1         │      4.6 │      4.8 │      0.4 │      4.5 │      5.2 │     7.3 │
└────────────────┴──────────┴──────────┴──────────┴──────────┴──────────┴─────────┘

Statistical Comparisons (vs SEQUENTIAL):
┌──────────────────────────────┬─────────────┬──────────┬───────────┬───────────────┐
│ Comparison                   │ Median Diff │ p-value  │ Overlap?  │ Significant?  │
├──────────────────────────────┼─────────────┼──────────┼───────────┼───────────────┤
│ SEQUENTIAL vs UUIDV4         │      +18.7% │   0.0090 │ No        │ No overlap    │
│ SEQUENTIAL vs UUIDV7         │       +1.2% │   0.6015 │ Yes       │ n.s.          │
│ SEQUENTIAL vs ULID           │      +40.5% │   0.0090 │ No        │ No overlap    │
│ SEQUENTIAL vs ULID_MONOTONIC │       +5.4% │   0.0090 │ No        │ No overlap    │
│ SEQUENTIAL vs UUIDV1         │      -59.5% │   0.0090 │ No        │ No overlap    │
└──────────────────────────────┴─────────────┴──────────┴───────────┴───────────────┘

[3/5] UPDATE PERFORMANCE
====================================================================================================

Testing SEQUENTIAL (5 runs)
----------------------------------------------------------------------
  Run 1/5... Starting fresh MySQL container...
Waiting for MySQL to initialize...
Container ready
Inserting 1000000 records...
Inserted 1000000 records
Creating lookup table for random key selection...
Running 200000 updates (batch size=100)...
Completed 200000 updates in 10.037252667s
Update throughput: 1941.62 ops/sec
Measuring fragmentation...

Cleaning up container...
Container stopped and removed
done
  Run 2/5... Starting fresh MySQL container...
Waiting for MySQL to initialize...
Container ready
Inserting 1000000 records...
Inserted 1000000 records
Creating lookup table for random key selection...
Running 200000 updates (batch size=100)...
Completed 200000 updates in 10.04013646s
Update throughput: 2064.65 ops/sec
Measuring fragmentation...

Cleaning up container...
Container stopped and removed
done
  Run 3/5... Starting fresh MySQL container...
Waiting for MySQL to initialize...
Container ready
Inserting 1000000 records...
Inserted 1000000 records
Creating lookup table for random key selection...
Running 200000 updates (batch size=100)...
Completed 200000 updates in 10.042927082s
Update throughput: 2033.14 ops/sec
Measuring fragmentation...

Cleaning up container...
Container stopped and removed
done
  Run 4/5... Starting fresh MySQL container...
Waiting for MySQL to initialize...
Container ready
Inserting 1000000 records...
Inserted 1000000 records
Creating lookup table for random key selection...
Running 200000 updates (batch size=100)...
Completed 200000 updates in 10.037219618s
Update throughput: 1978.54 ops/sec
Measuring fragmentation...

Cleaning up container...
Container stopped and removed
done
  Run 5/5... Starting fresh MySQL container...
Waiting for MySQL to initialize...
Container ready
Inserting 1000000 records...
Inserted 1000000 records
Creating lookup table for random key selection...
Running 200000 updates (batch size=100)...
Completed 200000 updates in 10.040697016s
Update throughput: 2022.50 ops/sec
Measuring fragmentation...

Cleaning up container...
Container stopped and removed
done

Testing UUIDV4 (5 runs)
----------------------------------------------------------------------
  Run 1/5... Starting fresh MySQL container...
Waiting for MySQL to initialize...
Container ready
Inserting 1000000 records...
Inserted 1000000 records
Creating lookup table for random key selection...
Running 200000 updates (batch size=100)...
Completed 200000 updates in 10.037514737s
Update throughput: 2395.21 ops/sec
Measuring fragmentation...

Cleaning up container...
Container stopped and removed
done
  Run 2/5... Starting fresh MySQL container...
Waiting for MySQL to initialize...
Container ready
Inserting 1000000 records...
Inserted 1000000 records
Creating lookup table for random key selection...
Running 200000 updates (batch size=100)...
Completed 200000 updates in 10.039075666s
Update throughput: 2368.93 ops/sec
Measuring fragmentation...

Cleaning up container...
Container stopped and removed
done
  Run 3/5... Starting fresh MySQL container...
Waiting for MySQL to initialize...
Container ready
Inserting 1000000 records...
Inserted 1000000 records
Creating lookup table for random key selection...
Running 200000 updates (batch size=100)...
Completed 200000 updates in 10.039753183s
Update throughput: 2545.52 ops/sec
Measuring fragmentation...

Cleaning up container...
Container stopped and removed
done
  Run 4/5... Starting fresh MySQL container...
Waiting for MySQL to initialize...
Container ready
Inserting 1000000 records...
Inserted 1000000 records
Creating lookup table for random key selection...
Running 200000 updates (batch size=100)...
Completed 200000 updates in 10.043993978s
Update throughput: 2351.99 ops/sec
Measuring fragmentation...

Cleaning up container...
Container stopped and removed
done
  Run 5/5... Starting fresh MySQL container...
Waiting for MySQL to initialize...
Container ready
Inserting 1000000 records...
Inserted 1000000 records
Creating lookup table for random key selection...
Running 200000 updates (batch size=100)...
Completed 200000 updates in 10.03797246s
Update throughput: 2516.86 ops/sec
Measuring fragmentation...

Cleaning up container...
Container stopped and removed
done

Testing UUIDV7 (5 runs)
----------------------------------------------------------------------
  Run 1/5... Starting fresh MySQL container...
Waiting for MySQL to initialize...
Container ready
Inserting 1000000 records...
Inserted 1000000 records
Creating lookup table for random key selection...
Running 200000 updates (batch size=100)...
Completed 200000 updates in 10.03861964s
Update throughput: 2247.75 ops/sec
Measuring fragmentation...

Cleaning up container...
Container stopped and removed
done
  Run 2/5... Starting fresh MySQL container...
Waiting for MySQL to initialize...
Container ready
Inserting 1000000 records...
Inserted 1000000 records
Creating lookup table for random key selection...
Running 200000 updates (batch size=100)...
Completed 200000 updates in 10.039011533s
Update throughput: 2284.89 ops/sec
Measuring fragmentation...

Cleaning up container...
Container stopped and removed
done
  Run 3/5... Starting fresh MySQL container...
Waiting for MySQL to initialize...
Container ready
Inserting 1000000 records...
Inserted 1000000 records
Creating lookup table for random key selection...
Running 200000 updates (batch size=100)...
Completed 200000 updates in 10.039376982s
Update throughput: 2275.16 ops/sec
Measuring fragmentation...

Cleaning up container...
Container stopped and removed
done
  Run 4/5... Starting fresh MySQL container...
Waiting for MySQL to initialize...
Container ready
Inserting 1000000 records...
Inserted 1000000 records
Creating lookup table for random key selection...
Running 200000 updates (batch size=100)...
Completed 200000 updates in 10.03953212s
Update throughput: 2079.55 ops/sec
Measuring fragmentation...

Cleaning up container...
Container stopped and removed
done
  Run 5/5... Starting fresh MySQL container...
Waiting for MySQL to initialize...
Container ready
Inserting 1000000 records...
Inserted 1000000 records
Creating lookup table for random key selection...
Running 200000 updates (batch size=100)...
Completed 200000 updates in 10.03887552s
Update throughput: 2289.32 ops/sec
Measuring fragmentation...

Cleaning up container...
Container stopped and removed
done

Testing ULID (5 runs)
----------------------------------------------------------------------
  Run 1/5... Starting fresh MySQL container...
Waiting for MySQL to initialize...
Container ready
Inserting 1000000 records...
Inserted 1000000 records
Creating lookup table for random key selection...
Running 200000 updates (batch size=100)...
Completed 200000 updates in 10.041454139s
Update throughput: 2289.45 ops/sec
Measuring fragmentation...

Cleaning up container...
Container stopped and removed
done
  Run 2/5... Starting fresh MySQL container...
Waiting for MySQL to initialize...
Container ready
Inserting 1000000 records...
Inserted 1000000 records
Creating lookup table for random key selection...
Running 200000 updates (batch size=100)...
Completed 200000 updates in 10.038990516s
Update throughput: 2409.14 ops/sec
Measuring fragmentation...

Cleaning up container...
Container stopped and removed
done
  Run 3/5... Starting fresh MySQL container...
Waiting for MySQL to initialize...
Container ready
Inserting 1000000 records...
Inserted 1000000 records
Creating lookup table for random key selection...
Running 200000 updates (batch size=100)...
Completed 200000 updates in 10.04576688s
Update throughput: 2274.95 ops/sec
Measuring fragmentation...

Cleaning up container...
Container stopped and removed
done
  Run 4/5... Starting fresh MySQL container...
Waiting for MySQL to initialize...
Container ready
Inserting 1000000 records...
Inserted 1000000 records
Creating lookup table for random key selection...
Running 200000 updates (batch size=100)...
Completed 200000 updates in 10.037572752s
Update throughput: 2171.69 ops/sec
Measuring fragmentation...

Cleaning up container...
Container stopped and removed
done
  Run 5/5... Starting fresh MySQL container...
Waiting for MySQL to initialize...
Container ready
Inserting 1000000 records...
Inserted 1000000 records
Creating lookup table for random key selection...
Running 200000 updates (batch size=100)...
Completed 200000 updates in 10.039327972s
Update throughput: 2297.45 ops/sec
Measuring fragmentation...

Cleaning up container...
Container stopped and removed
done

Testing ULID_MONOTONIC (5 runs)
----------------------------------------------------------------------
  Run 1/5... Starting fresh MySQL container...
Waiting for MySQL to initialize...
Container ready
Inserting 1000000 records...
Inserted 1000000 records
Creating lookup table for random key selection...
Running 200000 updates (batch size=100)...
Completed 200000 updates in 10.039754234s
Update throughput: 2131.25 ops/sec
Measuring fragmentation...

Cleaning up container...
Container stopped and removed
done
  Run 2/5... Starting fresh MySQL container...
Waiting for MySQL to initialize...
Container ready
Inserting 1000000 records...
Inserted 1000000 records
Creating lookup table for random key selection...
Running 200000 updates (batch size=100)...
Completed 200000 updates in 10.038870626s
Update throughput: 2133.68 ops/sec
Measuring fragmentation...

Cleaning up container...
Container stopped and removed
done
  Run 3/5... Starting fresh MySQL container...
Waiting for MySQL to initialize...
Container ready
Inserting 1000000 records...
Inserted 1000000 records
Creating lookup table for random key selection...
Running 200000 updates (batch size=100)...
Completed 200000 updates in 10.039734822s
Update throughput: 2258.85 ops/sec
Measuring fragmentation...

Cleaning up container...
Container stopped and removed
done
  Run 4/5... Starting fresh MySQL container...
Waiting for MySQL to initialize...
Container ready
Inserting 1000000 records...
Inserted 1000000 records
Creating lookup table for random key selection...
Running 200000 updates (batch size=100)...
Completed 200000 updates in 10.044509763s
Update throughput: 2204.94 ops/sec
Measuring fragmentation...

Cleaning up container...
Container stopped and removed
done
  Run 5/5... Starting fresh MySQL container...
Waiting for MySQL to initialize...
Container ready
Inserting 1000000 records...
Inserted 1000000 records
Creating lookup table for random key selection...
Running 200000 updates (batch size=100)...
Completed 200000 updates in 10.040104376s
Update throughput: 2263.24 ops/sec
Measuring fragmentation...

Cleaning up container...
Container stopped and removed
done

Testing UUIDV1 (5 runs)
----------------------------------------------------------------------
  Run 1/5... Starting fresh MySQL container...
Waiting for MySQL to initialize...
Container ready
Inserting 1000000 records...
Inserted 1000000 records
Creating lookup table for random key selection...
Running 200000 updates (batch size=100)...
Completed 200000 updates in 10.040427617s
Update throughput: 8531.82 ops/sec
Measuring fragmentation...

Cleaning up container...
Container stopped and removed
done
  Run 2/5... Starting fresh MySQL container...
Waiting for MySQL to initialize...
Container ready
Inserting 1000000 records...
Inserted 1000000 records
Creating lookup table for random key selection...
Running 200000 updates (batch size=100)...
Completed 200000 updates in 10.039292736s
Update throughput: 8401.00 ops/sec
Measuring fragmentation...

Cleaning up container...
Container stopped and removed
done
  Run 3/5... Starting fresh MySQL container...
Waiting for MySQL to initialize...
Container ready
Inserting 1000000 records...
Inserted 1000000 records
Creating lookup table for random key selection...
Running 200000 updates (batch size=100)...
Completed 200000 updates in 10.03753261s
Update throughput: 8467.97 ops/sec
Measuring fragmentation...

Cleaning up container...
Container stopped and removed
done
  Run 4/5... Starting fresh MySQL container...
Waiting for MySQL to initialize...
Container ready
Inserting 1000000 records...
Inserted 1000000 records
Creating lookup table for random key selection...
Running 200000 updates (batch size=100)...
Completed 200000 updates in 10.042452358s
Update throughput: 8262.58 ops/sec
Measuring fragmentation...

Cleaning up container...
Container stopped and removed
done
  Run 5/5... Starting fresh MySQL container...
Waiting for MySQL to initialize...
Container ready
Inserting 1000000 records...
Inserted 1000000 records
Creating lookup table for random key selection...
Running 200000 updates (batch size=100)...
Completed 200000 updates in 10.039972511s
Update throughput: 8404.45 ops/sec
Measuring fragmentation...

Cleaning up container...
Container stopped and removed
done

====================================================================================================
Update Performance - Statistical Summary (5 runs per UUID type)
====================================================================================================

Update Throughput (ops/sec)
┌────────────────┬──────────┬──────────┬──────────┬──────────┬──────────┬─────────┐
│ Key Type       │ Median   │ Mean     │ StdDev   │ Min      │ Max      │ CV %    │
├────────────────┼──────────┼──────────┼──────────┼──────────┼──────────┼─────────┤
│ SEQUENTIAL     │     2022 │     2008 │       48 │     1942 │     2065 │     2.4 │
│ UUIDV4         │     2395 │     2436 │       89 │     2352 │     2546 │     3.7 │
│ UUIDV7         │     2275 │     2235 │       89 │     2080 │     2289 │     4.0 │
│ ULID           │     2289 │     2289 │       84 │     2172 │     2409 │     3.7 │
│ ULID_MONOTONIC │     2205 │     2198 │       64 │     2131 │     2263 │     2.9 │
│ UUIDV1         │     8404 │     8414 │      100 │     8263 │     8532 │     1.2 │
└────────────────┴──────────┴──────────┴──────────┴──────────┴──────────┴─────────┘

Statistical Comparisons (vs SEQUENTIAL):
┌──────────────────────────────┬─────────────┬──────────┬───────────┬───────────────┐
│ Comparison                   │ Median Diff │ p-value  │ Overlap?  │ Significant?  │
├──────────────────────────────┼─────────────┼──────────┼───────────┼───────────────┤
│ SEQUENTIAL vs UUIDV4         │      +18.4% │   0.0090 │ No        │ No overlap    │
│ SEQUENTIAL vs UUIDV7         │      +12.5% │   0.0090 │ No        │ No overlap    │
│ SEQUENTIAL vs ULID           │      +13.2% │   0.0090 │ No        │ No overlap    │
│ SEQUENTIAL vs ULID_MONOTONIC │       +9.0% │   0.0090 │ No        │ No overlap    │
│ SEQUENTIAL vs UUIDV1         │     +315.5% │   0.0090 │ No        │ No overlap    │
└──────────────────────────────┴─────────────┴──────────┴───────────┴───────────────┘

Fragmentation (%)
┌────────────────┬──────────┬──────────┬──────────┬──────────┬──────────┬─────────┐
│ Key Type       │ Median   │ Mean     │ StdDev   │ Min      │ Max      │ CV %    │
├────────────────┼──────────┼──────────┼──────────┼──────────┼──────────┼─────────┤
│ SEQUENTIAL     │     0.50 │     0.47 │     0.07 │     0.35 │     0.52 │    14.7 │
│ UUIDV4         │    12.74 │    12.75 │     0.05 │    12.70 │    12.82 │     0.4 │
│ UUIDV7         │     0.53 │     0.51 │     0.08 │     0.38 │     0.58 │    14.8 │
│ ULID           │    12.92 │    12.90 │     0.03 │    12.85 │    12.93 │     0.3 │
│ ULID_MONOTONIC │     0.52 │     0.52 │     0.05 │     0.46 │     0.58 │    10.0 │
│ UUIDV1         │     0.80 │     0.79 │     0.41 │     0.39 │     1.45 │    51.4 │
└────────────────┴──────────┴──────────┴──────────┴──────────┴──────────┴─────────┘

Statistical Comparisons (vs SEQUENTIAL):
┌──────────────────────────────┬─────────────┬──────────┬───────────┬───────────────┐
│ Comparison                   │ Median Diff │ p-value  │ Overlap?  │ Significant?  │
├──────────────────────────────┼─────────────┼──────────┼───────────┼───────────────┤
│ SEQUENTIAL vs UUIDV4         │    +2450.5% │   0.0090 │ No        │ No overlap    │
│ SEQUENTIAL vs UUIDV7         │       +6.0% │   0.1172 │ Yes       │ n.s.          │
│ SEQUENTIAL vs ULID           │    +2485.0% │   0.0090 │ No        │ No overlap    │
│ SEQUENTIAL vs ULID_MONOTONIC │       +4.5% │   0.2506 │ Yes       │ n.s.          │
│ SEQUENTIAL vs UUIDV1         │      +61.1% │   0.0758 │ Yes       │ n.s.          │
└──────────────────────────────┴─────────────┴──────────┴───────────┴───────────────┘

Latency P50 (µs)
┌────────────────┬──────────┬──────────┬──────────┬──────────┬──────────┬─────────┐
│ Key Type       │ Median   │ Mean     │ StdDev   │ Min      │ Max      │ CV %    │
├────────────────┼──────────┼──────────┼──────────┼──────────┼──────────┼─────────┤
│ SEQUENTIAL     │       87 │       89 │        4 │       85 │       93 │     4.2 │
│ UUIDV4         │       75 │       74 │        1 │       73 │       75 │     1.2 │
│ UUIDV7         │       77 │       78 │        2 │       77 │       82 │     2.9 │
│ ULID           │       77 │       76 │        1 │       75 │       78 │     1.8 │
│ ULID_MONOTONIC │       79 │       79 │        2 │       77 │       81 │     2.1 │
│ UUIDV1         │       51 │       51 │        1 │       50 │       51 │     1.1 │
└────────────────┴──────────┴──────────┴──────────┴──────────┴──────────┴─────────┘

Statistical Comparisons (vs SEQUENTIAL):
┌──────────────────────────────┬─────────────┬──────────┬───────────┬───────────────┐
│ Comparison                   │ Median Diff │ p-value  │ Overlap?  │ Significant?  │
├──────────────────────────────┼─────────────┼──────────┼───────────┼───────────────┤
│ SEQUENTIAL vs UUIDV4         │      -13.8% │   0.0090 │ No        │ No overlap    │
│ SEQUENTIAL vs UUIDV7         │      -11.5% │   0.0090 │ No        │ No overlap    │
│ SEQUENTIAL vs ULID           │      -11.5% │   0.0090 │ No        │ No overlap    │
│ SEQUENTIAL vs ULID_MONOTONIC │       -9.2% │   0.0090 │ No        │ No overlap    │
│ SEQUENTIAL vs UUIDV1         │      -41.4% │   0.0090 │ No        │ No overlap    │
└──────────────────────────────┴─────────────┴──────────┴───────────┴───────────────┘

Latency P95 (µs)
┌────────────────┬──────────┬──────────┬──────────┬──────────┬──────────┬─────────┐
│ Key Type       │ Median   │ Mean     │ StdDev   │ Min      │ Max      │ CV %    │
├────────────────┼──────────┼──────────┼──────────┼──────────┼──────────┼─────────┤
│ SEQUENTIAL     │     1319 │     1319 │        0 │     1319 │     1319 │     0.0 │
│ UUIDV4         │     1295 │     1295 │        0 │     1295 │     1295 │     0.0 │
│ UUIDV7         │     1295 │     1300 │       11 │     1295 │     1319 │     0.8 │
│ ULID           │     1295 │     1305 │       13 │     1295 │     1319 │     1.0 │
│ ULID_MONOTONIC │     1295 │     1305 │       13 │     1295 │     1319 │     1.0 │
│ UUIDV1         │      904 │      898 │        9 │      888 │      904 │     1.0 │
└────────────────┴──────────┴──────────┴──────────┴──────────┴──────────┴─────────┘

Statistical Comparisons (vs SEQUENTIAL):
┌──────────────────────────────┬─────────────┬──────────┬───────────┬───────────────┐
│ Comparison                   │ Median Diff │ p-value  │ Overlap?  │ Significant?  │
├──────────────────────────────┼─────────────┼──────────┼───────────┼───────────────┤
│ SEQUENTIAL vs UUIDV4         │       -1.8% │   0.0090 │ No        │ No overlap    │
│ SEQUENTIAL vs UUIDV7         │       -1.8% │   0.0367 │ Yes       │ * (p<0.05)    │
│ SEQUENTIAL vs ULID           │       -1.8% │   0.1172 │ Yes       │ n.s.          │
│ SEQUENTIAL vs ULID_MONOTONIC │       -1.8% │   0.1172 │ Yes       │ n.s.          │
│ SEQUENTIAL vs UUIDV1         │      -31.5% │   0.0090 │ No        │ No overlap    │
└──────────────────────────────┴─────────────┴──────────┴───────────┴───────────────┘

Latency P99 (µs)
┌────────────────┬──────────┬──────────┬──────────┬──────────┬──────────┬─────────┐
│ Key Type       │ Median   │ Mean     │ StdDev   │ Min      │ Max      │ CV %    │
├────────────────┼──────────┼──────────┼──────────┼──────────┼──────────┼─────────┤
│ SEQUENTIAL     │     1523 │     1534 │       32 │     1496 │     1579 │     2.1 │
│ UUIDV4         │     1523 │     1534 │       32 │     1496 │     1579 │     2.1 │
│ UUIDV7         │     1496 │     1496 │       19 │     1469 │     1523 │     1.3 │
│ ULID           │     1551 │     1568 │       43 │     1523 │     1637 │     2.8 │
│ ULID_MONOTONIC │     1496 │     1496 │       27 │     1469 │     1523 │     1.8 │
│ UUIDV1         │     1272 │     1268 │       10 │     1250 │     1272 │     0.8 │
└────────────────┴──────────┴──────────┴──────────┴──────────┴──────────┴─────────┘

Statistical Comparisons (vs SEQUENTIAL):
┌──────────────────────────────┬─────────────┬──────────┬───────────┬───────────────┐
│ Comparison                   │ Median Diff │ p-value  │ Overlap?  │ Significant?  │
├──────────────────────────────┼─────────────┼──────────┼───────────┼───────────────┤
│ SEQUENTIAL vs UUIDV4         │       +0.0% │   1.0000 │ Yes       │ n.s.          │
│ SEQUENTIAL vs UUIDV7         │       -1.8% │   0.0601 │ Yes       │ n.s.          │
│ SEQUENTIAL vs ULID           │       +1.8% │   0.2101 │ Yes       │ n.s.          │
│ SEQUENTIAL vs ULID_MONOTONIC │       -1.8% │   0.0947 │ Yes       │ n.s.          │
│ SEQUENTIAL vs UUIDV1         │      -16.5% │   0.0090 │ No        │ No overlap    │
└──────────────────────────────┴─────────────┴──────────┴───────────┴───────────────┘

Read IOPS
┌────────────────┬──────────┬──────────┬──────────┬──────────┬──────────┬─────────┐
│ Key Type       │ Median   │ Mean     │ StdDev   │ Min      │ Max      │ CV %    │
├────────────────┼──────────┼──────────┼──────────┼──────────┼──────────┼─────────┤
│ SEQUENTIAL     │       91 │       92 │        3 │       88 │       95 │     3.2 │
│ UUIDV4         │       92 │       90 │        3 │       87 │       93 │     3.4 │
│ UUIDV7         │      100 │      101 │        4 │       98 │      108 │     4.0 │
│ ULID           │       97 │       97 │        4 │       92 │      103 │     3.9 │
│ ULID_MONOTONIC │      102 │      102 │        3 │       99 │      104 │     2.6 │
│ UUIDV1         │       16 │       16 │        0 │       15 │       16 │     1.8 │
└────────────────┴──────────┴──────────┴──────────┴──────────┴──────────┴─────────┘

Statistical Comparisons (vs SEQUENTIAL):
┌──────────────────────────────┬─────────────┬──────────┬───────────┬───────────────┐
│ Comparison                   │ Median Diff │ p-value  │ Overlap?  │ Significant?  │
├──────────────────────────────┼─────────────┼──────────┼───────────┼───────────────┤
│ SEQUENTIAL vs UUIDV4         │       +0.1% │   0.4647 │ Yes       │ n.s.          │
│ SEQUENTIAL vs UUIDV7         │       +8.8% │   0.0090 │ No        │ No overlap    │
│ SEQUENTIAL vs ULID           │       +6.0% │   0.0283 │ Yes       │ * (p<0.05)    │
│ SEQUENTIAL vs ULID_MONOTONIC │      +11.9% │   0.0090 │ No        │ No overlap    │
│ SEQUENTIAL vs UUIDV1         │      -82.8% │   0.0090 │ No        │ No overlap    │
└──────────────────────────────┴─────────────┴──────────┴───────────┴───────────────┘

Write IOPS
┌────────────────┬──────────┬──────────┬──────────┬──────────┬──────────┬─────────┐
│ Key Type       │ Median   │ Mean     │ StdDev   │ Min      │ Max      │ CV %    │
├────────────────┼──────────┼──────────┼──────────┼──────────┼──────────┼─────────┤
│ SEQUENTIAL     │     4201 │     4196 │       33 │     4148 │     4239 │     0.8 │
│ UUIDV4         │     4552 │     4553 │       40 │     4515 │     4612 │     0.9 │
│ UUIDV7         │     4071 │     4093 │       45 │     4063 │     4171 │     1.1 │
│ ULID           │     4670 │     4668 │       45 │     4602 │     4730 │     1.0 │
│ ULID_MONOTONIC │     4090 │     4101 │       31 │     4073 │     4135 │     0.8 │
│ UUIDV1         │     2222 │     2216 │       33 │     2163 │     2244 │     1.5 │
└────────────────┴──────────┴──────────┴──────────┴──────────┴──────────┴─────────┘

Statistical Comparisons (vs SEQUENTIAL):
┌──────────────────────────────┬─────────────┬──────────┬───────────┬───────────────┐
│ Comparison                   │ Median Diff │ p-value  │ Overlap?  │ Significant?  │
├──────────────────────────────┼─────────────┼──────────┼───────────┼───────────────┤
│ SEQUENTIAL vs UUIDV4         │       +8.3% │   0.0090 │ No        │ No overlap    │
│ SEQUENTIAL vs UUIDV7         │       -3.1% │   0.0163 │ Yes       │ * (p<0.05)    │
│ SEQUENTIAL vs ULID           │      +11.2% │   0.0090 │ No        │ No overlap    │
│ SEQUENTIAL vs ULID_MONOTONIC │       -2.6% │   0.0090 │ No        │ No overlap    │
│ SEQUENTIAL vs UUIDV1         │      -47.1% │   0.0090 │ No        │ No overlap    │
└──────────────────────────────┴─────────────┴──────────┴───────────┴───────────────┘

Read Throughput (MB/s)
┌────────────────┬──────────┬──────────┬──────────┬──────────┬──────────┬─────────┐
│ Key Type       │ Median   │ Mean     │ StdDev   │ Min      │ Max      │ CV %    │
├────────────────┼──────────┼──────────┼──────────┼──────────┼──────────┼─────────┤
│ SEQUENTIAL     │      1.4 │      1.4 │      0.0 │      1.4 │      1.5 │     3.2 │
│ UUIDV4         │      1.4 │      1.4 │      0.0 │      1.4 │      1.5 │     3.4 │
│ UUIDV7         │      1.6 │      1.6 │      0.1 │      1.5 │      1.7 │     4.0 │
│ ULID           │      1.5 │      1.5 │      0.1 │      1.4 │      1.6 │     3.9 │
│ ULID_MONOTONIC │      1.6 │      1.6 │      0.0 │      1.5 │      1.6 │     2.6 │
│ UUIDV1         │      0.2 │      0.2 │      0.0 │      0.2 │      0.2 │     1.8 │
└────────────────┴──────────┴──────────┴──────────┴──────────┴──────────┴─────────┘

Statistical Comparisons (vs SEQUENTIAL):
┌──────────────────────────────┬─────────────┬──────────┬───────────┬───────────────┐
│ Comparison                   │ Median Diff │ p-value  │ Overlap?  │ Significant?  │
├──────────────────────────────┼─────────────┼──────────┼───────────┼───────────────┤
│ SEQUENTIAL vs UUIDV4         │       +0.1% │   0.4647 │ Yes       │ n.s.          │
│ SEQUENTIAL vs UUIDV7         │       +8.8% │   0.0090 │ No        │ No overlap    │
│ SEQUENTIAL vs ULID           │       +6.0% │   0.0283 │ Yes       │ * (p<0.05)    │
│ SEQUENTIAL vs ULID_MONOTONIC │      +11.9% │   0.0090 │ No        │ No overlap    │
│ SEQUENTIAL vs UUIDV1         │      -82.8% │   0.0090 │ No        │ No overlap    │
└──────────────────────────────┴─────────────┴──────────┴───────────┴───────────────┘

Write Throughput (MB/s)
┌────────────────┬──────────┬──────────┬──────────┬──────────┬──────────┬─────────┐
│ Key Type       │ Median   │ Mean     │ StdDev   │ Min      │ Max      │ CV %    │
├────────────────┼──────────┼──────────┼──────────┼──────────┼──────────┼─────────┤
│ SEQUENTIAL     │     39.7 │     39.8 │      1.0 │     38.4 │     40.9 │     2.5 │
│ UUIDV4         │     48.3 │     47.7 │      0.9 │     46.5 │     48.3 │     1.8 │
│ UUIDV7         │     37.0 │     37.3 │      0.8 │     36.6 │     38.7 │     2.2 │
│ ULID           │     50.2 │     50.2 │      1.2 │     48.7 │     51.9 │     2.3 │
│ ULID_MONOTONIC │     37.4 │     37.5 │      0.7 │     36.7 │     38.4 │     2.0 │
│ UUIDV1         │      9.4 │      9.4 │      0.1 │      9.3 │      9.6 │     1.3 │
└────────────────┴──────────┴──────────┴──────────┴──────────┴──────────┴─────────┘

Statistical Comparisons (vs SEQUENTIAL):
┌──────────────────────────────┬─────────────┬──────────┬───────────┬───────────────┐
│ Comparison                   │ Median Diff │ p-value  │ Overlap?  │ Significant?  │
├──────────────────────────────┼─────────────┼──────────┼───────────┼───────────────┤
│ SEQUENTIAL vs UUIDV4         │      +21.5% │   0.0090 │ No        │ No overlap    │
│ SEQUENTIAL vs UUIDV7         │       -6.9% │   0.0163 │ Yes       │ * (p<0.05)    │
│ SEQUENTIAL vs ULID           │      +26.2% │   0.0090 │ No        │ No overlap    │
│ SEQUENTIAL vs ULID_MONOTONIC │       -5.8% │   0.0090 │ No        │ No overlap    │
│ SEQUENTIAL vs UUIDV1         │      -76.2% │   0.0090 │ No        │ No overlap    │
└──────────────────────────────┴─────────────┴──────────┴───────────┴───────────────┘

[4/5] MIXED INSERT-HEAVY
====================================================================================================

Testing SEQUENTIAL (5 runs)
----------------------------------------------------------------------
  Run 1/5... Starting fresh MySQL container...
Waiting for MySQL to initialize...
Container ready

=== Mixed Workload: Insert-Heavy (70% insert, 30% read) - sequential ===
Creating initial dataset (100000 records)...
Creating lookup table for random key selection...
Resetting statistics...
Running mixed workload (140000 inserts, 60000 reads, 0 updates)...
Measuring metrics...
Overall throughput: 6073.87 ops/sec
Buffer hit ratio: 99.88%

Cleaning up container...
Container stopped and removed
done
  Run 2/5... Starting fresh MySQL container...
Waiting for MySQL to initialize...
Container ready

=== Mixed Workload: Insert-Heavy (70% insert, 30% read) - sequential ===
Creating initial dataset (100000 records)...
Creating lookup table for random key selection...
Resetting statistics...
Running mixed workload (140000 inserts, 60000 reads, 0 updates)...
Measuring metrics...
Overall throughput: 6106.90 ops/sec
Buffer hit ratio: 99.88%

Cleaning up container...
Container stopped and removed
done
  Run 3/5... Starting fresh MySQL container...
Waiting for MySQL to initialize...
Container ready

=== Mixed Workload: Insert-Heavy (70% insert, 30% read) - sequential ===
Creating initial dataset (100000 records)...
Creating lookup table for random key selection...
Resetting statistics...
Running mixed workload (140000 inserts, 60000 reads, 0 updates)...
Measuring metrics...
Overall throughput: 6111.09 ops/sec
Buffer hit ratio: 99.88%

Cleaning up container...
Container stopped and removed
done
  Run 4/5... Starting fresh MySQL container...
Waiting for MySQL to initialize...
Container ready

=== Mixed Workload: Insert-Heavy (70% insert, 30% read) - sequential ===
Creating initial dataset (100000 records)...
Creating lookup table for random key selection...
Resetting statistics...
Running mixed workload (140000 inserts, 60000 reads, 0 updates)...
Measuring metrics...
Overall throughput: 6128.23 ops/sec
Buffer hit ratio: 99.88%

Cleaning up container...
Container stopped and removed
done
  Run 5/5... Starting fresh MySQL container...
Waiting for MySQL to initialize...
Container ready

=== Mixed Workload: Insert-Heavy (70% insert, 30% read) - sequential ===
Creating initial dataset (100000 records)...
Creating lookup table for random key selection...
Resetting statistics...
Running mixed workload (140000 inserts, 60000 reads, 0 updates)...
Measuring metrics...
Overall throughput: 6107.81 ops/sec
Buffer hit ratio: 99.88%

Cleaning up container...
Container stopped and removed
done

Testing UUIDV4 (5 runs)
----------------------------------------------------------------------
  Run 1/5... Starting fresh MySQL container...
Waiting for MySQL to initialize...
Container ready

=== Mixed Workload: Insert-Heavy (70% insert, 30% read) - uuidv4 ===
Creating initial dataset (100000 records)...
Creating lookup table for random key selection...
Resetting statistics...
Running mixed workload (140000 inserts, 60000 reads, 0 updates)...
Measuring metrics...
Overall throughput: 5980.20 ops/sec
Buffer hit ratio: 99.89%

Cleaning up container...
Container stopped and removed
done
  Run 2/5... Starting fresh MySQL container...
Waiting for MySQL to initialize...
Container ready

=== Mixed Workload: Insert-Heavy (70% insert, 30% read) - uuidv4 ===
Creating initial dataset (100000 records)...
Creating lookup table for random key selection...
Resetting statistics...
Running mixed workload (140000 inserts, 60000 reads, 0 updates)...
Measuring metrics...
Overall throughput: 5994.76 ops/sec
Buffer hit ratio: 99.89%

Cleaning up container...
Container stopped and removed
done
  Run 3/5... Starting fresh MySQL container...
Waiting for MySQL to initialize...
Container ready

=== Mixed Workload: Insert-Heavy (70% insert, 30% read) - uuidv4 ===
Creating initial dataset (100000 records)...
Creating lookup table for random key selection...
Resetting statistics...
Running mixed workload (140000 inserts, 60000 reads, 0 updates)...
Measuring metrics...
Overall throughput: 5738.75 ops/sec
Buffer hit ratio: 99.89%

Cleaning up container...
Container stopped and removed
done
  Run 4/5... Starting fresh MySQL container...
Waiting for MySQL to initialize...
Container ready

=== Mixed Workload: Insert-Heavy (70% insert, 30% read) - uuidv4 ===
Creating initial dataset (100000 records)...
Creating lookup table for random key selection...
Resetting statistics...
Running mixed workload (140000 inserts, 60000 reads, 0 updates)...
Measuring metrics...
Overall throughput: 5986.31 ops/sec
Buffer hit ratio: 99.89%

Cleaning up container...
Container stopped and removed
done
  Run 5/5... Starting fresh MySQL container...
Waiting for MySQL to initialize...
Container ready

=== Mixed Workload: Insert-Heavy (70% insert, 30% read) - uuidv4 ===
Creating initial dataset (100000 records)...
Creating lookup table for random key selection...
Resetting statistics...
Running mixed workload (140000 inserts, 60000 reads, 0 updates)...
Measuring metrics...
Overall throughput: 5977.81 ops/sec
Buffer hit ratio: 99.89%

Cleaning up container...
Container stopped and removed
done

Testing UUIDV7 (5 runs)
----------------------------------------------------------------------
  Run 1/5... Starting fresh MySQL container...
Waiting for MySQL to initialize...
Container ready

=== Mixed Workload: Insert-Heavy (70% insert, 30% read) - uuidv7 ===
Creating initial dataset (100000 records)...
Creating lookup table for random key selection...
Resetting statistics...
Running mixed workload (140000 inserts, 60000 reads, 0 updates)...
Measuring metrics...
Overall throughput: 5730.59 ops/sec
Buffer hit ratio: 99.88%

Cleaning up container...
Container stopped and removed
done
  Run 2/5... Starting fresh MySQL container...
Waiting for MySQL to initialize...
Container ready

=== Mixed Workload: Insert-Heavy (70% insert, 30% read) - uuidv7 ===
Creating initial dataset (100000 records)...
Creating lookup table for random key selection...
Resetting statistics...
Running mixed workload (140000 inserts, 60000 reads, 0 updates)...
Measuring metrics...
Overall throughput: 5738.72 ops/sec
Buffer hit ratio: 99.88%

Cleaning up container...
Container stopped and removed
done
  Run 3/5... Starting fresh MySQL container...
Waiting for MySQL to initialize...
Container ready

=== Mixed Workload: Insert-Heavy (70% insert, 30% read) - uuidv7 ===
Creating initial dataset (100000 records)...
Creating lookup table for random key selection...
Resetting statistics...
Running mixed workload (140000 inserts, 60000 reads, 0 updates)...
Measuring metrics...
Overall throughput: 6064.56 ops/sec
Buffer hit ratio: 99.88%

Cleaning up container...
Container stopped and removed
done
  Run 4/5... Starting fresh MySQL container...
Waiting for MySQL to initialize...
Container ready

=== Mixed Workload: Insert-Heavy (70% insert, 30% read) - uuidv7 ===
Creating initial dataset (100000 records)...
Creating lookup table for random key selection...
Resetting statistics...
Running mixed workload (140000 inserts, 60000 reads, 0 updates)...
Measuring metrics...
Overall throughput: 5733.50 ops/sec
Buffer hit ratio: 99.88%

Cleaning up container...
Container stopped and removed
done
  Run 5/5... Starting fresh MySQL container...
Waiting for MySQL to initialize...
Container ready

=== Mixed Workload: Insert-Heavy (70% insert, 30% read) - uuidv7 ===
Creating initial dataset (100000 records)...
Creating lookup table for random key selection...
Resetting statistics...
Running mixed workload (140000 inserts, 60000 reads, 0 updates)...
Measuring metrics...
Overall throughput: 5760.11 ops/sec
Buffer hit ratio: 99.88%

Cleaning up container...
Container stopped and removed
done

Testing ULID (5 runs)
----------------------------------------------------------------------
  Run 1/5... Starting fresh MySQL container...
Waiting for MySQL to initialize...
Container ready

=== Mixed Workload: Insert-Heavy (70% insert, 30% read) - ulid ===
Creating initial dataset (100000 records)...
Creating lookup table for random key selection...
Resetting statistics...
Running mixed workload (140000 inserts, 60000 reads, 0 updates)...
Measuring metrics...
Overall throughput: 5934.28 ops/sec
Buffer hit ratio: 99.89%

Cleaning up container...
Container stopped and removed
done
  Run 2/5... Starting fresh MySQL container...
Waiting for MySQL to initialize...
Container ready

=== Mixed Workload: Insert-Heavy (70% insert, 30% read) - ulid ===
Creating initial dataset (100000 records)...
Creating lookup table for random key selection...
Resetting statistics...
Running mixed workload (140000 inserts, 60000 reads, 0 updates)...
Measuring metrics...
Overall throughput: 5947.95 ops/sec
Buffer hit ratio: 99.89%

Cleaning up container...
Container stopped and removed
done
  Run 3/5... Starting fresh MySQL container...
Waiting for MySQL to initialize...
Container ready

=== Mixed Workload: Insert-Heavy (70% insert, 30% read) - ulid ===
Creating initial dataset (100000 records)...
Creating lookup table for random key selection...
Resetting statistics...
Running mixed workload (140000 inserts, 60000 reads, 0 updates)...
Measuring metrics...
Overall throughput: 5680.44 ops/sec
Buffer hit ratio: 99.89%

Cleaning up container...
Container stopped and removed
done
  Run 4/5... Starting fresh MySQL container...
Waiting for MySQL to initialize...
Container ready

=== Mixed Workload: Insert-Heavy (70% insert, 30% read) - ulid ===
Creating initial dataset (100000 records)...
Creating lookup table for random key selection...
Resetting statistics...
Running mixed workload (140000 inserts, 60000 reads, 0 updates)...
Measuring metrics...
Overall throughput: 5678.73 ops/sec
Buffer hit ratio: 99.89%

Cleaning up container...
Container stopped and removed
done
  Run 5/5... Starting fresh MySQL container...
Waiting for MySQL to initialize...
Container ready

=== Mixed Workload: Insert-Heavy (70% insert, 30% read) - ulid ===
Creating initial dataset (100000 records)...
Creating lookup table for random key selection...
Resetting statistics...
Running mixed workload (140000 inserts, 60000 reads, 0 updates)...
Measuring metrics...
Overall throughput: 5983.24 ops/sec
Buffer hit ratio: 99.89%

Cleaning up container...
Container stopped and removed
done

Testing ULID_MONOTONIC (5 runs)
----------------------------------------------------------------------
  Run 1/5... Starting fresh MySQL container...
Waiting for MySQL to initialize...
Container ready

=== Mixed Workload: Insert-Heavy (70% insert, 30% read) - ulid_monotonic ===
Creating initial dataset (100000 records)...
Creating lookup table for random key selection...
Resetting statistics...
Running mixed workload (140000 inserts, 60000 reads, 0 updates)...
Measuring metrics...
Overall throughput: 5992.40 ops/sec
Buffer hit ratio: 99.88%

Cleaning up container...
Container stopped and removed
done
  Run 2/5... Starting fresh MySQL container...
Waiting for MySQL to initialize...
Container ready

=== Mixed Workload: Insert-Heavy (70% insert, 30% read) - ulid_monotonic ===
Creating initial dataset (100000 records)...
Creating lookup table for random key selection...
Resetting statistics...
Running mixed workload (140000 inserts, 60000 reads, 0 updates)...
Measuring metrics...
Overall throughput: 5756.87 ops/sec
Buffer hit ratio: 99.88%

Cleaning up container...
Container stopped and removed
done
  Run 3/5... Starting fresh MySQL container...
Waiting for MySQL to initialize...
Container ready

=== Mixed Workload: Insert-Heavy (70% insert, 30% read) - ulid_monotonic ===
Creating initial dataset (100000 records)...
Creating lookup table for random key selection...
Resetting statistics...
Running mixed workload (140000 inserts, 60000 reads, 0 updates)...
Measuring metrics...
Overall throughput: 5759.09 ops/sec
Buffer hit ratio: 99.88%

Cleaning up container...
Container stopped and removed
done
  Run 4/5... Starting fresh MySQL container...
Waiting for MySQL to initialize...
Container ready

=== Mixed Workload: Insert-Heavy (70% insert, 30% read) - ulid_monotonic ===
Creating initial dataset (100000 records)...
Creating lookup table for random key selection...
Resetting statistics...
Running mixed workload (140000 inserts, 60000 reads, 0 updates)...
Measuring metrics...
Overall throughput: 5978.31 ops/sec
Buffer hit ratio: 99.88%

Cleaning up container...
Container stopped and removed
done
  Run 5/5... Starting fresh MySQL container...
Waiting for MySQL to initialize...
Container ready

=== Mixed Workload: Insert-Heavy (70% insert, 30% read) - ulid_monotonic ===
Creating initial dataset (100000 records)...
Creating lookup table for random key selection...
Resetting statistics...
Running mixed workload (140000 inserts, 60000 reads, 0 updates)...
Measuring metrics...
Overall throughput: 5994.29 ops/sec
Buffer hit ratio: 99.88%

Cleaning up container...
Container stopped and removed
done

Testing UUIDV1 (5 runs)
----------------------------------------------------------------------
  Run 1/5... Starting fresh MySQL container...
Waiting for MySQL to initialize...
Container ready

=== Mixed Workload: Insert-Heavy (70% insert, 30% read) - uuidv1 ===
Creating initial dataset (100000 records)...
Creating lookup table for random key selection...
Resetting statistics...
Running mixed workload (140000 inserts, 60000 reads, 0 updates)...
Measuring metrics...
Overall throughput: 6004.67 ops/sec
Buffer hit ratio: 99.88%

Cleaning up container...
Container stopped and removed
done
  Run 2/5... Starting fresh MySQL container...
Waiting for MySQL to initialize...
Container ready

=== Mixed Workload: Insert-Heavy (70% insert, 30% read) - uuidv1 ===
Creating initial dataset (100000 records)...
Creating lookup table for random key selection...
Resetting statistics...
Running mixed workload (140000 inserts, 60000 reads, 0 updates)...
Measuring metrics...
Overall throughput: 5977.00 ops/sec
Buffer hit ratio: 99.88%

Cleaning up container...
Container stopped and removed
done
  Run 3/5... Starting fresh MySQL container...
Waiting for MySQL to initialize...
Container ready

=== Mixed Workload: Insert-Heavy (70% insert, 30% read) - uuidv1 ===
Creating initial dataset (100000 records)...
Creating lookup table for random key selection...
Resetting statistics...
Running mixed workload (140000 inserts, 60000 reads, 0 updates)...
Measuring metrics...
Overall throughput: 5836.26 ops/sec
Buffer hit ratio: 99.88%

Cleaning up container...
Container stopped and removed
done
  Run 4/5... Starting fresh MySQL container...
Waiting for MySQL to initialize...
Container ready

=== Mixed Workload: Insert-Heavy (70% insert, 30% read) - uuidv1 ===
Creating initial dataset (100000 records)...
Creating lookup table for random key selection...
Resetting statistics...
Running mixed workload (140000 inserts, 60000 reads, 0 updates)...
Measuring metrics...
Overall throughput: 5766.49 ops/sec
Buffer hit ratio: 99.88%

Cleaning up container...
Container stopped and removed
done
  Run 5/5... Starting fresh MySQL container...
Waiting for MySQL to initialize...
Container ready

=== Mixed Workload: Insert-Heavy (70% insert, 30% read) - uuidv1 ===
Creating initial dataset (100000 records)...
Creating lookup table for random key selection...
Resetting statistics...
Running mixed workload (140000 inserts, 60000 reads, 0 updates)...
Measuring metrics...
Overall throughput: 5765.89 ops/sec
Buffer hit ratio: 99.88%

Cleaning up container...
Container stopped and removed
done

====================================================================================================
Mixed Insert-Heavy (70% insert, 30% read) - Statistical Summary (5 runs per UUID type)
====================================================================================================

Overall Throughput (ops/sec)
┌────────────────┬──────────┬──────────┬──────────┬──────────┬──────────┬─────────┐
│ Key Type       │ Median   │ Mean     │ StdDev   │ Min      │ Max      │ CV %    │
├────────────────┼──────────┼──────────┼──────────┼──────────┼──────────┼─────────┤
│ SEQUENTIAL     │     6108 │     6106 │       20 │     6074 │     6128 │     0.3 │
│ UUIDV4         │     5980 │     5936 │      110 │     5739 │     5995 │     1.9 │
│ UUIDV7         │     5739 │     5805 │      145 │     5731 │     6065 │     2.5 │
│ ULID           │     5934 │     5845 │      152 │     5679 │     5983 │     2.6 │
│ ULID_MONOTONIC │     5978 │     5896 │      126 │     5757 │     5994 │     2.1 │
│ UUIDV1         │     5836 │     5870 │      114 │     5766 │     6005 │     1.9 │
└────────────────┴──────────┴──────────┴──────────┴──────────┴──────────┴─────────┘

Statistical Comparisons (vs SEQUENTIAL):
┌──────────────────────────────┬─────────────┬──────────┬───────────┬───────────────┐
│ Comparison                   │ Median Diff │ p-value  │ Overlap?  │ Significant?  │
├──────────────────────────────┼─────────────┼──────────┼───────────┼───────────────┤
│ SEQUENTIAL vs UUIDV4         │       -2.1% │   0.0090 │ No        │ No overlap    │
│ SEQUENTIAL vs UUIDV7         │       -6.0% │   0.0090 │ No        │ No overlap    │
│ SEQUENTIAL vs ULID           │       -2.8% │   0.0090 │ No        │ No overlap    │
│ SEQUENTIAL vs ULID_MONOTONIC │       -2.1% │   0.0090 │ No        │ No overlap    │
│ SEQUENTIAL vs UUIDV1         │       -4.4% │   0.0090 │ No        │ No overlap    │
└──────────────────────────────┴─────────────┴──────────┴───────────┴───────────────┘

Fragmentation (%)
┌────────────────┬──────────┬──────────┬──────────┬──────────┬──────────┬─────────┐
│ Key Type       │ Median   │ Mean     │ StdDev   │ Min      │ Max      │ CV %    │
├────────────────┼──────────┼──────────┼──────────┼──────────┼──────────┼─────────┤
│ SEQUENTIAL     │    12.82 │    12.79 │     0.16 │    12.54 │    12.96 │     1.3 │
│ UUIDV4         │    13.20 │    13.19 │     0.12 │    13.00 │    13.30 │     0.9 │
│ UUIDV7         │     6.50 │     6.45 │     0.52 │     5.63 │     7.08 │     8.1 │
│ ULID           │    13.24 │    13.22 │     0.07 │    13.12 │    13.28 │     0.5 │
│ ULID_MONOTONIC │     6.34 │     6.16 │     0.93 │     4.87 │     7.40 │    15.1 │
│ UUIDV1         │     7.45 │     7.33 │     0.31 │     6.83 │     7.62 │     4.2 │
└────────────────┴──────────┴──────────┴──────────┴──────────┴──────────┴─────────┘

Statistical Comparisons (vs SEQUENTIAL):
┌──────────────────────────────┬─────────────┬──────────┬───────────┬───────────────┐
│ Comparison                   │ Median Diff │ p-value  │ Overlap?  │ Significant?  │
├──────────────────────────────┼─────────────┼──────────┼───────────┼───────────────┤
│ SEQUENTIAL vs UUIDV4         │       +2.9% │   0.0090 │ No        │ No overlap    │
│ SEQUENTIAL vs UUIDV7         │      -49.3% │   0.0090 │ No        │ No overlap    │
│ SEQUENTIAL vs ULID           │       +3.3% │   0.0090 │ No        │ No overlap    │
│ SEQUENTIAL vs ULID_MONOTONIC │      -50.6% │   0.0090 │ No        │ No overlap    │
│ SEQUENTIAL vs UUIDV1         │      -41.9% │   0.0090 │ No        │ No overlap    │
└──────────────────────────────┴─────────────┴──────────┴───────────┴───────────────┘

Cache Hit Ratio
┌────────────────┬──────────┬──────────┬──────────┬──────────┬──────────┬─────────┐
│ Key Type       │ Median   │ Mean     │ StdDev   │ Min      │ Max      │ CV %    │
├────────────────┼──────────┼──────────┼──────────┼──────────┼──────────┼─────────┤
│ SEQUENTIAL     │   0.9988 │   0.9988 │   0.0000 │   0.9988 │   0.9988 │     0.0 │
│ UUIDV4         │   0.9989 │   0.9989 │   0.0000 │   0.9989 │   0.9989 │     0.0 │
│ UUIDV7         │   0.9988 │   0.9988 │   0.0000 │   0.9988 │   0.9988 │     0.0 │
│ ULID           │   0.9989 │   0.9989 │   0.0000 │   0.9989 │   0.9989 │     0.0 │
│ ULID_MONOTONIC │   0.9988 │   0.9988 │   0.0000 │   0.9988 │   0.9988 │     0.0 │
│ UUIDV1         │   0.9988 │   0.9988 │   0.0000 │   0.9988 │   0.9988 │     0.0 │
└────────────────┴──────────┴──────────┴──────────┴──────────┴──────────┴─────────┘

Statistical Comparisons (vs SEQUENTIAL):
┌──────────────────────────────┬─────────────┬──────────┬───────────┬───────────────┐
│ Comparison                   │ Median Diff │ p-value  │ Overlap?  │ Significant?  │
├──────────────────────────────┼─────────────┼──────────┼───────────┼───────────────┤
│ SEQUENTIAL vs UUIDV4         │       +0.0% │   0.0090 │ No        │ No overlap    │
│ SEQUENTIAL vs UUIDV7         │       -0.0% │   0.0090 │ No        │ No overlap    │
│ SEQUENTIAL vs ULID           │       +0.0% │   0.0090 │ No        │ No overlap    │
│ SEQUENTIAL vs ULID_MONOTONIC │       -0.0% │   0.0090 │ No        │ No overlap    │
│ SEQUENTIAL vs UUIDV1         │       -0.0% │   0.0090 │ No        │ No overlap    │
└──────────────────────────────┴─────────────┴──────────┴───────────┴───────────────┘

Index Hit Ratio
┌────────────────┬──────────┬──────────┬──────────┬──────────┬──────────┬─────────┐
│ Key Type       │ Median   │ Mean     │ StdDev   │ Min      │ Max      │ CV %    │
├────────────────┼──────────┼──────────┼──────────┼──────────┼──────────┼─────────┤
│ SEQUENTIAL     │   0.9988 │   0.9988 │   0.0000 │   0.9988 │   0.9988 │     0.0 │
│ UUIDV4         │   0.9989 │   0.9989 │   0.0000 │   0.9989 │   0.9989 │     0.0 │
│ UUIDV7         │   0.9988 │   0.9988 │   0.0000 │   0.9988 │   0.9988 │     0.0 │
│ ULID           │   0.9989 │   0.9989 │   0.0000 │   0.9989 │   0.9989 │     0.0 │
│ ULID_MONOTONIC │   0.9988 │   0.9988 │   0.0000 │   0.9988 │   0.9988 │     0.0 │
│ UUIDV1         │   0.9988 │   0.9988 │   0.0000 │   0.9988 │   0.9988 │     0.0 │
└────────────────┴──────────┴──────────┴──────────┴──────────┴──────────┴─────────┘

Statistical Comparisons (vs SEQUENTIAL):
┌──────────────────────────────┬─────────────┬──────────┬───────────┬───────────────┐
│ Comparison                   │ Median Diff │ p-value  │ Overlap?  │ Significant?  │
├──────────────────────────────┼─────────────┼──────────┼───────────┼───────────────┤
│ SEQUENTIAL vs UUIDV4         │       +0.0% │   0.0090 │ No        │ No overlap    │
│ SEQUENTIAL vs UUIDV7         │       -0.0% │   0.0090 │ No        │ No overlap    │
│ SEQUENTIAL vs ULID           │       +0.0% │   0.0090 │ No        │ No overlap    │
│ SEQUENTIAL vs ULID_MONOTONIC │       -0.0% │   0.0090 │ No        │ No overlap    │
│ SEQUENTIAL vs UUIDV1         │       -0.0% │   0.0090 │ No        │ No overlap    │
└──────────────────────────────┴─────────────┴──────────┴───────────┴───────────────┘

Table Size (MB)
┌────────────────┬──────────┬──────────┬──────────┬──────────┬──────────┬─────────┐
│ Key Type       │ Median   │ Mean     │ StdDev   │ Min      │ Max      │ CV %    │
├────────────────┼──────────┼──────────┼──────────┼──────────┼──────────┼─────────┤
│ SEQUENTIAL     │    185.7 │    185.5 │      0.4 │    184.7 │    185.7 │     0.2 │
│ UUIDV4         │    257.0 │    256.8 │      1.1 │    255.0 │    258.0 │     0.4 │
│ UUIDV7         │    170.8 │    171.2 │      0.6 │    170.8 │    171.8 │     0.3 │
│ ULID           │    256.0 │    256.0 │      2.0 │    254.0 │    258.0 │     0.8 │
│ ULID_MONOTONIC │    171.8 │    171.6 │      2.6 │    167.8 │    174.8 │     1.5 │
│ UUIDV1         │    172.8 │    173.4 │      0.9 │    172.8 │    174.8 │     0.5 │
└────────────────┴──────────┴──────────┴──────────┴──────────┴──────────┴─────────┘

Statistical Comparisons (vs SEQUENTIAL):
┌──────────────────────────────┬─────────────┬──────────┬───────────┬───────────────┐
│ Comparison                   │ Median Diff │ p-value  │ Overlap?  │ Significant?  │
├──────────────────────────────┼─────────────┼──────────┼───────────┼───────────────┤
│ SEQUENTIAL vs UUIDV4         │      +38.4% │   0.0090 │ No        │ No overlap    │
│ SEQUENTIAL vs UUIDV7         │       -8.0% │   0.0090 │ No        │ No overlap    │
│ SEQUENTIAL vs ULID           │      +37.8% │   0.0090 │ No        │ No overlap    │
│ SEQUENTIAL vs ULID_MONOTONIC │       -7.5% │   0.0090 │ No        │ No overlap    │
│ SEQUENTIAL vs UUIDV1         │       -6.9% │   0.0090 │ No        │ No overlap    │
└──────────────────────────────┴─────────────┴──────────┴───────────┴───────────────┘

Index Size (MB)
┌────────────────┬──────────┬──────────┬──────────┬──────────┬──────────┬─────────┐
│ Key Type       │ Median   │ Mean     │ StdDev   │ Min      │ Max      │ CV %    │
├────────────────┼──────────┼──────────┼──────────┼──────────┼──────────┼─────────┤
│ SEQUENTIAL     │    185.7 │    185.5 │      0.4 │    184.7 │    185.7 │     0.2 │
│ UUIDV4         │    257.0 │    256.8 │      1.1 │    255.0 │    258.0 │     0.4 │
│ UUIDV7         │    170.8 │    171.2 │      0.6 │    170.8 │    171.8 │     0.3 │
│ ULID           │    256.0 │    256.0 │      2.0 │    254.0 │    258.0 │     0.8 │
│ ULID_MONOTONIC │    171.8 │    171.6 │      2.6 │    167.8 │    174.8 │     1.5 │
│ UUIDV1         │    172.8 │    173.4 │      0.9 │    172.8 │    174.8 │     0.5 │
└────────────────┴──────────┴──────────┴──────────┴──────────┴──────────┴─────────┘

Statistical Comparisons (vs SEQUENTIAL):
┌──────────────────────────────┬─────────────┬──────────┬───────────┬───────────────┐
│ Comparison                   │ Median Diff │ p-value  │ Overlap?  │ Significant?  │
├──────────────────────────────┼─────────────┼──────────┼───────────┼───────────────┤
│ SEQUENTIAL vs UUIDV4         │      +38.4% │   0.0090 │ No        │ No overlap    │
│ SEQUENTIAL vs UUIDV7         │       -8.0% │   0.0090 │ No        │ No overlap    │
│ SEQUENTIAL vs ULID           │      +37.8% │   0.0090 │ No        │ No overlap    │
│ SEQUENTIAL vs ULID_MONOTONIC │       -7.5% │   0.0090 │ No        │ No overlap    │
│ SEQUENTIAL vs UUIDV1         │       -6.9% │   0.0090 │ No        │ No overlap    │
└──────────────────────────────┴─────────────┴──────────┴───────────┴───────────────┘

Latency P50 (µs)
┌────────────────┬──────────┬──────────┬──────────┬──────────┬──────────┬─────────┐
│ Key Type       │ Median   │ Mean     │ StdDev   │ Min      │ Max      │ CV %    │
├────────────────┼──────────┼──────────┼──────────┼──────────┼──────────┼─────────┤
│ SEQUENTIAL     │     1608 │     1596 │       16 │     1579 │     1608 │     1.0 │
│ UUIDV4         │     1608 │     1608 │        0 │     1608 │     1608 │     0.0 │
│ UUIDV7         │     1608 │     1608 │        0 │     1608 │     1608 │     0.0 │
│ ULID           │     1608 │     1614 │       13 │     1608 │     1637 │     0.8 │
│ ULID_MONOTONIC │     1608 │     1608 │        0 │     1608 │     1608 │     0.0 │
│ UUIDV1         │     1608 │     1596 │       16 │     1579 │     1608 │     1.0 │
└────────────────┴──────────┴──────────┴──────────┴──────────┴──────────┴─────────┘

Statistical Comparisons (vs SEQUENTIAL):
┌──────────────────────────────┬─────────────┬──────────┬───────────┬───────────────┐
│ Comparison                   │ Median Diff │ p-value  │ Overlap?  │ Significant?  │
├──────────────────────────────┼─────────────┼──────────┼───────────┼───────────────┤
│ SEQUENTIAL vs UUIDV4         │       +0.0% │   0.2963 │ Yes       │ n.s.          │
│ SEQUENTIAL vs UUIDV7         │       +0.0% │   0.2963 │ Yes       │ n.s.          │
│ SEQUENTIAL vs ULID           │       +0.0% │   0.1745 │ Yes       │ n.s.          │
│ SEQUENTIAL vs ULID_MONOTONIC │       +0.0% │   0.2963 │ Yes       │ n.s.          │
│ SEQUENTIAL vs UUIDV1         │       +0.0% │   1.0000 │ Yes       │ n.s.          │
└──────────────────────────────┴─────────────┴──────────┴───────────┴───────────────┘

Latency P95 (µs)
┌────────────────┬──────────┬──────────┬──────────┬──────────┬──────────┬─────────┐
│ Key Type       │ Median   │ Mean     │ StdDev   │ Min      │ Max      │ CV %    │
├────────────────┼──────────┼──────────┼──────────┼──────────┼──────────┼─────────┤
│ SEQUENTIAL     │     2347 │     2347 │        0 │     2347 │     2347 │     0.0 │
│ UUIDV4         │     2389 │     2407 │       39 │     2389 │     2477 │     1.6 │
│ UUIDV7         │     2433 │     2425 │       47 │     2347 │     2477 │     2.0 │
│ ULID           │     2433 │     2469 │       49 │     2433 │     2522 │     2.0 │
│ ULID_MONOTONIC │     2389 │     2407 │       24 │     2389 │     2433 │     1.0 │
│ UUIDV1         │     2389 │     2398 │       36 │     2347 │     2433 │     1.5 │
└────────────────┴──────────┴──────────┴──────────┴──────────┴──────────┴─────────┘

Statistical Comparisons (vs SEQUENTIAL):
┌──────────────────────────────┬─────────────┬──────────┬───────────┬───────────────┐
│ Comparison                   │ Median Diff │ p-value  │ Overlap?  │ Significant?  │
├──────────────────────────────┼─────────────┼──────────┼───────────┼───────────────┤
│ SEQUENTIAL vs UUIDV4         │       +1.8% │   0.0090 │ No        │ No overlap    │
│ SEQUENTIAL vs UUIDV7         │       +3.7% │   0.0367 │ Yes       │ * (p<0.05)    │
│ SEQUENTIAL vs ULID           │       +3.7% │   0.0090 │ No        │ No overlap    │
│ SEQUENTIAL vs ULID_MONOTONIC │       +1.8% │   0.0090 │ No        │ No overlap    │
│ SEQUENTIAL vs UUIDV1         │       +1.8% │   0.0367 │ Yes       │ * (p<0.05)    │
└──────────────────────────────┴─────────────┴──────────┴───────────┴───────────────┘

Latency P99 (µs)
┌────────────────┬──────────┬──────────┬──────────┬──────────┬──────────┬─────────┐
│ Key Type       │ Median   │ Mean     │ StdDev   │ Min      │ Max      │ CV %    │
├────────────────┼──────────┼──────────┼──────────┼──────────┼──────────┼─────────┤
│ SEQUENTIAL     │     2710 │     2701 │       41 │     2662 │     2760 │     1.5 │
│ UUIDV4         │     2861 │     3487 │     1458 │     2810 │     6095 │    41.8 │
│ UUIDV7         │     5774 │     5326 │     1472 │     2760 │     6433 │    27.6 │
│ ULID           │     2966 │     4112 │     1624 │     2861 │     6095 │    39.5 │
│ ULID_MONOTONIC │     2760 │     4094 │     1827 │     2760 │     6095 │    44.6 │
│ UUIDV1         │     5774 │     4784 │     1626 │     2810 │     6318 │    34.0 │
└────────────────┴──────────┴──────────┴──────────┴──────────┴──────────┴─────────┘

Statistical Comparisons (vs SEQUENTIAL):
┌──────────────────────────────┬─────────────┬──────────┬───────────┬───────────────┐
│ Comparison                   │ Median Diff │ p-value  │ Overlap?  │ Significant?  │
├──────────────────────────────┼─────────────┼──────────┼───────────┼───────────────┤
│ SEQUENTIAL vs UUIDV4         │       +5.6% │   0.0090 │ No        │ No overlap    │
│ SEQUENTIAL vs UUIDV7         │     +113.1% │   0.0122 │ Yes       │ * (p<0.05)    │
│ SEQUENTIAL vs ULID           │       +9.4% │   0.0090 │ No        │ No overlap    │
│ SEQUENTIAL vs ULID_MONOTONIC │       +1.8% │   0.0216 │ Yes       │ * (p<0.05)    │
│ SEQUENTIAL vs UUIDV1         │     +113.1% │   0.0090 │ No        │ No overlap    │
└──────────────────────────────┴─────────────┴──────────┴───────────┴───────────────┘

Read IOPS
┌────────────────┬──────────┬──────────┬──────────┬──────────┬──────────┬─────────┐
│ Key Type       │ Median   │ Mean     │ StdDev   │ Min      │ Max      │ CV %    │
├────────────────┼──────────┼──────────┼──────────┼──────────┼──────────┼─────────┤
│ SEQUENTIAL     │       19 │       19 │        0 │       19 │       19 │     0.9 │
│ UUIDV4         │       24 │       24 │        0 │       24 │       24 │     0.5 │
│ UUIDV7         │       24 │       24 │        0 │       24 │       24 │     0.2 │
│ ULID           │       24 │       24 │        0 │       24 │       24 │     0.5 │
│ ULID_MONOTONIC │       24 │       24 │        0 │       24 │       24 │     0.8 │
│ UUIDV1         │       23 │       23 │        0 │       23 │       23 │     0.6 │
└────────────────┴──────────┴──────────┴──────────┴──────────┴──────────┴─────────┘

Statistical Comparisons (vs SEQUENTIAL):
┌──────────────────────────────┬─────────────┬──────────┬───────────┬───────────────┐
│ Comparison                   │ Median Diff │ p-value  │ Overlap?  │ Significant?  │
├──────────────────────────────┼─────────────┼──────────┼───────────┼───────────────┤
│ SEQUENTIAL vs UUIDV4         │      +25.7% │   0.0090 │ No        │ No overlap    │
│ SEQUENTIAL vs UUIDV7         │      +25.3% │   0.0090 │ No        │ No overlap    │
│ SEQUENTIAL vs ULID           │      +25.4% │   0.0090 │ No        │ No overlap    │
│ SEQUENTIAL vs ULID_MONOTONIC │      +24.8% │   0.0090 │ No        │ No overlap    │
│ SEQUENTIAL vs UUIDV1         │      +22.4% │   0.0090 │ No        │ No overlap    │
└──────────────────────────────┴─────────────┴──────────┴───────────┴───────────────┘

Write IOPS
┌────────────────┬──────────┬──────────┬──────────┬──────────┬──────────┬─────────┐
│ Key Type       │ Median   │ Mean     │ StdDev   │ Min      │ Max      │ CV %    │
├────────────────┼──────────┼──────────┼──────────┼──────────┼──────────┼─────────┤
│ SEQUENTIAL     │     5188 │     5180 │       18 │     5148 │     5192 │     0.4 │
│ UUIDV4         │     5407 │     5360 │      111 │     5162 │     5417 │     2.1 │
│ UUIDV7         │     4738 │     4787 │      117 │     4724 │     4996 │     2.4 │
│ ULID           │     5413 │     5328 │      124 │     5184 │     5427 │     2.3 │
│ ULID_MONOTONIC │     4972 │     4886 │      139 │     4723 │     4998 │     2.8 │
│ UUIDV1         │     4631 │     4657 │       89 │     4569 │     4773 │     1.9 │
└────────────────┴──────────┴──────────┴──────────┴──────────┴──────────┴─────────┘

Statistical Comparisons (vs SEQUENTIAL):
┌──────────────────────────────┬─────────────┬──────────┬───────────┬───────────────┐
│ Comparison                   │ Median Diff │ p-value  │ Overlap?  │ Significant?  │
├──────────────────────────────┼─────────────┼──────────┼───────────┼───────────────┤
│ SEQUENTIAL vs UUIDV4         │       +4.2% │   0.0758 │ Yes       │ n.s.          │
│ SEQUENTIAL vs UUIDV7         │       -8.7% │   0.0090 │ No        │ No overlap    │
│ SEQUENTIAL vs ULID           │       +4.3% │   0.0472 │ Yes       │ * (p<0.05)    │
│ SEQUENTIAL vs ULID_MONOTONIC │       -4.2% │   0.0090 │ No        │ No overlap    │
│ SEQUENTIAL vs UUIDV1         │      -10.7% │   0.0090 │ No        │ No overlap    │
└──────────────────────────────┴─────────────┴──────────┴───────────┴───────────────┘

Read Throughput (MB/s)
┌────────────────┬──────────┬──────────┬──────────┬──────────┬──────────┬─────────┐
│ Key Type       │ Median   │ Mean     │ StdDev   │ Min      │ Max      │ CV %    │
├────────────────┼──────────┼──────────┼──────────┼──────────┼──────────┼─────────┤
│ SEQUENTIAL     │      0.3 │      0.3 │      0.0 │      0.3 │      0.3 │     0.9 │
│ UUIDV4         │      0.4 │      0.4 │      0.0 │      0.4 │      0.4 │     0.5 │
│ UUIDV7         │      0.4 │      0.4 │      0.0 │      0.4 │      0.4 │     0.2 │
│ ULID           │      0.4 │      0.4 │      0.0 │      0.4 │      0.4 │     0.5 │
│ ULID_MONOTONIC │      0.4 │      0.4 │      0.0 │      0.4 │      0.4 │     0.8 │
│ UUIDV1         │      0.4 │      0.4 │      0.0 │      0.4 │      0.4 │     0.6 │
└────────────────┴──────────┴──────────┴──────────┴──────────┴──────────┴─────────┘

Statistical Comparisons (vs SEQUENTIAL):
┌──────────────────────────────┬─────────────┬──────────┬───────────┬───────────────┐
│ Comparison                   │ Median Diff │ p-value  │ Overlap?  │ Significant?  │
├──────────────────────────────┼─────────────┼──────────┼───────────┼───────────────┤
│ SEQUENTIAL vs UUIDV4         │      +25.7% │   0.0090 │ No        │ No overlap    │
│ SEQUENTIAL vs UUIDV7         │      +25.3% │   0.0090 │ No        │ No overlap    │
│ SEQUENTIAL vs ULID           │      +25.4% │   0.0090 │ No        │ No overlap    │
│ SEQUENTIAL vs ULID_MONOTONIC │      +24.8% │   0.0090 │ No        │ No overlap    │
│ SEQUENTIAL vs UUIDV1         │      +22.4% │   0.0090 │ No        │ No overlap    │
└──────────────────────────────┴─────────────┴──────────┴───────────┴───────────────┘

Write Throughput (MB/s)
┌────────────────┬──────────┬──────────┬──────────┬──────────┬──────────┬─────────┐
│ Key Type       │ Median   │ Mean     │ StdDev   │ Min      │ Max      │ CV %    │
├────────────────┼──────────┼──────────┼──────────┼──────────┼──────────┼─────────┤
│ SEQUENTIAL     │     32.8 │     32.8 │      0.1 │     32.7 │     33.0 │     0.3 │
│ UUIDV4         │     45.6 │     45.4 │      0.6 │     44.3 │     45.8 │     1.3 │
│ UUIDV7         │     29.1 │     29.4 │      0.6 │     29.0 │     30.3 │     1.9 │
│ ULID           │     45.7 │     45.3 │      0.7 │     44.2 │     45.7 │     1.5 │
│ ULID_MONOTONIC │     30.4 │     29.9 │      0.9 │     28.7 │     30.7 │     3.1 │
│ UUIDV1         │     29.0 │     29.0 │      0.4 │     28.6 │     29.6 │     1.5 │
└────────────────┴──────────┴──────────┴──────────┴──────────┴──────────┴─────────┘

Statistical Comparisons (vs SEQUENTIAL):
┌──────────────────────────────┬─────────────┬──────────┬───────────┬───────────────┐
│ Comparison                   │ Median Diff │ p-value  │ Overlap?  │ Significant?  │
├──────────────────────────────┼─────────────┼──────────┼───────────┼───────────────┤
│ SEQUENTIAL vs UUIDV4         │      +39.1% │   0.0090 │ No        │ No overlap    │
│ SEQUENTIAL vs UUIDV7         │      -11.3% │   0.0090 │ No        │ No overlap    │
│ SEQUENTIAL vs ULID           │      +39.2% │   0.0090 │ No        │ No overlap    │
│ SEQUENTIAL vs ULID_MONOTONIC │       -7.3% │   0.0090 │ No        │ No overlap    │
│ SEQUENTIAL vs UUIDV1         │      -11.7% │   0.0090 │ No        │ No overlap    │
└──────────────────────────────┴─────────────┴──────────┴───────────┴───────────────┘

[5/5] MIXED READ-UPDATE (YCSB-A)
====================================================================================================

Testing SEQUENTIAL (5 runs)
----------------------------------------------------------------------
  Run 1/5... Starting fresh MySQL container...
Waiting for MySQL to initialize...
Container ready

=== Mixed Workload: YCSB-A (50% read, 50% update) - sequential ===
Creating initial dataset (500000 records)...
Creating lookup table for random key selection...
Resetting statistics...
Running mixed workload (0 inserts, 100000 reads, 100000 updates)...
Measuring metrics...
Overall throughput: 9568.74 ops/sec
Buffer hit ratio: 99.95%

Cleaning up container...
Container stopped and removed
done
  Run 2/5... Starting fresh MySQL container...
Waiting for MySQL to initialize...
Container ready

=== Mixed Workload: YCSB-A (50% read, 50% update) - sequential ===
Creating initial dataset (500000 records)...
Creating lookup table for random key selection...
Resetting statistics...
Running mixed workload (0 inserts, 100000 reads, 100000 updates)...
Measuring metrics...
Overall throughput: 10005.20 ops/sec
Buffer hit ratio: 99.95%

Cleaning up container...
Container stopped and removed
done
  Run 3/5... Starting fresh MySQL container...
Waiting for MySQL to initialize...
Container ready

=== Mixed Workload: YCSB-A (50% read, 50% update) - sequential ===
Creating initial dataset (500000 records)...
Creating lookup table for random key selection...
Resetting statistics...
Running mixed workload (0 inserts, 100000 reads, 100000 updates)...
Measuring metrics...
Overall throughput: 9934.55 ops/sec
Buffer hit ratio: 99.95%

Cleaning up container...
Container stopped and removed
done
  Run 4/5... Starting fresh MySQL container...
Waiting for MySQL to initialize...
Container ready

=== Mixed Workload: YCSB-A (50% read, 50% update) - sequential ===
Creating initial dataset (500000 records)...
Creating lookup table for random key selection...
Resetting statistics...
Running mixed workload (0 inserts, 100000 reads, 100000 updates)...
Measuring metrics...
Overall throughput: 9582.16 ops/sec
Buffer hit ratio: 99.95%

Cleaning up container...
Container stopped and removed
done
  Run 5/5... Starting fresh MySQL container...
Waiting for MySQL to initialize...
Container ready

=== Mixed Workload: YCSB-A (50% read, 50% update) - sequential ===
Creating initial dataset (500000 records)...
Creating lookup table for random key selection...
Resetting statistics...
Running mixed workload (0 inserts, 100000 reads, 100000 updates)...
Measuring metrics...
Overall throughput: 9871.32 ops/sec
Buffer hit ratio: 99.95%

Cleaning up container...
Container stopped and removed
done

Testing UUIDV4 (5 runs)
----------------------------------------------------------------------
  Run 1/5... Starting fresh MySQL container...
Waiting for MySQL to initialize...
Container ready

=== Mixed Workload: YCSB-A (50% read, 50% update) - uuidv4 ===
Creating initial dataset (500000 records)...
Creating lookup table for random key selection...
Resetting statistics...
Running mixed workload (0 inserts, 100000 reads, 100000 updates)...
Measuring metrics...
Overall throughput: 11400.35 ops/sec
Buffer hit ratio: 99.95%

Cleaning up container...
Container stopped and removed
done
  Run 2/5... Starting fresh MySQL container...
Waiting for MySQL to initialize...
Container ready

=== Mixed Workload: YCSB-A (50% read, 50% update) - uuidv4 ===
Creating initial dataset (500000 records)...
Creating lookup table for random key selection...
Resetting statistics...
Running mixed workload (0 inserts, 100000 reads, 100000 updates)...
Measuring metrics...
Overall throughput: 11190.02 ops/sec
Buffer hit ratio: 99.95%

Cleaning up container...
Container stopped and removed
done
  Run 3/5... Starting fresh MySQL container...
Waiting for MySQL to initialize...
Container ready

=== Mixed Workload: YCSB-A (50% read, 50% update) - uuidv4 ===
Creating initial dataset (500000 records)...
Creating lookup table for random key selection...
Resetting statistics...
Running mixed workload (0 inserts, 100000 reads, 100000 updates)...
Measuring metrics...
Overall throughput: 11755.57 ops/sec
Buffer hit ratio: 99.95%

Cleaning up container...
Container stopped and removed
done
  Run 4/5... Starting fresh MySQL container...
Waiting for MySQL to initialize...
Container ready

=== Mixed Workload: YCSB-A (50% read, 50% update) - uuidv4 ===
Creating initial dataset (500000 records)...
Creating lookup table for random key selection...
Resetting statistics...
Running mixed workload (0 inserts, 100000 reads, 100000 updates)...
Measuring metrics...
Overall throughput: 10501.23 ops/sec
Buffer hit ratio: 99.95%

Cleaning up container...
Container stopped and removed
done
  Run 5/5... Starting fresh MySQL container...
Waiting for MySQL to initialize...
Container ready

=== Mixed Workload: YCSB-A (50% read, 50% update) - uuidv4 ===
Creating initial dataset (500000 records)...
Creating lookup table for random key selection...
Resetting statistics...
Running mixed workload (0 inserts, 100000 reads, 100000 updates)...
Measuring metrics...
Overall throughput: 10412.22 ops/sec
Buffer hit ratio: 99.95%

Cleaning up container...
Container stopped and removed
done

Testing UUIDV7 (5 runs)
----------------------------------------------------------------------
  Run 1/5... Starting fresh MySQL container...
Waiting for MySQL to initialize...
Container ready

=== Mixed Workload: YCSB-A (50% read, 50% update) - uuidv7 ===
Creating initial dataset (500000 records)...
Creating lookup table for random key selection...
Resetting statistics...
Running mixed workload (0 inserts, 100000 reads, 100000 updates)...
Measuring metrics...
Overall throughput: 10771.57 ops/sec
Buffer hit ratio: 99.94%

Cleaning up container...
Container stopped and removed
done
  Run 2/5... Starting fresh MySQL container...
Waiting for MySQL to initialize...
Container ready

=== Mixed Workload: YCSB-A (50% read, 50% update) - uuidv7 ===
Creating initial dataset (500000 records)...
Creating lookup table for random key selection...
Resetting statistics...
Running mixed workload (0 inserts, 100000 reads, 100000 updates)...
Measuring metrics...
Overall throughput: 9496.14 ops/sec
Buffer hit ratio: 99.94%

Cleaning up container...
Container stopped and removed
done
  Run 3/5... Starting fresh MySQL container...
Waiting for MySQL to initialize...
Container ready

=== Mixed Workload: YCSB-A (50% read, 50% update) - uuidv7 ===
Creating initial dataset (500000 records)...
Creating lookup table for random key selection...
Resetting statistics...
Running mixed workload (0 inserts, 100000 reads, 100000 updates)...
Measuring metrics...
Overall throughput: 10035.62 ops/sec
Buffer hit ratio: 99.94%

Cleaning up container...
Container stopped and removed
done
  Run 4/5... Starting fresh MySQL container...
Waiting for MySQL to initialize...
Container ready

=== Mixed Workload: YCSB-A (50% read, 50% update) - uuidv7 ===
Creating initial dataset (500000 records)...
Creating lookup table for random key selection...
Resetting statistics...
Running mixed workload (0 inserts, 100000 reads, 100000 updates)...
Measuring metrics...
Overall throughput: 9962.88 ops/sec
Buffer hit ratio: 99.95%

Cleaning up container...
Container stopped and removed
done
  Run 5/5... Starting fresh MySQL container...
Waiting for MySQL to initialize...
Container ready

=== Mixed Workload: YCSB-A (50% read, 50% update) - uuidv7 ===
Creating initial dataset (500000 records)...
Creating lookup table for random key selection...
Resetting statistics...
Running mixed workload (0 inserts, 100000 reads, 100000 updates)...
Measuring metrics...
Overall throughput: 10400.08 ops/sec
Buffer hit ratio: 99.94%

Cleaning up container...
Container stopped and removed
done

Testing ULID (5 runs)
----------------------------------------------------------------------
  Run 1/5... Starting fresh MySQL container...
Waiting for MySQL to initialize...
Container ready

=== Mixed Workload: YCSB-A (50% read, 50% update) - ulid ===
Creating initial dataset (500000 records)...
Creating lookup table for random key selection...
Resetting statistics...
Running mixed workload (0 inserts, 100000 reads, 100000 updates)...
Measuring metrics...
Overall throughput: 11227.97 ops/sec
Buffer hit ratio: 99.95%

Cleaning up container...
Container stopped and removed
done
  Run 2/5... Starting fresh MySQL container...
Waiting for MySQL to initialize...
Container ready

=== Mixed Workload: YCSB-A (50% read, 50% update) - ulid ===
Creating initial dataset (500000 records)...
Creating lookup table for random key selection...
Resetting statistics...
Running mixed workload (0 inserts, 100000 reads, 100000 updates)...
Measuring metrics...
Overall throughput: 10538.95 ops/sec
Buffer hit ratio: 99.95%

Cleaning up container...
Container stopped and removed
done
  Run 3/5... Starting fresh MySQL container...
Waiting for MySQL to initialize...
Container ready

=== Mixed Workload: YCSB-A (50% read, 50% update) - ulid ===
Creating initial dataset (500000 records)...
Creating lookup table for random key selection...
Resetting statistics...
Running mixed workload (0 inserts, 100000 reads, 100000 updates)...
Measuring metrics...
Overall throughput: 10586.55 ops/sec
Buffer hit ratio: 99.95%

Cleaning up container...
Container stopped and removed
done
  Run 4/5... Starting fresh MySQL container...
Waiting for MySQL to initialize...
Container ready

=== Mixed Workload: YCSB-A (50% read, 50% update) - ulid ===
Creating initial dataset (500000 records)...
Creating lookup table for random key selection...
Resetting statistics...
Running mixed workload (0 inserts, 100000 reads, 100000 updates)...
Measuring metrics...
Overall throughput: 10608.11 ops/sec
Buffer hit ratio: 99.95%

Cleaning up container...
Container stopped and removed
done
  Run 5/5... Starting fresh MySQL container...
Waiting for MySQL to initialize...
Container ready

=== Mixed Workload: YCSB-A (50% read, 50% update) - ulid ===
Creating initial dataset (500000 records)...
Creating lookup table for random key selection...
Resetting statistics...
Running mixed workload (0 inserts, 100000 reads, 100000 updates)...
Measuring metrics...
Overall throughput: 10565.27 ops/sec
Buffer hit ratio: 99.95%

Cleaning up container...
Container stopped and removed
done

Testing ULID_MONOTONIC (5 runs)
----------------------------------------------------------------------
  Run 1/5... Starting fresh MySQL container...
Waiting for MySQL to initialize...
Container ready

=== Mixed Workload: YCSB-A (50% read, 50% update) - ulid_monotonic ===
Creating initial dataset (500000 records)...
Creating lookup table for random key selection...
Resetting statistics...
Running mixed workload (0 inserts, 100000 reads, 100000 updates)...
Measuring metrics...
Overall throughput: 10345.18 ops/sec
Buffer hit ratio: 99.94%

Cleaning up container...
Container stopped and removed
done
  Run 2/5... Starting fresh MySQL container...
Waiting for MySQL to initialize...
Container ready

=== Mixed Workload: YCSB-A (50% read, 50% update) - ulid_monotonic ===
Creating initial dataset (500000 records)...
Creating lookup table for random key selection...
Resetting statistics...
Running mixed workload (0 inserts, 100000 reads, 100000 updates)...
Measuring metrics...
Overall throughput: 9974.44 ops/sec
Buffer hit ratio: 99.95%

Cleaning up container...
Container stopped and removed
done
  Run 3/5... Starting fresh MySQL container...
Waiting for MySQL to initialize...
Container ready

=== Mixed Workload: YCSB-A (50% read, 50% update) - ulid_monotonic ===
Creating initial dataset (500000 records)...
Creating lookup table for random key selection...
Resetting statistics...
Running mixed workload (0 inserts, 100000 reads, 100000 updates)...
Measuring metrics...
Overall throughput: 10509.41 ops/sec
Buffer hit ratio: 99.94%

Cleaning up container...
Container stopped and removed
done
  Run 4/5... Starting fresh MySQL container...
Waiting for MySQL to initialize...
Container ready

=== Mixed Workload: YCSB-A (50% read, 50% update) - ulid_monotonic ===
Creating initial dataset (500000 records)...
Creating lookup table for random key selection...
Resetting statistics...
Running mixed workload (0 inserts, 100000 reads, 100000 updates)...
Measuring metrics...
Overall throughput: 11067.70 ops/sec
Buffer hit ratio: 99.94%

Cleaning up container...
Container stopped and removed
done
  Run 5/5... Starting fresh MySQL container...
Waiting for MySQL to initialize...
Container ready

=== Mixed Workload: YCSB-A (50% read, 50% update) - ulid_monotonic ===
Creating initial dataset (500000 records)...
Creating lookup table for random key selection...
Resetting statistics...
Running mixed workload (0 inserts, 100000 reads, 100000 updates)...
Measuring metrics...
Overall throughput: 10017.68 ops/sec
Buffer hit ratio: 99.95%

Cleaning up container...
Container stopped and removed
done

Testing UUIDV1 (5 runs)
----------------------------------------------------------------------
  Run 1/5... Starting fresh MySQL container...
Waiting for MySQL to initialize...
Container ready

=== Mixed Workload: YCSB-A (50% read, 50% update) - uuidv1 ===
Creating initial dataset (500000 records)...
Creating lookup table for random key selection...
Resetting statistics...
Running mixed workload (0 inserts, 100000 reads, 100000 updates)...
Measuring metrics...
Overall throughput: 34164.11 ops/sec
Buffer hit ratio: 99.88%

Cleaning up container...
Container stopped and removed
done
  Run 2/5... Starting fresh MySQL container...
Waiting for MySQL to initialize...
Container ready

=== Mixed Workload: YCSB-A (50% read, 50% update) - uuidv1 ===
Creating initial dataset (500000 records)...
Creating lookup table for random key selection...
Resetting statistics...
Running mixed workload (0 inserts, 100000 reads, 100000 updates)...
Measuring metrics...
Overall throughput: 37848.30 ops/sec
Buffer hit ratio: 99.87%

Cleaning up container...
Container stopped and removed
done
  Run 3/5... Starting fresh MySQL container...
Waiting for MySQL to initialize...
Container ready

=== Mixed Workload: YCSB-A (50% read, 50% update) - uuidv1 ===
Creating initial dataset (500000 records)...
Creating lookup table for random key selection...
Resetting statistics...
Running mixed workload (0 inserts, 100000 reads, 100000 updates)...
Measuring metrics...
Overall throughput: 36703.80 ops/sec
Buffer hit ratio: 99.88%

Cleaning up container...
Container stopped and removed
done
  Run 4/5... Starting fresh MySQL container...
Waiting for MySQL to initialize...
Container ready

=== Mixed Workload: YCSB-A (50% read, 50% update) - uuidv1 ===
Creating initial dataset (500000 records)...
Creating lookup table for random key selection...
Resetting statistics...
Running mixed workload (0 inserts, 100000 reads, 100000 updates)...
Measuring metrics...
Overall throughput: 33205.47 ops/sec
Buffer hit ratio: 99.89%

Cleaning up container...
Container stopped and removed
done
  Run 5/5... Starting fresh MySQL container...
Waiting for MySQL to initialize...
Container ready

=== Mixed Workload: YCSB-A (50% read, 50% update) - uuidv1 ===
Creating initial dataset (500000 records)...
Creating lookup table for random key selection...
Resetting statistics...
Running mixed workload (0 inserts, 100000 reads, 100000 updates)...
Measuring metrics...
Overall throughput: 33584.80 ops/sec
Buffer hit ratio: 99.88%

Cleaning up container...
Container stopped and removed
done

====================================================================================================
Mixed YCSB-A (50% read, 50% update) - Statistical Summary (5 runs per UUID type)
====================================================================================================

Overall Throughput (ops/sec)
┌────────────────┬──────────┬──────────┬──────────┬──────────┬──────────┬─────────┐
│ Key Type       │ Median   │ Mean     │ StdDev   │ Min      │ Max      │ CV %    │
├────────────────┼──────────┼──────────┼──────────┼──────────┼──────────┼─────────┤
│ SEQUENTIAL     │     9871 │     9792 │      204 │     9569 │    10005 │     2.1 │
│ UUIDV4         │    11190 │    11052 │      581 │    10412 │    11756 │     5.3 │
│ UUIDV7         │    10036 │    10133 │      480 │     9496 │    10772 │     4.7 │
│ ULID           │    10587 │    10705 │      293 │    10539 │    11228 │     2.7 │
│ ULID_MONOTONIC │    10345 │    10383 │      443 │     9974 │    11068 │     4.3 │
│ UUIDV1         │    34164 │    35101 │     2055 │    33205 │    37848 │     5.9 │
└────────────────┴──────────┴──────────┴──────────┴──────────┴──────────┴─────────┘

Statistical Comparisons (vs SEQUENTIAL):
┌──────────────────────────────┬─────────────┬──────────┬───────────┬───────────────┐
│ Comparison                   │ Median Diff │ p-value  │ Overlap?  │ Significant?  │
├──────────────────────────────┼─────────────┼──────────┼───────────┼───────────────┤
│ SEQUENTIAL vs UUIDV4         │      +13.4% │   0.0090 │ No        │ No overlap    │
│ SEQUENTIAL vs UUIDV7         │       +1.7% │   0.1745 │ Yes       │ n.s.          │
│ SEQUENTIAL vs ULID           │       +7.2% │   0.0090 │ No        │ No overlap    │
│ SEQUENTIAL vs ULID_MONOTONIC │       +4.8% │   0.0163 │ Yes       │ * (p<0.05)    │
│ SEQUENTIAL vs UUIDV1         │     +246.1% │   0.0090 │ No        │ No overlap    │
└──────────────────────────────┴─────────────┴──────────┴───────────┴───────────────┘

Fragmentation (%)
┌────────────────┬──────────┬──────────┬──────────┬──────────┬──────────┬─────────┐
│ Key Type       │ Median   │ Mean     │ StdDev   │ Min      │ Max      │ CV %    │
├────────────────┼──────────┼──────────┼──────────┼──────────┼──────────┼─────────┤
│ SEQUENTIAL     │     0.46 │     0.46 │     0.06 │     0.39 │     0.53 │    13.3 │
│ UUIDV4         │    12.78 │    12.77 │     0.04 │    12.71 │    12.80 │     0.3 │
│ UUIDV7         │     0.44 │     0.43 │     0.02 │     0.40 │     0.45 │     5.7 │
│ ULID           │    12.87 │    12.87 │     0.04 │    12.82 │    12.93 │     0.3 │
│ ULID_MONOTONIC │     0.47 │     0.47 │     0.05 │     0.39 │     0.52 │    10.3 │
│ UUIDV1         │     0.71 │     0.77 │     0.47 │     0.20 │     1.30 │    60.7 │
└────────────────┴──────────┴──────────┴──────────┴──────────┴──────────┴─────────┘

Statistical Comparisons (vs SEQUENTIAL):
┌──────────────────────────────┬─────────────┬──────────┬───────────┬───────────────┐
│ Comparison                   │ Median Diff │ p-value  │ Overlap?  │ Significant?  │
├──────────────────────────────┼─────────────┼──────────┼───────────┼───────────────┤
│ SEQUENTIAL vs UUIDV4         │    +2690.8% │   0.0090 │ No        │ No overlap    │
│ SEQUENTIAL vs UUIDV7         │       -2.9% │   0.6015 │ Yes       │ n.s.          │
│ SEQUENTIAL vs ULID           │    +2711.3% │   0.0090 │ No        │ No overlap    │
│ SEQUENTIAL vs ULID_MONOTONIC │       +3.3% │   0.9168 │ Yes       │ n.s.          │
│ SEQUENTIAL vs UUIDV1         │      +55.4% │   0.2506 │ Yes       │ n.s.          │
└──────────────────────────────┴─────────────┴──────────┴───────────┴───────────────┘

Cache Hit Ratio
┌────────────────┬──────────┬──────────┬──────────┬──────────┬──────────┬─────────┐
│ Key Type       │ Median   │ Mean     │ StdDev   │ Min      │ Max      │ CV %    │
├────────────────┼──────────┼──────────┼──────────┼──────────┼──────────┼─────────┤
│ SEQUENTIAL     │   0.9995 │   0.9995 │   0.0000 │   0.9995 │   0.9995 │     0.0 │
│ UUIDV4         │   0.9995 │   0.9995 │   0.0000 │   0.9995 │   0.9995 │     0.0 │
│ UUIDV7         │   0.9994 │   0.9994 │   0.0000 │   0.9994 │   0.9995 │     0.0 │
│ ULID           │   0.9995 │   0.9995 │   0.0000 │   0.9995 │   0.9995 │     0.0 │
│ ULID_MONOTONIC │   0.9994 │   0.9994 │   0.0000 │   0.9994 │   0.9995 │     0.0 │
│ UUIDV1         │   0.9988 │   0.9988 │   0.0000 │   0.9987 │   0.9989 │     0.0 │
└────────────────┴──────────┴──────────┴──────────┴──────────┴──────────┴─────────┘

Statistical Comparisons (vs SEQUENTIAL):
┌──────────────────────────────┬─────────────┬──────────┬───────────┬───────────────┐
│ Comparison                   │ Median Diff │ p-value  │ Overlap?  │ Significant?  │
├──────────────────────────────┼─────────────┼──────────┼───────────┼───────────────┤
│ SEQUENTIAL vs UUIDV4         │       -0.0% │   0.0090 │ No        │ No overlap    │
│ SEQUENTIAL vs UUIDV7         │       -0.0% │   0.0090 │ No        │ No overlap    │
│ SEQUENTIAL vs ULID           │       -0.0% │   0.1745 │ Yes       │ n.s.          │
│ SEQUENTIAL vs ULID_MONOTONIC │       -0.0% │   0.0090 │ No        │ No overlap    │
│ SEQUENTIAL vs UUIDV1         │       -0.1% │   0.0090 │ No        │ No overlap    │
└──────────────────────────────┴─────────────┴──────────┴───────────┴───────────────┘

Index Hit Ratio
┌────────────────┬──────────┬──────────┬──────────┬──────────┬──────────┬─────────┐
│ Key Type       │ Median   │ Mean     │ StdDev   │ Min      │ Max      │ CV %    │
├────────────────┼──────────┼──────────┼──────────┼──────────┼──────────┼─────────┤
│ SEQUENTIAL     │   0.9995 │   0.9995 │   0.0000 │   0.9995 │   0.9995 │     0.0 │
│ UUIDV4         │   0.9995 │   0.9995 │   0.0000 │   0.9995 │   0.9995 │     0.0 │
│ UUIDV7         │   0.9994 │   0.9994 │   0.0000 │   0.9994 │   0.9995 │     0.0 │
│ ULID           │   0.9995 │   0.9995 │   0.0000 │   0.9995 │   0.9995 │     0.0 │
│ ULID_MONOTONIC │   0.9994 │   0.9994 │   0.0000 │   0.9994 │   0.9995 │     0.0 │
│ UUIDV1         │   0.9988 │   0.9988 │   0.0000 │   0.9987 │   0.9989 │     0.0 │
└────────────────┴──────────┴──────────┴──────────┴──────────┴──────────┴─────────┘

Statistical Comparisons (vs SEQUENTIAL):
┌──────────────────────────────┬─────────────┬──────────┬───────────┬───────────────┐
│ Comparison                   │ Median Diff │ p-value  │ Overlap?  │ Significant?  │
├──────────────────────────────┼─────────────┼──────────┼───────────┼───────────────┤
│ SEQUENTIAL vs UUIDV4         │       -0.0% │   0.0090 │ No        │ No overlap    │
│ SEQUENTIAL vs UUIDV7         │       -0.0% │   0.0090 │ No        │ No overlap    │
│ SEQUENTIAL vs ULID           │       -0.0% │   0.1745 │ Yes       │ n.s.          │
│ SEQUENTIAL vs ULID_MONOTONIC │       -0.0% │   0.0090 │ No        │ No overlap    │
│ SEQUENTIAL vs UUIDV1         │       -0.1% │   0.0090 │ No        │ No overlap    │
└──────────────────────────────┴─────────────┴──────────┴───────────┴───────────────┘

Table Size (MB)
┌────────────────┬──────────┬──────────┬──────────┬──────────┬──────────┬─────────┐
│ Key Type       │ Median   │ Mean     │ StdDev   │ Min      │ Max      │ CV %    │
├────────────────┼──────────┼──────────┼──────────┼──────────┼──────────┼─────────┤
│ SEQUENTIAL     │    473.0 │    476.0 │     10.0 │    466.0 │    488.0 │     2.1 │
│ UUIDV4         │    650.9 │    643.9 │     13.3 │    620.9 │    651.9 │     2.1 │
│ UUIDV7         │    458.0 │    447.0 │     18.3 │    420.0 │    461.0 │     4.1 │
│ ULID           │    688.0 │    677.6 │     19.4 │    656.0 │    694.0 │     2.9 │
│ ULID_MONOTONIC │    439.0 │    441.0 │     20.1 │    411.0 │    460.0 │     4.6 │
│ UUIDV1         │     84.7 │     84.1 │      5.6 │     74.7 │     88.7 │     6.6 │
└────────────────┴──────────┴──────────┴──────────┴──────────┴──────────┴─────────┘

Statistical Comparisons (vs SEQUENTIAL):
┌──────────────────────────────┬─────────────┬──────────┬───────────┬───────────────┐
│ Comparison                   │ Median Diff │ p-value  │ Overlap?  │ Significant?  │
├──────────────────────────────┼─────────────┼──────────┼───────────┼───────────────┤
│ SEQUENTIAL vs UUIDV4         │      +37.6% │   0.0090 │ No        │ No overlap    │
│ SEQUENTIAL vs UUIDV7         │       -3.2% │   0.0090 │ No        │ No overlap    │
│ SEQUENTIAL vs ULID           │      +45.5% │   0.0090 │ No        │ No overlap    │
│ SEQUENTIAL vs ULID_MONOTONIC │       -7.2% │   0.0090 │ No        │ No overlap    │
│ SEQUENTIAL vs UUIDV1         │      -82.1% │   0.0090 │ No        │ No overlap    │
└──────────────────────────────┴─────────────┴──────────┴───────────┴───────────────┘

Index Size (MB)
┌────────────────┬──────────┬──────────┬──────────┬──────────┬──────────┬─────────┐
│ Key Type       │ Median   │ Mean     │ StdDev   │ Min      │ Max      │ CV %    │
├────────────────┼──────────┼──────────┼──────────┼──────────┼──────────┼─────────┤
│ SEQUENTIAL     │    473.0 │    476.0 │     10.0 │    466.0 │    488.0 │     2.1 │
│ UUIDV4         │    650.9 │    643.9 │     13.3 │    620.9 │    651.9 │     2.1 │
│ UUIDV7         │    458.0 │    447.0 │     18.3 │    420.0 │    461.0 │     4.1 │
│ ULID           │    688.0 │    677.6 │     19.4 │    656.0 │    694.0 │     2.9 │
│ ULID_MONOTONIC │    439.0 │    441.0 │     20.1 │    411.0 │    460.0 │     4.6 │
│ UUIDV1         │     84.7 │     84.1 │      5.6 │     74.7 │     88.7 │     6.6 │
└────────────────┴──────────┴──────────┴──────────┴──────────┴──────────┴─────────┘

Statistical Comparisons (vs SEQUENTIAL):
┌──────────────────────────────┬─────────────┬──────────┬───────────┬───────────────┐
│ Comparison                   │ Median Diff │ p-value  │ Overlap?  │ Significant?  │
├──────────────────────────────┼─────────────┼──────────┼───────────┼───────────────┤
│ SEQUENTIAL vs UUIDV4         │      +37.6% │   0.0090 │ No        │ No overlap    │
│ SEQUENTIAL vs UUIDV7         │       -3.2% │   0.0090 │ No        │ No overlap    │
│ SEQUENTIAL vs ULID           │      +45.5% │   0.0090 │ No        │ No overlap    │
│ SEQUENTIAL vs ULID_MONOTONIC │       -7.2% │   0.0090 │ No        │ No overlap    │
│ SEQUENTIAL vs UUIDV1         │      -82.1% │   0.0090 │ No        │ No overlap    │
└──────────────────────────────┴─────────────┴──────────┴───────────┴───────────────┘

Latency P50 (µs)
┌────────────────┬──────────┬──────────┬──────────┬──────────┬──────────┬─────────┐
│ Key Type       │ Median   │ Mean     │ StdDev   │ Min      │ Max      │ CV %    │
├────────────────┼──────────┼──────────┼──────────┼──────────┼──────────┼─────────┤
│ SEQUENTIAL     │      104 │      106 │        3 │      104 │      110 │     2.5 │
│ UUIDV4         │       95 │       95 │        2 │       93 │       97 │     1.8 │
│ UUIDV7         │      104 │      103 │        4 │       99 │      108 │     3.7 │
│ ULID           │       99 │       98 │        2 │       95 │      100 │     2.0 │
│ ULID_MONOTONIC │      102 │      102 │        4 │       97 │      106 │     3.8 │
│ UUIDV1         │       65 │       65 │        0 │       65 │       66 │     0.7 │
└────────────────┴──────────┴──────────┴──────────┴──────────┴──────────┴─────────┘

Statistical Comparisons (vs SEQUENTIAL):
┌──────────────────────────────┬─────────────┬──────────┬───────────┬───────────────┐
│ Comparison                   │ Median Diff │ p-value  │ Overlap?  │ Significant?  │
├──────────────────────────────┼─────────────┼──────────┼───────────┼───────────────┤
│ SEQUENTIAL vs UUIDV4         │       -8.7% │   0.0090 │ No        │ No overlap    │
│ SEQUENTIAL vs UUIDV7         │       +0.0% │   0.4647 │ Yes       │ n.s.          │
│ SEQUENTIAL vs ULID           │       -4.8% │   0.0090 │ No        │ No overlap    │
│ SEQUENTIAL vs ULID_MONOTONIC │       -1.9% │   0.2506 │ Yes       │ n.s.          │
│ SEQUENTIAL vs UUIDV1         │      -37.5% │   0.0090 │ No        │ No overlap    │
└──────────────────────────────┴─────────────┴──────────┴───────────┴───────────────┘

Latency P95 (µs)
┌────────────────┬──────────┬──────────┬──────────┬──────────┬──────────┬─────────┐
│ Key Type       │ Median   │ Mean     │ StdDev   │ Min      │ Max      │ CV %    │
├────────────────┼──────────┼──────────┼──────────┼──────────┼──────────┼─────────┤
│ SEQUENTIAL     │     2347 │     2355 │       19 │     2347 │     2389 │     0.8 │
│ UUIDV4         │     2347 │     2364 │       49 │     2305 │     2433 │     2.1 │
│ UUIDV7         │     2347 │     2373 │       38 │     2347 │     2433 │     1.6 │
│ ULID           │     2347 │     2355 │       19 │     2347 │     2389 │     0.8 │
│ ULID_MONOTONIC │     2347 │     2347 │        0 │     2347 │     2347 │     0.0 │
│ UUIDV1         │     1579 │     1558 │       65 │     1443 │     1608 │     4.2 │
└────────────────┴──────────┴──────────┴──────────┴──────────┴──────────┴─────────┘

Statistical Comparisons (vs SEQUENTIAL):
┌──────────────────────────────┬─────────────┬──────────┬───────────┬───────────────┐
│ Comparison                   │ Median Diff │ p-value  │ Overlap?  │ Significant?  │
├──────────────────────────────┼─────────────┼──────────┼───────────┼───────────────┤
│ SEQUENTIAL vs UUIDV4         │       +0.0% │   0.8345 │ Yes       │ n.s.          │
│ SEQUENTIAL vs UUIDV7         │       +0.0% │   0.5309 │ Yes       │ n.s.          │
│ SEQUENTIAL vs ULID           │       +0.0% │   1.0000 │ Yes       │ n.s.          │
│ SEQUENTIAL vs ULID_MONOTONIC │       +0.0% │   0.6015 │ Yes       │ n.s.          │
│ SEQUENTIAL vs UUIDV1         │      -32.7% │   0.0090 │ No        │ No overlap    │
└──────────────────────────────┴─────────────┴──────────┴───────────┴───────────────┘

Latency P99 (µs)
┌────────────────┬──────────┬──────────┬──────────┬──────────┬──────────┬─────────┐
│ Key Type       │ Median   │ Mean     │ StdDev   │ Min      │ Max      │ CV %    │
├────────────────┼──────────┼──────────┼──────────┼──────────┼──────────┼─────────┤
│ SEQUENTIAL     │     2861 │     2861 │       36 │     2810 │     2913 │     1.3 │
│ UUIDV4         │     2861 │     3120 │      441 │     2810 │     3816 │    14.1 │
│ UUIDV7         │     2861 │     2997 │      276 │     2861 │     3488 │     9.2 │
│ ULID           │     2913 │     2959 │      162 │     2861 │     3245 │     5.5 │
│ ULID_MONOTONIC │     2861 │     2831 │       45 │     2760 │     2861 │     1.6 │
│ UUIDV1         │     2433 │     2400 │      111 │     2264 │     2522 │     4.6 │
└────────────────┴──────────┴──────────┴──────────┴──────────┴──────────┴─────────┘

Statistical Comparisons (vs SEQUENTIAL):
┌──────────────────────────────┬─────────────┬──────────┬───────────┬───────────────┐
│ Comparison                   │ Median Diff │ p-value  │ Overlap?  │ Significant?  │
├──────────────────────────────┼─────────────┼──────────┼───────────┼───────────────┤
│ SEQUENTIAL vs UUIDV4         │       +0.0% │   0.8345 │ Yes       │ n.s.          │
│ SEQUENTIAL vs UUIDV7         │       +0.0% │   0.3472 │ Yes       │ n.s.          │
│ SEQUENTIAL vs ULID           │       +1.8% │   0.1745 │ Yes       │ n.s.          │
│ SEQUENTIAL vs ULID_MONOTONIC │       +0.0% │   0.3472 │ Yes       │ n.s.          │
│ SEQUENTIAL vs UUIDV1         │      -15.0% │   0.0090 │ No        │ No overlap    │
└──────────────────────────────┴─────────────┴──────────┴───────────┴───────────────┘

Read IOPS
┌────────────────┬──────────┬──────────┬──────────┬──────────┬──────────┬─────────┐
│ Key Type       │ Median   │ Mean     │ StdDev   │ Min      │ Max      │ CV %    │
├────────────────┼──────────┼──────────┼──────────┼──────────┼──────────┼─────────┤
│ SEQUENTIAL     │       92 │       92 │        2 │       90 │       95 │     2.3 │
│ UUIDV4         │       95 │       94 │        2 │       90 │       95 │     2.3 │
│ UUIDV7         │      108 │      105 │        5 │       99 │      109 │     4.4 │
│ ULID           │      100 │       99 │        3 │       95 │      101 │     3.1 │
│ ULID_MONOTONIC │      103 │      104 │        5 │       97 │      109 │     4.9 │
│ UUIDV1         │       28 │       28 │        2 │       26 │       30 │     5.8 │
└────────────────┴──────────┴──────────┴──────────┴──────────┴──────────┴─────────┘

Statistical Comparisons (vs SEQUENTIAL):
┌──────────────────────────────┬─────────────┬──────────┬───────────┬───────────────┐
│ Comparison                   │ Median Diff │ p-value  │ Overlap?  │ Significant?  │
├──────────────────────────────┼─────────────┼──────────┼───────────┼───────────────┤
│ SEQUENTIAL vs UUIDV4         │       +3.4% │   0.2506 │ Yes       │ n.s.          │
│ SEQUENTIAL vs UUIDV7         │      +17.9% │   0.0090 │ No        │ No overlap    │
│ SEQUENTIAL vs ULID           │       +9.5% │   0.0090 │ No        │ No overlap    │
│ SEQUENTIAL vs ULID_MONOTONIC │      +12.4% │   0.0090 │ No        │ No overlap    │
│ SEQUENTIAL vs UUIDV1         │      -69.5% │   0.0090 │ No        │ No overlap    │
└──────────────────────────────┴─────────────┴──────────┴───────────┴───────────────┘

Write IOPS
┌────────────────┬──────────┬──────────┬──────────┬──────────┬──────────┬─────────┐
│ Key Type       │ Median   │ Mean     │ StdDev   │ Min      │ Max      │ CV %    │
├────────────────┼──────────┼──────────┼──────────┼──────────┼──────────┼─────────┤
│ SEQUENTIAL     │     7312 │     7301 │       39 │     7238 │     7337 │     0.5 │
│ UUIDV4         │     7549 │     7428 │      285 │     7111 │     7722 │     3.8 │
│ UUIDV7         │     7022 │     6986 │      142 │     6741 │     7110 │     2.0 │
│ ULID           │     7764 │     7651 │      290 │     7179 │     7878 │     3.8 │
│ ULID_MONOTONIC │     7086 │     7103 │       78 │     7028 │     7221 │     1.1 │
│ UUIDV1         │     4619 │     4661 │      156 │     4542 │     4929 │     3.3 │
└────────────────┴──────────┴──────────┴──────────┴──────────┴──────────┴─────────┘

Statistical Comparisons (vs SEQUENTIAL):
┌──────────────────────────────┬─────────────┬──────────┬───────────┬───────────────┐
│ Comparison                   │ Median Diff │ p-value  │ Overlap?  │ Significant?  │
├──────────────────────────────┼─────────────┼──────────┼───────────┼───────────────┤
│ SEQUENTIAL vs UUIDV4         │       +3.2% │   0.6015 │ Yes       │ n.s.          │
│ SEQUENTIAL vs UUIDV7         │       -4.0% │   0.0090 │ No        │ No overlap    │
│ SEQUENTIAL vs ULID           │       +6.2% │   0.1172 │ Yes       │ n.s.          │
│ SEQUENTIAL vs ULID_MONOTONIC │       -3.1% │   0.0090 │ No        │ No overlap    │
│ SEQUENTIAL vs UUIDV1         │      -36.8% │   0.0090 │ No        │ No overlap    │
└──────────────────────────────┴─────────────┴──────────┴───────────┴───────────────┘

Read Throughput (MB/s)
┌────────────────┬──────────┬──────────┬──────────┬──────────┬──────────┬─────────┐
│ Key Type       │ Median   │ Mean     │ StdDev   │ Min      │ Max      │ CV %    │
├────────────────┼──────────┼──────────┼──────────┼──────────┼──────────┼─────────┤
│ SEQUENTIAL     │      1.4 │      1.4 │      0.0 │      1.4 │      1.5 │     2.3 │
│ UUIDV4         │      1.5 │      1.5 │      0.0 │      1.4 │      1.5 │     2.3 │
│ UUIDV7         │      1.7 │      1.6 │      0.1 │      1.5 │      1.7 │     4.4 │
│ ULID           │      1.6 │      1.5 │      0.0 │      1.5 │      1.6 │     3.1 │
│ ULID_MONOTONIC │      1.6 │      1.6 │      0.1 │      1.5 │      1.7 │     4.9 │
│ UUIDV1         │      0.4 │      0.4 │      0.0 │      0.4 │      0.5 │     5.8 │
└────────────────┴──────────┴──────────┴──────────┴──────────┴──────────┴─────────┘

Statistical Comparisons (vs SEQUENTIAL):
┌──────────────────────────────┬─────────────┬──────────┬───────────┬───────────────┐
│ Comparison                   │ Median Diff │ p-value  │ Overlap?  │ Significant?  │
├──────────────────────────────┼─────────────┼──────────┼───────────┼───────────────┤
│ SEQUENTIAL vs UUIDV4         │       +3.4% │   0.2506 │ Yes       │ n.s.          │
│ SEQUENTIAL vs UUIDV7         │      +17.9% │   0.0090 │ No        │ No overlap    │
│ SEQUENTIAL vs ULID           │       +9.5% │   0.0090 │ No        │ No overlap    │
│ SEQUENTIAL vs ULID_MONOTONIC │      +12.4% │   0.0090 │ No        │ No overlap    │
│ SEQUENTIAL vs UUIDV1         │      -69.5% │   0.0090 │ No        │ No overlap    │
└──────────────────────────────┴─────────────┴──────────┴───────────┴───────────────┘

Write Throughput (MB/s)
┌────────────────┬──────────┬──────────┬──────────┬──────────┬──────────┬─────────┐
│ Key Type       │ Median   │ Mean     │ StdDev   │ Min      │ Max      │ CV %    │
├────────────────┼──────────┼──────────┼──────────┼──────────┼──────────┼─────────┤
│ SEQUENTIAL     │     65.2 │     65.3 │      0.5 │     64.7 │     65.8 │     0.8 │
│ UUIDV4         │     71.7 │     72.8 │      2.2 │     70.7 │     76.1 │     3.0 │
│ UUIDV7         │     62.7 │     63.2 │      1.2 │     62.1 │     65.0 │     1.8 │
│ ULID           │     78.8 │     76.5 │      3.8 │     71.5 │     79.5 │     4.9 │
│ ULID_MONOTONIC │     62.8 │     63.3 │      0.9 │     62.6 │     64.5 │     1.4 │
│ UUIDV1         │     21.9 │     22.3 │      0.7 │     21.8 │     23.5 │     3.2 │
└────────────────┴──────────┴──────────┴──────────┴──────────┴──────────┴─────────┘

Statistical Comparisons (vs SEQUENTIAL):
┌──────────────────────────────┬─────────────┬──────────┬───────────┬───────────────┐
│ Comparison                   │ Median Diff │ p-value  │ Overlap?  │ Significant?  │
├──────────────────────────────┼─────────────┼──────────┼───────────┼───────────────┤
│ SEQUENTIAL vs UUIDV4         │      +10.0% │   0.0090 │ No        │ No overlap    │
│ SEQUENTIAL vs UUIDV7         │       -3.8% │   0.0283 │ Yes       │ * (p<0.05)    │
│ SEQUENTIAL vs ULID           │      +20.9% │   0.0090 │ No        │ No overlap    │
│ SEQUENTIAL vs ULID_MONOTONIC │       -3.7% │   0.0090 │ No        │ No overlap    │
│ SEQUENTIAL vs UUIDV1         │      -66.4% │   0.0090 │ No        │ No overlap    │
└──────────────────────────────┴─────────────┴──────────┴───────────┴───────────────┘

====================================================================================================
ALL SCENARIOS COMPLETED IN 1h9m7s
====================================================================================================

Exporting results to CSV...
  Statistical summary: /home/eike/dev/studium/uuid-benchmark/results/mysql_1m_all_8conn.csv
  Raw runs data: /home/eike/dev/studium/uuid-benchmark/results/mysql_1m_all_8conn_raw.csv

All scenarios completed successfully!
