UUID Benchmark - PostgreSQL
======================================================================
Database:     PostgreSQL
Scenario:     all
Records:      1000000
Batch Size:   100
Runs:         5 (statistical mode)
Testing:      [sequential uuidv4 uuidv7 ulid ulid_monotonic uuidv1]
======================================================================


====================================================================================================
RUNNING ALL SCENARIOS - COMPREHENSIVE BENCHMARK SUITE
====================================================================================================


[1/5] INSERT PERFORMANCE
====================================================================================================

Testing SEQUENTIAL (5 runs)
----------------------------------------------------------------------
  Run 1/5... Starting fresh PostgreSQL container...
Waiting for PostgreSQL to initialize...
Container ready
Inserting 1000000 records (connections=1, batch=100)...
Inserted 1000000 records in 5m8.952240674s
Throughput: 3240.37 records/sec
Measuring metrics...

Cleaning up container...
Container stopped and removed
done
  Run 2/5... Starting fresh PostgreSQL container...
Waiting for PostgreSQL to initialize...
Container ready
Inserting 1000000 records (connections=1, batch=100)...
Inserted 1000000 records in 5m15.97362749s
Throughput: 3168.26 records/sec
Measuring metrics...

Cleaning up container...
Container stopped and removed
done
  Run 3/5... Starting fresh PostgreSQL container...
Waiting for PostgreSQL to initialize...
Container ready
Inserting 1000000 records (connections=1, batch=100)...
Inserted 1000000 records in 5m7.318751563s
Throughput: 3257.39 records/sec
Measuring metrics...

Cleaning up container...
Container stopped and removed
done
  Run 4/5... Starting fresh PostgreSQL container...
Waiting for PostgreSQL to initialize...
Container ready
Inserting 1000000 records (connections=1, batch=100)...
Inserted 1000000 records in 5m6.573573194s
Throughput: 3265.44 records/sec
Measuring metrics...

Cleaning up container...
Container stopped and removed
done
  Run 5/5... Starting fresh PostgreSQL container...
Waiting for PostgreSQL to initialize...
Container ready
Inserting 1000000 records (connections=1, batch=100)...
Inserted 1000000 records in 5m7.626603806s
Throughput: 3254.21 records/sec
Measuring metrics...

Cleaning up container...
Container stopped and removed
done

Testing UUIDV4 (5 runs)
----------------------------------------------------------------------
  Run 1/5... Starting fresh PostgreSQL container...
Waiting for PostgreSQL to initialize...
Container ready
Inserting 1000000 records (connections=1, batch=100)...
Inserted 1000000 records in 5m7.447763025s
Throughput: 3255.97 records/sec
Measuring metrics...

Cleaning up container...
Container stopped and removed
done
  Run 2/5... Starting fresh PostgreSQL container...
Waiting for PostgreSQL to initialize...
Container ready
Inserting 1000000 records (connections=1, batch=100)...
Inserted 1000000 records in 5m5.513058982s
Throughput: 3276.86 records/sec
Measuring metrics...

Cleaning up container...
Container stopped and removed
done
  Run 3/5... Starting fresh PostgreSQL container...
Waiting for PostgreSQL to initialize...
Container ready
Inserting 1000000 records (connections=1, batch=100)...
Inserted 1000000 records in 5m5.064596377s
Throughput: 3281.60 records/sec
Measuring metrics...

Cleaning up container...
Container stopped and removed
done
  Run 4/5... Starting fresh PostgreSQL container...
Waiting for PostgreSQL to initialize...
Container ready
Inserting 1000000 records (connections=1, batch=100)...
Inserted 1000000 records in 5m5.95837053s
Throughput: 3272.05 records/sec
Measuring metrics...

Cleaning up container...
Container stopped and removed
done
  Run 5/5... Starting fresh PostgreSQL container...
Waiting for PostgreSQL to initialize...
Container ready
Inserting 1000000 records (connections=1, batch=100)...
Inserted 1000000 records in 5m6.364345902s
Throughput: 3267.49 records/sec
Measuring metrics...

Cleaning up container...
Container stopped and removed
done

Testing UUIDV7 (5 runs)
----------------------------------------------------------------------
  Run 1/5... Starting fresh PostgreSQL container...
Waiting for PostgreSQL to initialize...
Container ready
Inserting 1000000 records (connections=1, batch=100)...
Inserted 1000000 records in 5m12.946381531s
Throughput: 3198.90 records/sec
Measuring metrics...

Cleaning up container...
Container stopped and removed
done
  Run 2/5... Starting fresh PostgreSQL container...
Waiting for PostgreSQL to initialize...
Container ready
Inserting 1000000 records (connections=1, batch=100)...
Inserted 1000000 records in 5m13.388726545s
Throughput: 3194.33 records/sec
Measuring metrics...

Cleaning up container...
Container stopped and removed
done
  Run 3/5... Starting fresh PostgreSQL container...
Waiting for PostgreSQL to initialize...
Container ready
Inserting 1000000 records (connections=1, batch=100)...
Inserted 1000000 records in 5m13.465560508s
Throughput: 3193.53 records/sec
Measuring metrics...

Cleaning up container...
Container stopped and removed
done
  Run 4/5... Starting fresh PostgreSQL container...
Waiting for PostgreSQL to initialize...
Container ready
Inserting 1000000 records (connections=1, batch=100)...
Inserted 1000000 records in 5m19.265033362s
Throughput: 3135.47 records/sec
Measuring metrics...

Cleaning up container...
Container stopped and removed
done
  Run 5/5... Starting fresh PostgreSQL container...
Waiting for PostgreSQL to initialize...
Container ready
Inserting 1000000 records (connections=1, batch=100)...
Inserted 1000000 records in 5m14.227931654s
Throughput: 3185.75 records/sec
Measuring metrics...

Cleaning up container...
Container stopped and removed
done

Testing ULID (5 runs)
----------------------------------------------------------------------
  Run 1/5... Starting fresh PostgreSQL container...
Waiting for PostgreSQL to initialize...
Container ready
Inserting 1000000 records (connections=1, batch=100)...
Inserted 1000000 records in 5m11.333525751s
Throughput: 3215.21 records/sec
Measuring metrics...

Cleaning up container...
Container stopped and removed
done
  Run 2/5... Starting fresh PostgreSQL container...
Waiting for PostgreSQL to initialize...
Container ready
Inserting 1000000 records (connections=1, batch=100)...
Inserted 1000000 records in 5m9.754005218s
Throughput: 3232.05 records/sec
Measuring metrics...

Cleaning up container...
Container stopped and removed
done
  Run 3/5... Starting fresh PostgreSQL container...
Waiting for PostgreSQL to initialize...
Container ready
Inserting 1000000 records (connections=1, batch=100)...
Inserted 1000000 records in 5m11.905629921s
Throughput: 3209.68 records/sec
Measuring metrics...

Cleaning up container...
Container stopped and removed
done
  Run 4/5... Starting fresh PostgreSQL container...
Waiting for PostgreSQL to initialize...
Container ready
Inserting 1000000 records (connections=1, batch=100)...
Inserted 1000000 records in 5m8.331226238s
Throughput: 3246.65 records/sec
Measuring metrics...

Cleaning up container...
Container stopped and removed
done
  Run 5/5... Starting fresh PostgreSQL container...
Waiting for PostgreSQL to initialize...
Container ready
Inserting 1000000 records (connections=1, batch=100)...
Inserted 1000000 records in 5m6.070663809s
Throughput: 3270.86 records/sec
Measuring metrics...

Cleaning up container...
Container stopped and removed
done

Testing ULID_MONOTONIC (5 runs)
----------------------------------------------------------------------
  Run 1/5... Starting fresh PostgreSQL container...
Waiting for PostgreSQL to initialize...
Container ready
Inserting 1000000 records (connections=1, batch=100)...
Inserted 1000000 records in 5m8.344133384s
Throughput: 3246.49 records/sec
Measuring metrics...

Cleaning up container...
Container stopped and removed
done
  Run 2/5... Starting fresh PostgreSQL container...
Waiting for PostgreSQL to initialize...
Container ready
Inserting 1000000 records (connections=1, batch=100)...
Inserted 1000000 records in 5m6.433165982s
Throughput: 3266.70 records/sec
Measuring metrics...

Cleaning up container...
Container stopped and removed
done
  Run 3/5... Starting fresh PostgreSQL container...
Waiting for PostgreSQL to initialize...
Container ready
Inserting 1000000 records (connections=1, batch=100)...
Inserted 1000000 records in 5m19.296998482s
Throughput: 3135.05 records/sec
Measuring metrics...

Cleaning up container...
Container stopped and removed
done
  Run 4/5... Starting fresh PostgreSQL container...
Waiting for PostgreSQL to initialize...
Container ready
Inserting 1000000 records (connections=1, batch=100)...
Inserted 1000000 records in 5m3.985829155s
Throughput: 3293.23 records/sec
Measuring metrics...

Cleaning up container...
Container stopped and removed
done
  Run 5/5... Starting fresh PostgreSQL container...
Waiting for PostgreSQL to initialize...
Container ready
Inserting 1000000 records (connections=1, batch=100)...
Inserted 1000000 records in 5m7.903434845s
Throughput: 3251.15 records/sec
Measuring metrics...

Cleaning up container...
Container stopped and removed
done

Testing UUIDV1 (5 runs)
----------------------------------------------------------------------
  Run 1/5... Starting fresh PostgreSQL container...
Waiting for PostgreSQL to initialize...
Container ready
Inserting 1000000 records (connections=1, batch=100)...
Inserted 1000000 records in 4m44.197434531s
Throughput: 3522.91 records/sec
Measuring metrics...

Cleaning up container...
Container stopped and removed
done
  Run 2/5... Starting fresh PostgreSQL container...
Waiting for PostgreSQL to initialize...
Container ready
Inserting 1000000 records (connections=1, batch=100)...
Inserted 1000000 records in 4m24.16982796s
Throughput: 3790.35 records/sec
Measuring metrics...

Cleaning up container...
Container stopped and removed
done
  Run 3/5... Starting fresh PostgreSQL container...
Waiting for PostgreSQL to initialize...
Container ready
Inserting 1000000 records (connections=1, batch=100)...
Inserted 1000000 records in 4m28.718256125s
Throughput: 3725.97 records/sec
Measuring metrics...

Cleaning up container...
Container stopped and removed
done
  Run 4/5... Starting fresh PostgreSQL container...
Waiting for PostgreSQL to initialize...
Container ready
Inserting 1000000 records (connections=1, batch=100)...
Inserted 1000000 records in 4m24.264801955s
Throughput: 3788.80 records/sec
Measuring metrics...

Cleaning up container...
Container stopped and removed
done
  Run 5/5... Starting fresh PostgreSQL container...
Waiting for PostgreSQL to initialize...
Container ready
Inserting 1000000 records (connections=1, batch=100)...
Inserted 1000000 records in 4m18.500794002s
Throughput: 3873.23 records/sec
Measuring metrics...

Cleaning up container...
Container stopped and removed
done

====================================================================================================
Insert Performance - Statistical Summary (5 runs per UUID type)
====================================================================================================

Throughput (records/sec)
┌────────────────┬──────────┬──────────┬──────────┬──────────┬──────────┬─────────┐
│ Key Type       │ Median   │ Mean     │ StdDev   │ Min      │ Max      │ CV %    │
├────────────────┼──────────┼──────────┼──────────┼──────────┼──────────┼─────────┤
│ SEQUENTIAL     │     3254 │     3237 │       40 │     3168 │     3265 │     1.2 │
│ UUIDV4         │     3272 │     3271 │       10 │     3256 │     3282 │     0.3 │
│ UUIDV7         │     3194 │     3182 │       26 │     3135 │     3199 │     0.8 │
│ ULID           │     3232 │     3235 │       25 │     3210 │     3271 │     0.8 │
│ ULID_MONOTONIC │     3251 │     3239 │       61 │     3135 │     3293 │     1.9 │
│ UUIDV1         │     3789 │     3740 │      132 │     3523 │     3873 │     3.5 │
└────────────────┴──────────┴──────────┴──────────┴──────────┴──────────┴─────────┘

Statistical Comparisons (vs SEQUENTIAL):
┌──────────────────────────────┬─────────────┬──────────┬───────────┬───────────────┐
│ Comparison                   │ Median Diff │ p-value  │ Overlap?  │ Significant?  │
├──────────────────────────────┼─────────────┼──────────┼───────────┼───────────────┤
│ SEQUENTIAL vs UUIDV4         │       +0.5% │   0.0283 │ Yes       │ * (p<0.05)    │
│ SEQUENTIAL vs UUIDV7         │       -1.9% │   0.0758 │ Yes       │ n.s.          │
│ SEQUENTIAL vs ULID           │       -0.7% │   0.6015 │ Yes       │ n.s.          │
│ SEQUENTIAL vs ULID_MONOTONIC │       -0.1% │   0.7540 │ Yes       │ n.s.          │
│ SEQUENTIAL vs UUIDV1         │      +16.4% │   0.0090 │ No        │ No overlap    │
└──────────────────────────────┴─────────────┴──────────┴───────────┴───────────────┘

Page Splits
┌────────────────┬──────────┬──────────┬──────────┬──────────┬──────────┬─────────┐
│ Key Type       │ Median   │ Mean     │ StdDev   │ Min      │ Max      │ CV %    │
├────────────────┼──────────┼──────────┼──────────┼──────────┼──────────┼─────────┤
│ SEQUENTIAL     │     2741 │     2741 │        0 │     2741 │     2741 │     0.0 │
│ UUIDV4         │     4870 │     4864 │       19 │     4841 │     4883 │     0.4 │
│ UUIDV7         │     3849 │     3849 │        0 │     3849 │     3849 │     0.0 │
│ ULID           │     4955 │     4955 │        0 │     4955 │     4955 │     0.0 │
│ ULID_MONOTONIC │     4955 │     4955 │        0 │     4955 │     4955 │     0.0 │
│ UUIDV1         │     4610 │     4895 │     1146 │     3849 │     6371 │    23.4 │
└────────────────┴──────────┴──────────┴──────────┴──────────┴──────────┴─────────┘

Statistical Comparisons (vs SEQUENTIAL):
┌──────────────────────────────┬─────────────┬──────────┬───────────┬───────────────┐
│ Comparison                   │ Median Diff │ p-value  │ Overlap?  │ Significant?  │
├──────────────────────────────┼─────────────┼──────────┼───────────┼───────────────┤
│ SEQUENTIAL vs UUIDV4         │      +77.7% │   0.0090 │ No        │ No overlap    │
│ SEQUENTIAL vs UUIDV7         │      +40.4% │   0.0090 │ No        │ No overlap    │
│ SEQUENTIAL vs ULID           │      +80.8% │   0.0090 │ No        │ No overlap    │
│ SEQUENTIAL vs ULID_MONOTONIC │      +80.8% │   0.0090 │ No        │ No overlap    │
│ SEQUENTIAL vs UUIDV1         │      +68.2% │   0.0090 │ No        │ No overlap    │
└──────────────────────────────┴─────────────┴──────────┴───────────┴───────────────┘

Leaf Fragmentation (%)
┌────────────────┬──────────┬──────────┬──────────┬──────────┬──────────┬─────────┐
│ Key Type       │ Median   │ Mean     │ StdDev   │ Min      │ Max      │ CV %    │
├────────────────┼──────────┼──────────┼──────────┼──────────┼──────────┼─────────┤
│ SEQUENTIAL     │     0.00 │     0.00 │     0.00 │     0.00 │     0.00 │     0.0 │
│ UUIDV4         │    49.89 │    49.90 │     0.08 │    49.81 │    49.99 │     0.2 │
│ UUIDV7         │     0.00 │     0.00 │     0.00 │     0.00 │     0.00 │     0.0 │
│ ULID           │     0.00 │     0.00 │     0.00 │     0.00 │     0.00 │     0.0 │
│ ULID_MONOTONIC │     0.00 │     0.00 │     0.00 │     0.00 │     0.00 │     0.0 │
│ UUIDV1         │     0.03 │     0.02 │     0.02 │     0.00 │     0.04 │    93.5 │
└────────────────┴──────────┴──────────┴──────────┴──────────┴──────────┴─────────┘

Statistical Comparisons (vs SEQUENTIAL):
┌──────────────────────────────┬─────────────┬──────────┬───────────┬───────────────┐
│ Comparison                   │ Median Diff │ p-value  │ Overlap?  │ Significant?  │
├──────────────────────────────┼─────────────┼──────────┼───────────┼───────────────┤
│ SEQUENTIAL vs UUIDV4         │       +0.0% │   0.0090 │ No        │ No overlap    │
│ SEQUENTIAL vs UUIDV7         │       +0.0% │   1.0000 │ Yes       │ n.s.          │
│ SEQUENTIAL vs ULID           │       +0.0% │   1.0000 │ Yes       │ n.s.          │
│ SEQUENTIAL vs ULID_MONOTONIC │       +0.0% │   1.0000 │ Yes       │ n.s.          │
│ SEQUENTIAL vs UUIDV1         │       +0.0% │   0.1172 │ Yes       │ n.s.          │
└──────────────────────────────┴─────────────┴──────────┴───────────┴───────────────┘

Avg Leaf Density (%)
┌────────────────┬──────────┬──────────┬──────────┬──────────┬──────────┬─────────┐
│ Key Type       │ Median   │ Mean     │ StdDev   │ Min      │ Max      │ CV %    │
├────────────────┼──────────┼──────────┼──────────┼──────────┼──────────┼─────────┤
│ SEQUENTIAL     │    90.01 │    90.01 │     0.00 │    90.01 │    90.01 │     0.0 │
│ UUIDV4         │    71.18 │    71.27 │     0.27 │    70.99 │    71.60 │     0.4 │
│ UUIDV7         │    89.98 │    89.98 │     0.00 │    89.98 │    89.98 │     0.0 │
│ ULID           │    90.09 │    90.09 │     0.00 │    90.09 │    90.09 │     0.0 │
│ ULID_MONOTONIC │    90.09 │    90.09 │     0.00 │    90.09 │    90.09 │     0.0 │
│ UUIDV1         │    75.24 │    73.96 │    16.47 │    54.60 │    89.98 │    22.3 │
└────────────────┴──────────┴──────────┴──────────┴──────────┴──────────┴─────────┘

Statistical Comparisons (vs SEQUENTIAL):
┌──────────────────────────────┬─────────────┬──────────┬───────────┬───────────────┐
│ Comparison                   │ Median Diff │ p-value  │ Overlap?  │ Significant?  │
├──────────────────────────────┼─────────────┼──────────┼───────────┼───────────────┤
│ SEQUENTIAL vs UUIDV4         │      -20.9% │   0.0090 │ No        │ No overlap    │
│ SEQUENTIAL vs UUIDV7         │       -0.0% │   0.0090 │ No        │ No overlap    │
│ SEQUENTIAL vs ULID           │       +0.1% │   0.0090 │ No        │ No overlap    │
│ SEQUENTIAL vs ULID_MONOTONIC │       +0.1% │   0.0090 │ No        │ No overlap    │
│ SEQUENTIAL vs UUIDV1         │      -16.4% │   0.0090 │ No        │ No overlap    │
└──────────────────────────────┴─────────────┴──────────┴───────────┴───────────────┘

Table Size (MB)
┌────────────────┬──────────┬──────────┬──────────┬──────────┬──────────┬─────────┐
│ Key Type       │ Median   │ Mean     │ StdDev   │ Min      │ Max      │ CV %    │
├────────────────┼──────────┼──────────┼──────────┼──────────┼──────────┼─────────┤
│ SEQUENTIAL     │   1116.4 │   1116.4 │      0.0 │   1116.4 │   1116.4 │     0.0 │
│ UUIDV4         │   1116.4 │   1116.4 │      0.0 │   1116.4 │   1116.4 │     0.0 │
│ UUIDV7         │   1116.4 │   1116.4 │      0.0 │   1116.4 │   1116.4 │     0.0 │
│ ULID           │   1116.4 │   1116.4 │      0.0 │   1116.4 │   1116.4 │     0.0 │
│ ULID_MONOTONIC │   1116.4 │   1116.4 │      0.0 │   1116.4 │   1116.4 │     0.0 │
│ UUIDV1         │   1116.4 │   1116.4 │      0.0 │   1116.4 │   1116.4 │     0.0 │
└────────────────┴──────────┴──────────┴──────────┴──────────┴──────────┴─────────┘

Statistical Comparisons (vs SEQUENTIAL):
┌──────────────────────────────┬─────────────┬──────────┬───────────┬───────────────┐
│ Comparison                   │ Median Diff │ p-value  │ Overlap?  │ Significant?  │
├──────────────────────────────┼─────────────┼──────────┼───────────┼───────────────┤
│ SEQUENTIAL vs UUIDV4         │       +0.0% │   0.1172 │ Yes       │ n.s.          │
│ SEQUENTIAL vs UUIDV7         │       +0.0% │   0.6015 │ Yes       │ n.s.          │
│ SEQUENTIAL vs ULID           │       +0.0% │   1.0000 │ Yes       │ n.s.          │
│ SEQUENTIAL vs ULID_MONOTONIC │       +0.0% │   0.6015 │ Yes       │ n.s.          │
│ SEQUENTIAL vs UUIDV1         │       +0.0% │   1.0000 │ Yes       │ n.s.          │
└──────────────────────────────┴─────────────┴──────────┴───────────┴───────────────┘

Index Size (MB)
┌────────────────┬──────────┬──────────┬──────────┬──────────┬──────────┬─────────┐
│ Key Type       │ Median   │ Mean     │ StdDev   │ Min      │ Max      │ CV %    │
├────────────────┼──────────┼──────────┼──────────┼──────────┼──────────┼─────────┤
│ SEQUENTIAL     │     21.4 │     21.4 │      0.0 │     21.4 │     21.4 │     0.0 │
│ UUIDV4         │     38.1 │     38.0 │      0.1 │     37.9 │     38.2 │     0.4 │
│ UUIDV7         │     30.1 │     30.1 │      0.0 │     30.1 │     30.1 │     0.0 │
│ ULID           │     38.7 │     38.7 │      0.0 │     38.7 │     38.7 │     0.0 │
│ ULID_MONOTONIC │     38.7 │     38.7 │      0.0 │     38.7 │     38.7 │     0.0 │
│ UUIDV1         │     36.0 │     38.3 │      9.0 │     30.1 │     49.8 │    23.4 │
└────────────────┴──────────┴──────────┴──────────┴──────────┴──────────┴─────────┘

Statistical Comparisons (vs SEQUENTIAL):
┌──────────────────────────────┬─────────────┬──────────┬───────────┬───────────────┐
│ Comparison                   │ Median Diff │ p-value  │ Overlap?  │ Significant?  │
├──────────────────────────────┼─────────────┼──────────┼───────────┼───────────────┤
│ SEQUENTIAL vs UUIDV4         │      +77.6% │   0.0090 │ No        │ No overlap    │
│ SEQUENTIAL vs UUIDV7         │      +40.4% │   0.0090 │ No        │ No overlap    │
│ SEQUENTIAL vs ULID           │      +80.7% │   0.0090 │ No        │ No overlap    │
│ SEQUENTIAL vs ULID_MONOTONIC │      +80.7% │   0.0090 │ No        │ No overlap    │
│ SEQUENTIAL vs UUIDV1         │      +68.1% │   0.0090 │ No        │ No overlap    │
└──────────────────────────────┴─────────────┴──────────┴───────────┴───────────────┘

Latency P99 (µs)
┌────────────────┬──────────┬──────────┬──────────┬──────────┬──────────┬─────────┐
│ Key Type       │ Median   │ Mean     │ StdDev   │ Min      │ Max      │ CV %    │
├────────────────┼──────────┼──────────┼──────────┼──────────┼──────────┼─────────┤
│ SEQUENTIAL     │   108993 │   111764 │     8017 │   105954 │   125911 │     7.2 │
│ UUIDV4         │   108970 │   107720 │     4759 │   102220 │   114199 │     4.4 │
│ UUIDV7         │   108466 │   106238 │     3841 │   100708 │   109369 │     3.6 │
│ ULID           │   100756 │   100406 │      923 │    98783 │   101020 │     0.9 │
│ ULID_MONOTONIC │   101550 │   102446 │     2788 │   100551 │   107279 │     2.7 │
│ UUIDV1         │   102630 │   102836 │     2222 │   100642 │   106402 │     2.2 │
└────────────────┴──────────┴──────────┴──────────┴──────────┴──────────┴─────────┘

Statistical Comparisons (vs SEQUENTIAL):
┌──────────────────────────────┬─────────────┬──────────┬───────────┬───────────────┐
│ Comparison                   │ Median Diff │ p-value  │ Overlap?  │ Significant?  │
├──────────────────────────────┼─────────────┼──────────┼───────────┼───────────────┤
│ SEQUENTIAL vs UUIDV4         │       -0.0% │   0.6015 │ Yes       │ n.s.          │
│ SEQUENTIAL vs UUIDV7         │       -0.5% │   0.1745 │ Yes       │ n.s.          │
│ SEQUENTIAL vs ULID           │       -7.6% │   0.0090 │ No        │ No overlap    │
│ SEQUENTIAL vs ULID_MONOTONIC │       -6.8% │   0.0163 │ Yes       │ * (p<0.05)    │
│ SEQUENTIAL vs UUIDV1         │       -5.8% │   0.0163 │ Yes       │ * (p<0.05)    │
└──────────────────────────────┴─────────────┴──────────┴───────────┴───────────────┘

Write IOPS
┌────────────────┬──────────┬──────────┬──────────┬──────────┬──────────┬─────────┐
│ Key Type       │ Median   │ Mean     │ StdDev   │ Min      │ Max      │ CV %    │
├────────────────┼──────────┼──────────┼──────────┼──────────┼──────────┼─────────┤
│ SEQUENTIAL     │       77 │       84 │       14 │       76 │      109 │    17.1 │
│ UUIDV4         │       92 │       91 │        3 │       87 │       93 │     3.0 │
│ UUIDV7         │       80 │       80 │        2 │       79 │       83 │     1.9 │
│ ULID           │       76 │       76 │        2 │       74 │       79 │     2.6 │
│ ULID_MONOTONIC │       75 │       75 │        2 │       72 │       78 │     2.9 │
│ UUIDV1         │       99 │       94 │       16 │       75 │      113 │    17.0 │
└────────────────┴──────────┴──────────┴──────────┴──────────┴──────────┴─────────┘

Statistical Comparisons (vs SEQUENTIAL):
┌──────────────────────────────┬─────────────┬──────────┬───────────┬───────────────┐
│ Comparison                   │ Median Diff │ p-value  │ Overlap?  │ Significant?  │
├──────────────────────────────┼─────────────┼──────────┼───────────┼───────────────┤
│ SEQUENTIAL vs UUIDV4         │      +19.1% │   0.1172 │ Yes       │ n.s.          │
│ SEQUENTIAL vs UUIDV7         │       +2.8% │   0.2506 │ Yes       │ n.s.          │
│ SEQUENTIAL vs ULID           │       -2.2% │   0.1172 │ Yes       │ n.s.          │
│ SEQUENTIAL vs ULID_MONOTONIC │       -3.6% │   0.0472 │ Yes       │ * (p<0.05)    │
│ SEQUENTIAL vs UUIDV1         │      +27.3% │   0.3472 │ Yes       │ n.s.          │
└──────────────────────────────┴─────────────┴──────────┴───────────┴───────────────┘

[2/5] READ PERFORMANCE
====================================================================================================

Testing SEQUENTIAL (5 runs)
----------------------------------------------------------------------
  Run 1/5... Starting fresh PostgreSQL container...
Waiting for PostgreSQL to initialize...
Container ready
Inserting 1000000 records to create index...
Inserted 1000000 records in 5m5.67s
Creating lookup table for random key selection...
Measuring fragmentation...
Index fragmentation: 0.00%
Resetting PostgreSQL statistics...
Running 200000 point lookups...
Completed 200000 reads in 17.855796374s
Read throughput: 11555.50 ops/sec
Measuring buffer pool hit ratios...

Cleaning up container...
Container stopped and removed
done
  Run 2/5... Starting fresh PostgreSQL container...
Waiting for PostgreSQL to initialize...
Container ready
Inserting 1000000 records to create index...
Inserted 1000000 records in 5m4.651s
Creating lookup table for random key selection...
Measuring fragmentation...
Index fragmentation: 0.00%
Resetting PostgreSQL statistics...
Running 200000 point lookups...
Completed 200000 reads in 17.938890971s
Read throughput: 11527.83 ops/sec
Measuring buffer pool hit ratios...

Cleaning up container...
Container stopped and removed
done
  Run 3/5... Starting fresh PostgreSQL container...
Waiting for PostgreSQL to initialize...
Container ready
Inserting 1000000 records to create index...
Inserted 1000000 records in 5m4.201s
Creating lookup table for random key selection...
Measuring fragmentation...
Index fragmentation: 0.00%
Resetting PostgreSQL statistics...
Running 200000 point lookups...
Completed 200000 reads in 17.181451731s
Read throughput: 12037.52 ops/sec
Measuring buffer pool hit ratios...

Cleaning up container...
Container stopped and removed
done
  Run 4/5... Starting fresh PostgreSQL container...
Waiting for PostgreSQL to initialize...
Container ready
Inserting 1000000 records to create index...
Inserted 1000000 records in 5m2.727s
Creating lookup table for random key selection...
Measuring fragmentation...
Index fragmentation: 0.00%
Resetting PostgreSQL statistics...
Running 200000 point lookups...
Completed 200000 reads in 18.507114465s
Read throughput: 11126.41 ops/sec
Measuring buffer pool hit ratios...

Cleaning up container...
Container stopped and removed
done
  Run 5/5... Starting fresh PostgreSQL container...
Waiting for PostgreSQL to initialize...
Container ready
Inserting 1000000 records to create index...
Inserted 1000000 records in 5m4.382s
Creating lookup table for random key selection...
Measuring fragmentation...
Index fragmentation: 0.00%
Resetting PostgreSQL statistics...
Running 200000 point lookups...
Completed 200000 reads in 20.073056525s
Read throughput: 10219.63 ops/sec
Measuring buffer pool hit ratios...

Cleaning up container...
Container stopped and removed
done

Testing UUIDV4 (5 runs)
----------------------------------------------------------------------
  Run 1/5... Starting fresh PostgreSQL container...
Waiting for PostgreSQL to initialize...
Container ready
Inserting 1000000 records to create index...
Inserted 1000000 records in 5m2.512s
Creating lookup table for random key selection...
Measuring fragmentation...
Index fragmentation: 49.96%
Resetting PostgreSQL statistics...
Running 200000 point lookups...
Completed 200000 reads in 18.469818005s
Read throughput: 11160.13 ops/sec
Measuring buffer pool hit ratios...

Cleaning up container...
Container stopped and removed
done
  Run 2/5... Starting fresh PostgreSQL container...
Waiting for PostgreSQL to initialize...
Container ready
Inserting 1000000 records to create index...
Inserted 1000000 records in 5m3.063s
Creating lookup table for random key selection...
Measuring fragmentation...
Index fragmentation: 49.96%
Resetting PostgreSQL statistics...
Running 200000 point lookups...
Completed 200000 reads in 17.855295544s
Read throughput: 11546.09 ops/sec
Measuring buffer pool hit ratios...

Cleaning up container...
Container stopped and removed
done
  Run 3/5... Starting fresh PostgreSQL container...
Waiting for PostgreSQL to initialize...
Container ready
Inserting 1000000 records to create index...
Inserted 1000000 records in 5m3.443s
Creating lookup table for random key selection...
Measuring fragmentation...
Index fragmentation: 49.98%
Resetting PostgreSQL statistics...
Running 200000 point lookups...
Completed 200000 reads in 16.764320478s
Read throughput: 12334.36 ops/sec
Measuring buffer pool hit ratios...

Cleaning up container...
Container stopped and removed
done
  Run 4/5... Starting fresh PostgreSQL container...
Waiting for PostgreSQL to initialize...
Container ready
Inserting 1000000 records to create index...
Inserted 1000000 records in 5m5.215s
Creating lookup table for random key selection...
Measuring fragmentation...
Index fragmentation: 49.94%
Resetting PostgreSQL statistics...
Running 200000 point lookups...
Completed 200000 reads in 19.366408825s
Read throughput: 10634.25 ops/sec
Measuring buffer pool hit ratios...

Cleaning up container...
Container stopped and removed
done
  Run 5/5... Starting fresh PostgreSQL container...
Waiting for PostgreSQL to initialize...
Container ready
Inserting 1000000 records to create index...
Inserted 1000000 records in 5m4.558s
Creating lookup table for random key selection...
Measuring fragmentation...
Index fragmentation: 49.65%
Resetting PostgreSQL statistics...
Running 200000 point lookups...
Completed 200000 reads in 17.47571939s
Read throughput: 11815.65 ops/sec
Measuring buffer pool hit ratios...

Cleaning up container...
Container stopped and removed
done

Testing UUIDV7 (5 runs)
----------------------------------------------------------------------
  Run 1/5... Starting fresh PostgreSQL container...
Waiting for PostgreSQL to initialize...
Container ready
Inserting 1000000 records to create index...
Inserted 1000000 records in 5m3.63s
Creating lookup table for random key selection...
Measuring fragmentation...
Index fragmentation: 0.00%
Resetting PostgreSQL statistics...
Running 200000 point lookups...
Completed 200000 reads in 19.346109889s
Read throughput: 10654.07 ops/sec
Measuring buffer pool hit ratios...

Cleaning up container...
Container stopped and removed
done
  Run 2/5... Starting fresh PostgreSQL container...
Waiting for PostgreSQL to initialize...
Container ready
Inserting 1000000 records to create index...
Inserted 1000000 records in 5m3.908s
Creating lookup table for random key selection...
Measuring fragmentation...
Index fragmentation: 0.00%
Resetting PostgreSQL statistics...
Running 200000 point lookups...
Completed 200000 reads in 17.165896469s
Read throughput: 12071.90 ops/sec
Measuring buffer pool hit ratios...

Cleaning up container...
Container stopped and removed
done
  Run 3/5... Starting fresh PostgreSQL container...
Waiting for PostgreSQL to initialize...
Container ready
Inserting 1000000 records to create index...
Inserted 1000000 records in 5m9.274s
Creating lookup table for random key selection...
Measuring fragmentation...
Index fragmentation: 0.00%
Resetting PostgreSQL statistics...
Running 200000 point lookups...
Completed 200000 reads in 18.815178841s
Read throughput: 10955.58 ops/sec
Measuring buffer pool hit ratios...

Cleaning up container...
Container stopped and removed
done
  Run 4/5... Starting fresh PostgreSQL container...
Waiting for PostgreSQL to initialize...
Container ready
Inserting 1000000 records to create index...
Inserted 1000000 records in 5m10.119s
Creating lookup table for random key selection...
Measuring fragmentation...
Index fragmentation: 0.00%
Resetting PostgreSQL statistics...
Running 200000 point lookups...
Completed 200000 reads in 16.377372724s
Read throughput: 12615.99 ops/sec
Measuring buffer pool hit ratios...

Cleaning up container...
Container stopped and removed
done
  Run 5/5... Starting fresh PostgreSQL container...
Waiting for PostgreSQL to initialize...
Container ready
Inserting 1000000 records to create index...
Inserted 1000000 records in 5m8.892s
Creating lookup table for random key selection...
Measuring fragmentation...
Index fragmentation: 0.00%
Resetting PostgreSQL statistics...
Running 200000 point lookups...
Completed 200000 reads in 18.893843774s
Read throughput: 10908.64 ops/sec
Measuring buffer pool hit ratios...

Cleaning up container...
Container stopped and removed
done

Testing ULID (5 runs)
----------------------------------------------------------------------
  Run 1/5... Starting fresh PostgreSQL container...
Waiting for PostgreSQL to initialize...
Container ready
Inserting 1000000 records to create index...
Inserted 1000000 records in 5m3.894s
Creating lookup table for random key selection...
Measuring fragmentation...
Index fragmentation: 0.00%
Resetting PostgreSQL statistics...
Running 200000 point lookups...
Completed 200000 reads in 17.713579128s
Read throughput: 11656.25 ops/sec
Measuring buffer pool hit ratios...

Cleaning up container...
Container stopped and removed
done
  Run 2/5... Starting fresh PostgreSQL container...
Waiting for PostgreSQL to initialize...
Container ready
Inserting 1000000 records to create index...
Inserted 1000000 records in 5m3.935s
Creating lookup table for random key selection...
Measuring fragmentation...
Index fragmentation: 0.00%
Resetting PostgreSQL statistics...
Running 200000 point lookups...
Completed 200000 reads in 18.020414704s
Read throughput: 11454.07 ops/sec
Measuring buffer pool hit ratios...

Cleaning up container...
Container stopped and removed
done
  Run 3/5... Starting fresh PostgreSQL container...
Waiting for PostgreSQL to initialize...
Container ready
Inserting 1000000 records to create index...
Inserted 1000000 records in 5m8.373s
Creating lookup table for random key selection...
Measuring fragmentation...
Index fragmentation: 0.00%
Resetting PostgreSQL statistics...
Running 200000 point lookups...
Completed 200000 reads in 18.837793622s
Read throughput: 10942.13 ops/sec
Measuring buffer pool hit ratios...

Cleaning up container...
Container stopped and removed
done
  Run 4/5... Starting fresh PostgreSQL container...
Waiting for PostgreSQL to initialize...
Container ready
Inserting 1000000 records to create index...
Inserted 1000000 records in 5m2.888s
Creating lookup table for random key selection...
Measuring fragmentation...
Index fragmentation: 0.00%
Resetting PostgreSQL statistics...
Running 200000 point lookups...
Completed 200000 reads in 17.954387396s
Read throughput: 11491.45 ops/sec
Measuring buffer pool hit ratios...

Cleaning up container...
Container stopped and removed
done
  Run 5/5... Starting fresh PostgreSQL container...
Waiting for PostgreSQL to initialize...
Container ready
Inserting 1000000 records to create index...
Inserted 1000000 records in 5m7.73s
Creating lookup table for random key selection...
Measuring fragmentation...
Index fragmentation: 0.00%
Resetting PostgreSQL statistics...
Running 200000 point lookups...
Completed 200000 reads in 18.862845353s
Read throughput: 10921.26 ops/sec
Measuring buffer pool hit ratios...

Cleaning up container...
Container stopped and removed
done

Testing ULID_MONOTONIC (5 runs)
----------------------------------------------------------------------
  Run 1/5... Starting fresh PostgreSQL container...
Waiting for PostgreSQL to initialize...
Container ready
Inserting 1000000 records to create index...
Inserted 1000000 records in 5m7.877s
Creating lookup table for random key selection...
Measuring fragmentation...
Index fragmentation: 0.00%
Resetting PostgreSQL statistics...
Running 200000 point lookups...
Completed 200000 reads in 18.339218484s
Read throughput: 11236.56 ops/sec
Measuring buffer pool hit ratios...

Cleaning up container...
Container stopped and removed
done
  Run 2/5... Starting fresh PostgreSQL container...
Waiting for PostgreSQL to initialize...
Container ready
Inserting 1000000 records to create index...
Inserted 1000000 records in 5m14.23s
Creating lookup table for random key selection...
Measuring fragmentation...
Index fragmentation: 0.00%
Resetting PostgreSQL statistics...
Running 200000 point lookups...
Completed 200000 reads in 16.645358616s
Read throughput: 12356.77 ops/sec
Measuring buffer pool hit ratios...

Cleaning up container...
Container stopped and removed
done
  Run 3/5... Starting fresh PostgreSQL container...
Waiting for PostgreSQL to initialize...
Container ready
Inserting 1000000 records to create index...
Inserted 1000000 records in 5m10.246s
Creating lookup table for random key selection...
Measuring fragmentation...
Index fragmentation: 0.00%
Resetting PostgreSQL statistics...
Running 200000 point lookups...
Completed 200000 reads in 18.464604419s
Read throughput: 11143.64 ops/sec
Measuring buffer pool hit ratios...

Cleaning up container...
Container stopped and removed
done
  Run 4/5... Starting fresh PostgreSQL container...
Waiting for PostgreSQL to initialize...
Container ready
Inserting 1000000 records to create index...
Inserted 1000000 records in 5m14.283s
Creating lookup table for random key selection...
Measuring fragmentation...
Index fragmentation: 0.00%
Resetting PostgreSQL statistics...
Running 200000 point lookups...
Completed 200000 reads in 19.458073868s
Read throughput: 10573.27 ops/sec
Measuring buffer pool hit ratios...

Cleaning up container...
Container stopped and removed
done
  Run 5/5... Starting fresh PostgreSQL container...
Waiting for PostgreSQL to initialize...
Container ready
Inserting 1000000 records to create index...
Inserted 1000000 records in 5m5.027s
Creating lookup table for random key selection...
Measuring fragmentation...
Index fragmentation: 0.00%
Resetting PostgreSQL statistics...
Running 200000 point lookups...
Completed 200000 reads in 18.075412274s
Read throughput: 11407.85 ops/sec
Measuring buffer pool hit ratios...

Cleaning up container...
Container stopped and removed
done

Testing UUIDV1 (5 runs)
----------------------------------------------------------------------
  Run 1/5... Starting fresh PostgreSQL container...
Waiting for PostgreSQL to initialize...
Container ready
Inserting 1000000 records to create index...
Inserted 1000000 records in 4m18.285s
Creating lookup table for random key selection...
Measuring fragmentation...
Index fragmentation: 0.03%
Resetting PostgreSQL statistics...
Running 200000 point lookups...
Completed 200000 reads in 17.924317372s
Read throughput: 11494.03 ops/sec
Measuring buffer pool hit ratios...

Cleaning up container...
Container stopped and removed
done
  Run 2/5... Starting fresh PostgreSQL container...
Waiting for PostgreSQL to initialize...
Container ready
Inserting 1000000 records to create index...
Inserted 1000000 records in 4m18.669s
Creating lookup table for random key selection...
Measuring fragmentation...
Index fragmentation: 0.05%
Resetting PostgreSQL statistics...
Running 200000 point lookups...
Completed 200000 reads in 16.931556614s
Read throughput: 12215.02 ops/sec
Measuring buffer pool hit ratios...

Cleaning up container...
Container stopped and removed
done
  Run 3/5... Starting fresh PostgreSQL container...
Waiting for PostgreSQL to initialize...
Container ready
Inserting 1000000 records to create index...
Inserted 1000000 records in 4m26.058s
Creating lookup table for random key selection...
Measuring fragmentation...
Index fragmentation: 0.00%
Resetting PostgreSQL statistics...
Running 200000 point lookups...
Completed 200000 reads in 18.072264476s
Read throughput: 11406.86 ops/sec
Measuring buffer pool hit ratios...

Cleaning up container...
Container stopped and removed
done
  Run 4/5... Starting fresh PostgreSQL container...
Waiting for PostgreSQL to initialize...
Container ready
Inserting 1000000 records to create index...
Inserted 1000000 records in 5m7.325s
Creating lookup table for random key selection...
Measuring fragmentation...
Index fragmentation: 0.03%
Resetting PostgreSQL statistics...
Running 200000 point lookups...
Completed 200000 reads in 17.484526682s
Read throughput: 11815.53 ops/sec
Measuring buffer pool hit ratios...

Cleaning up container...
Container stopped and removed
done
  Run 5/5... Starting fresh PostgreSQL container...
Waiting for PostgreSQL to initialize...
Container ready
Inserting 1000000 records to create index...
Inserted 1000000 records in 4m23.641s
Creating lookup table for random key selection...
Measuring fragmentation...
Index fragmentation: 0.04%
Resetting PostgreSQL statistics...
Running 200000 point lookups...
Completed 200000 reads in 17.637214008s
Read throughput: 11687.51 ops/sec
Measuring buffer pool hit ratios...

Cleaning up container...
Container stopped and removed
done

====================================================================================================
Read Performance - Statistical Summary (5 runs per UUID type)
====================================================================================================

Read Throughput (ops/sec)
┌────────────────┬──────────┬──────────┬──────────┬──────────┬──────────┬─────────┐
│ Key Type       │ Median   │ Mean     │ StdDev   │ Min      │ Max      │ CV %    │
├────────────────┼──────────┼──────────┼──────────┼──────────┼──────────┼─────────┤
│ SEQUENTIAL     │    11528 │    11293 │      682 │    10220 │    12038 │     6.0 │
│ UUIDV4         │    11546 │    11498 │      645 │    10634 │    12334 │     5.6 │
│ UUIDV7         │    10956 │    11441 │      854 │    10654 │    12616 │     7.5 │
│ ULID           │    11454 │    11293 │      339 │    10921 │    11656 │     3.0 │
│ ULID_MONOTONIC │    11237 │    11344 │      647 │    10573 │    12357 │     5.7 │
│ UUIDV1         │    11688 │    11724 │      318 │    11407 │    12215 │     2.7 │
└────────────────┴──────────┴──────────┴──────────┴──────────┴──────────┴─────────┘

Statistical Comparisons (vs SEQUENTIAL):
┌──────────────────────────────┬─────────────┬──────────┬───────────┬───────────────┐
│ Comparison                   │ Median Diff │ p-value  │ Overlap?  │ Significant?  │
├──────────────────────────────┼─────────────┼──────────┼───────────┼───────────────┤
│ SEQUENTIAL vs UUIDV4         │       +0.2% │   0.6015 │ Yes       │ n.s.          │
│ SEQUENTIAL vs UUIDV7         │       -5.0% │   0.9168 │ Yes       │ n.s.          │
│ SEQUENTIAL vs ULID           │       -0.6% │   0.6015 │ Yes       │ n.s.          │
│ SEQUENTIAL vs ULID_MONOTONIC │       -2.5% │   0.9168 │ Yes       │ n.s.          │
│ SEQUENTIAL vs UUIDV1         │       +1.4% │   0.3472 │ Yes       │ n.s.          │
└──────────────────────────────┴─────────────┴──────────┴───────────┴───────────────┘

Leaf Fragmentation (%)
┌────────────────┬──────────┬──────────┬──────────┬──────────┬──────────┬─────────┐
│ Key Type       │ Median   │ Mean     │ StdDev   │ Min      │ Max      │ CV %    │
├────────────────┼──────────┼──────────┼──────────┼──────────┼──────────┼─────────┤
│ SEQUENTIAL     │     0.00 │     0.00 │     0.00 │     0.00 │     0.00 │     0.0 │
│ UUIDV4         │    49.96 │    49.90 │     0.14 │    49.65 │    49.98 │     0.3 │
│ UUIDV7         │     0.00 │     0.00 │     0.00 │     0.00 │     0.00 │     0.0 │
│ ULID           │     0.00 │     0.00 │     0.00 │     0.00 │     0.00 │     0.0 │
│ ULID_MONOTONIC │     0.00 │     0.00 │     0.00 │     0.00 │     0.00 │     0.0 │
│ UUIDV1         │     0.03 │     0.03 │     0.02 │     0.00 │     0.05 │    62.4 │
└────────────────┴──────────┴──────────┴──────────┴──────────┴──────────┴─────────┘

Statistical Comparisons (vs SEQUENTIAL):
┌──────────────────────────────┬─────────────┬──────────┬───────────┬───────────────┐
│ Comparison                   │ Median Diff │ p-value  │ Overlap?  │ Significant?  │
├──────────────────────────────┼─────────────┼──────────┼───────────┼───────────────┤
│ SEQUENTIAL vs UUIDV4         │       +0.0% │   0.0090 │ No        │ No overlap    │
│ SEQUENTIAL vs UUIDV7         │       +0.0% │   1.0000 │ Yes       │ n.s.          │
│ SEQUENTIAL vs ULID           │       +0.0% │   1.0000 │ Yes       │ n.s.          │
│ SEQUENTIAL vs ULID_MONOTONIC │       +0.0% │   1.0000 │ Yes       │ n.s.          │
│ SEQUENTIAL vs UUIDV1         │       +0.0% │   0.0367 │ Yes       │ * (p<0.05)    │
└──────────────────────────────┴─────────────┴──────────┴───────────┴───────────────┘

Cache Hit Ratio
┌────────────────┬──────────┬──────────┬──────────┬──────────┬──────────┬─────────┐
│ Key Type       │ Median   │ Mean     │ StdDev   │ Min      │ Max      │ CV %    │
├────────────────┼──────────┼──────────┼──────────┼──────────┼──────────┼─────────┤
│ SEQUENTIAL     │   0.8450 │   0.8450 │   0.0001 │   0.8448 │   0.8452 │     0.0 │
│ UUIDV4         │   0.7988 │   0.7988 │   0.0002 │   0.7985 │   0.7990 │     0.0 │
│ UUIDV7         │   0.8161 │   0.8161 │   0.0001 │   0.8160 │   0.8162 │     0.0 │
│ ULID           │   0.7863 │   0.7863 │   0.0002 │   0.7860 │   0.7866 │     0.0 │
│ ULID_MONOTONIC │   0.7879 │   0.7878 │   0.0002 │   0.7874 │   0.7879 │     0.0 │
│ UUIDV1         │   0.8032 │   0.8013 │   0.0132 │   0.7861 │   0.8160 │     1.7 │
└────────────────┴──────────┴──────────┴──────────┴──────────┴──────────┴─────────┘

Statistical Comparisons (vs SEQUENTIAL):
┌──────────────────────────────┬─────────────┬──────────┬───────────┬───────────────┐
│ Comparison                   │ Median Diff │ p-value  │ Overlap?  │ Significant?  │
├──────────────────────────────┼─────────────┼──────────┼───────────┼───────────────┤
│ SEQUENTIAL vs UUIDV4         │       -5.5% │   0.0090 │ No        │ No overlap    │
│ SEQUENTIAL vs UUIDV7         │       -3.4% │   0.0090 │ No        │ No overlap    │
│ SEQUENTIAL vs ULID           │       -7.0% │   0.0090 │ No        │ No overlap    │
│ SEQUENTIAL vs ULID_MONOTONIC │       -6.8% │   0.0090 │ No        │ No overlap    │
│ SEQUENTIAL vs UUIDV1         │       -5.0% │   0.0090 │ No        │ No overlap    │
└──────────────────────────────┴─────────────┴──────────┴───────────┴───────────────┘

Index Hit Ratio
┌────────────────┬──────────┬──────────┬──────────┬──────────┬──────────┬─────────┐
│ Key Type       │ Median   │ Mean     │ StdDev   │ Min      │ Max      │ CV %    │
├────────────────┼──────────┼──────────┼──────────┼──────────┼──────────┼─────────┤
│ SEQUENTIAL     │   0.9916 │   0.9916 │   0.0001 │   0.9914 │   0.9918 │     0.0 │
│ UUIDV4         │   0.9193 │   0.9193 │   0.0006 │   0.9184 │   0.9202 │     0.1 │
│ UUIDV7         │   0.9560 │   0.9562 │   0.0005 │   0.9557 │   0.9567 │     0.0 │
│ ULID           │   0.9102 │   0.9103 │   0.0002 │   0.9100 │   0.9106 │     0.0 │
│ ULID_MONOTONIC │   0.9118 │   0.9118 │   0.0003 │   0.9114 │   0.9121 │     0.0 │
│ UUIDV1         │   0.9278 │   0.9226 │   0.0304 │   0.8869 │   0.9556 │     3.3 │
└────────────────┴──────────┴──────────┴──────────┴──────────┴──────────┴─────────┘

Statistical Comparisons (vs SEQUENTIAL):
┌──────────────────────────────┬─────────────┬──────────┬───────────┬───────────────┐
│ Comparison                   │ Median Diff │ p-value  │ Overlap?  │ Significant?  │
├──────────────────────────────┼─────────────┼──────────┼───────────┼───────────────┤
│ SEQUENTIAL vs UUIDV4         │       -7.3% │   0.0090 │ No        │ No overlap    │
│ SEQUENTIAL vs UUIDV7         │       -3.6% │   0.0090 │ No        │ No overlap    │
│ SEQUENTIAL vs ULID           │       -8.2% │   0.0090 │ No        │ No overlap    │
│ SEQUENTIAL vs ULID_MONOTONIC │       -8.0% │   0.0090 │ No        │ No overlap    │
│ SEQUENTIAL vs UUIDV1         │       -6.4% │   0.0090 │ No        │ No overlap    │
└──────────────────────────────┴─────────────┴──────────┴───────────┴───────────────┘

Latency P50 (µs)
┌────────────────┬──────────┬──────────┬──────────┬──────────┬──────────┬─────────┐
│ Key Type       │ Median   │ Mean     │ StdDev   │ Min      │ Max      │ CV %    │
├────────────────┼──────────┼──────────┼──────────┼──────────┼──────────┼─────────┤
│ SEQUENTIAL     │       82 │       84 │        7 │       78 │       96 │     8.1 │
│ UUIDV4         │       81 │       82 │        4 │       78 │       87 │     5.0 │
│ UUIDV7         │       87 │       85 │        6 │       78 │       93 │     7.5 │
│ ULID           │       85 │       84 │        2 │       82 │       87 │     2.3 │
│ ULID_MONOTONIC │       86 │       84 │        5 │       75 │       89 │     6.5 │
│ UUIDV1         │       82 │       82 │        2 │       79 │       84 │     2.5 │
└────────────────┴──────────┴──────────┴──────────┴──────────┴──────────┴─────────┘

Statistical Comparisons (vs SEQUENTIAL):
┌──────────────────────────────┬─────────────┬──────────┬───────────┬───────────────┐
│ Comparison                   │ Median Diff │ p-value  │ Overlap?  │ Significant?  │
├──────────────────────────────┼─────────────┼──────────┼───────────┼───────────────┤
│ SEQUENTIAL vs UUIDV4         │       -1.2% │   0.6761 │ Yes       │ n.s.          │
│ SEQUENTIAL vs UUIDV7         │       +6.1% │   0.8345 │ Yes       │ n.s.          │
│ SEQUENTIAL vs ULID           │       +3.7% │   0.3472 │ Yes       │ n.s.          │
│ SEQUENTIAL vs ULID_MONOTONIC │       +4.9% │   0.4647 │ Yes       │ n.s.          │
│ SEQUENTIAL vs UUIDV1         │       +0.0% │   0.9168 │ Yes       │ n.s.          │
└──────────────────────────────┴─────────────┴──────────┴───────────┴───────────────┘

Latency P95 (µs)
┌────────────────┬──────────┬──────────┬──────────┬──────────┬──────────┬─────────┐
│ Key Type       │ Median   │ Mean     │ StdDev   │ Min      │ Max      │ CV %    │
├────────────────┼──────────┼──────────┼──────────┼──────────┼──────────┼─────────┤
│ SEQUENTIAL     │      143 │      145 │       13 │      134 │      166 │     8.8 │
│ UUIDV4         │      151 │      156 │       16 │      143 │      184 │    10.2 │
│ UUIDV7         │      141 │      144 │        6 │      138 │      151 │     4.2 │
│ ULID           │      153 │      153 │        1 │      151 │      154 │     0.7 │
│ ULID_MONOTONIC │      151 │      153 │        5 │      148 │      160 │     3.3 │
│ UUIDV1         │      141 │      142 │        8 │      131 │      151 │     5.5 │
└────────────────┴──────────┴──────────┴──────────┴──────────┴──────────┴─────────┘

Statistical Comparisons (vs SEQUENTIAL):
┌──────────────────────────────┬─────────────┬──────────┬───────────┬───────────────┐
│ Comparison                   │ Median Diff │ p-value  │ Overlap?  │ Significant?  │
├──────────────────────────────┼─────────────┼──────────┼───────────┼───────────────┤
│ SEQUENTIAL vs UUIDV4         │       +5.6% │   0.1437 │ Yes       │ n.s.          │
│ SEQUENTIAL vs UUIDV7         │       -1.4% │   0.7540 │ Yes       │ n.s.          │
│ SEQUENTIAL vs ULID           │       +7.0% │   0.1172 │ Yes       │ n.s.          │
│ SEQUENTIAL vs ULID_MONOTONIC │       +5.6% │   0.1437 │ Yes       │ n.s.          │
│ SEQUENTIAL vs UUIDV1         │       -1.4% │   0.7540 │ Yes       │ n.s.          │
└──────────────────────────────┴─────────────┴──────────┴───────────┴───────────────┘

Latency P99 (µs)
┌────────────────┬──────────┬──────────┬──────────┬──────────┬──────────┬─────────┐
│ Key Type       │ Median   │ Mean     │ StdDev   │ Min      │ Max      │ CV %    │
├────────────────┼──────────┼──────────┼──────────┼──────────┼──────────┼─────────┤
│ SEQUENTIAL     │    31580 │    31810 │      812 │    31034 │    33068 │     2.6 │
│ UUIDV4         │    32348 │    32458 │      257 │    32191 │    32848 │     0.8 │
│ UUIDV7         │    33820 │    32972 │     1243 │    31538 │    33926 │     3.8 │
│ ULID           │    31340 │    31639 │      603 │    31206 │    32645 │     1.9 │
│ ULID_MONOTONIC │    33333 │    32803 │     1223 │    31188 │    33879 │     3.7 │
│ UUIDV1         │    30647 │    30548 │     2284 │    28253 │    34139 │     7.5 │
└────────────────┴──────────┴──────────┴──────────┴──────────┴──────────┴─────────┘

Statistical Comparisons (vs SEQUENTIAL):
┌──────────────────────────────┬─────────────┬──────────┬───────────┬───────────────┐
│ Comparison                   │ Median Diff │ p-value  │ Overlap?  │ Significant?  │
├──────────────────────────────┼─────────────┼──────────┼───────────┼───────────────┤
│ SEQUENTIAL vs UUIDV4         │       +2.4% │   0.1172 │ Yes       │ n.s.          │
│ SEQUENTIAL vs UUIDV7         │       +7.1% │   0.1172 │ Yes       │ n.s.          │
│ SEQUENTIAL vs ULID           │       -0.8% │   0.7540 │ Yes       │ n.s.          │
│ SEQUENTIAL vs ULID_MONOTONIC │       +5.6% │   0.1745 │ Yes       │ n.s.          │
│ SEQUENTIAL vs UUIDV1         │       -3.0% │   0.1172 │ Yes       │ n.s.          │
└──────────────────────────────┴─────────────┴──────────┴───────────┴───────────────┘

Read IOPS
┌────────────────┬──────────┬──────────┬──────────┬──────────┬──────────┬─────────┐
│ Key Type       │ Median   │ Mean     │ StdDev   │ Min      │ Max      │ CV %    │
├────────────────┼──────────┼──────────┼──────────┼──────────┼──────────┼─────────┤
│ SEQUENTIAL     │        0 │        0 │        0 │        0 │        0 │     0.0 │
│ UUIDV4         │        0 │        0 │        0 │        0 │        0 │     0.0 │
│ UUIDV7         │        0 │        0 │        0 │        0 │        0 │     0.0 │
│ ULID           │        0 │        0 │        0 │        0 │        0 │     0.0 │
│ ULID_MONOTONIC │        0 │        0 │        0 │        0 │        0 │     0.0 │
│ UUIDV1         │        0 │        0 │        0 │        0 │        0 │     0.0 │
└────────────────┴──────────┴──────────┴──────────┴──────────┴──────────┴─────────┘

Statistical Comparisons (vs SEQUENTIAL):
┌──────────────────────────────┬─────────────┬──────────┬───────────┬───────────────┐
│ Comparison                   │ Median Diff │ p-value  │ Overlap?  │ Significant?  │
├──────────────────────────────┼─────────────┼──────────┼───────────┼───────────────┤
│ SEQUENTIAL vs UUIDV4         │       +0.0% │   1.0000 │ Yes       │ n.s.          │
│ SEQUENTIAL vs UUIDV7         │       +0.0% │   1.0000 │ Yes       │ n.s.          │
│ SEQUENTIAL vs ULID           │       +0.0% │   1.0000 │ Yes       │ n.s.          │
│ SEQUENTIAL vs ULID_MONOTONIC │       +0.0% │   1.0000 │ Yes       │ n.s.          │
│ SEQUENTIAL vs UUIDV1         │       +0.0% │   1.0000 │ Yes       │ n.s.          │
└──────────────────────────────┴─────────────┴──────────┴───────────┴───────────────┘

Write IOPS
┌────────────────┬──────────┬──────────┬──────────┬──────────┬──────────┬─────────┐
│ Key Type       │ Median   │ Mean     │ StdDev   │ Min      │ Max      │ CV %    │
├────────────────┼──────────┼──────────┼──────────┼──────────┼──────────┼─────────┤
│ SEQUENTIAL     │       33 │       32 │        3 │       28 │       37 │    10.7 │
│ UUIDV4         │       82 │       94 │       44 │       56 │      168 │    47.1 │
│ UUIDV7         │       38 │       40 │        8 │       30 │       51 │    20.3 │
│ ULID           │       73 │      109 │       90 │       60 │      269 │    82.1 │
│ ULID_MONOTONIC │       38 │       35 │        7 │       26 │       42 │    21.2 │
│ UUIDV1         │       40 │       42 │       14 │       25 │       60 │    32.5 │
└────────────────┴──────────┴──────────┴──────────┴──────────┴──────────┴─────────┘

Statistical Comparisons (vs SEQUENTIAL):
┌──────────────────────────────┬─────────────┬──────────┬───────────┬───────────────┐
│ Comparison                   │ Median Diff │ p-value  │ Overlap?  │ Significant?  │
├──────────────────────────────┼─────────────┼──────────┼───────────┼───────────────┤
│ SEQUENTIAL vs UUIDV4         │     +150.3% │   0.0090 │ No        │ No overlap    │
│ SEQUENTIAL vs UUIDV7         │      +16.6% │   0.0758 │ Yes       │ n.s.          │
│ SEQUENTIAL vs ULID           │     +121.8% │   0.0090 │ No        │ No overlap    │
│ SEQUENTIAL vs ULID_MONOTONIC │      +16.1% │   0.6015 │ Yes       │ n.s.          │
│ SEQUENTIAL vs UUIDV1         │      +23.3% │   0.2506 │ Yes       │ n.s.          │
└──────────────────────────────┴─────────────┴──────────┴───────────┴───────────────┘

Read Throughput (MB/s)
┌────────────────┬──────────┬──────────┬──────────┬──────────┬──────────┬─────────┐
│ Key Type       │ Median   │ Mean     │ StdDev   │ Min      │ Max      │ CV %    │
├────────────────┼──────────┼──────────┼──────────┼──────────┼──────────┼─────────┤
│ SEQUENTIAL     │      0.0 │      0.0 │      0.0 │      0.0 │      0.0 │     0.0 │
│ UUIDV4         │      0.0 │      0.0 │      0.0 │      0.0 │      0.0 │     0.0 │
│ UUIDV7         │      0.0 │      0.0 │      0.0 │      0.0 │      0.0 │     0.0 │
│ ULID           │      0.0 │      0.0 │      0.0 │      0.0 │      0.0 │     0.0 │
│ ULID_MONOTONIC │      0.0 │      0.0 │      0.0 │      0.0 │      0.0 │     0.0 │
│ UUIDV1         │      0.0 │      0.0 │      0.0 │      0.0 │      0.0 │     0.0 │
└────────────────┴──────────┴──────────┴──────────┴──────────┴──────────┴─────────┘

Statistical Comparisons (vs SEQUENTIAL):
┌──────────────────────────────┬─────────────┬──────────┬───────────┬───────────────┐
│ Comparison                   │ Median Diff │ p-value  │ Overlap?  │ Significant?  │
├──────────────────────────────┼─────────────┼──────────┼───────────┼───────────────┤
│ SEQUENTIAL vs UUIDV4         │       +0.0% │   1.0000 │ Yes       │ n.s.          │
│ SEQUENTIAL vs UUIDV7         │       +0.0% │   1.0000 │ Yes       │ n.s.          │
│ SEQUENTIAL vs ULID           │       +0.0% │   1.0000 │ Yes       │ n.s.          │
│ SEQUENTIAL vs ULID_MONOTONIC │       +0.0% │   1.0000 │ Yes       │ n.s.          │
│ SEQUENTIAL vs UUIDV1         │       +0.0% │   1.0000 │ Yes       │ n.s.          │
└──────────────────────────────┴─────────────┴──────────┴───────────┴───────────────┘

Write Throughput (MB/s)
┌────────────────┬──────────┬──────────┬──────────┬──────────┬──────────┬─────────┐
│ Key Type       │ Median   │ Mean     │ StdDev   │ Min      │ Max      │ CV %    │
├────────────────┼──────────┼──────────┼──────────┼──────────┼──────────┼─────────┤
│ SEQUENTIAL     │      6.7 │      6.5 │      0.4 │      5.9 │      7.0 │     6.5 │
│ UUIDV4         │      6.5 │      5.6 │      3.7 │      1.9 │     10.8 │    66.0 │
│ UUIDV7         │      6.6 │      6.8 │      2.1 │      4.5 │     10.3 │    31.3 │
│ ULID           │      9.5 │      9.9 │      5.2 │      4.9 │     18.5 │    52.7 │
│ ULID_MONOTONIC │      5.7 │      5.2 │      2.1 │      1.7 │      6.7 │    39.9 │
│ UUIDV1         │      5.3 │      6.5 │      1.9 │      5.0 │      9.4 │    29.8 │
└────────────────┴──────────┴──────────┴──────────┴──────────┴──────────┴─────────┘

Statistical Comparisons (vs SEQUENTIAL):
┌──────────────────────────────┬─────────────┬──────────┬───────────┬───────────────┐
│ Comparison                   │ Median Diff │ p-value  │ Overlap?  │ Significant?  │
├──────────────────────────────┼─────────────┼──────────┼───────────┼───────────────┤
│ SEQUENTIAL vs UUIDV4         │       -3.4% │   0.4647 │ Yes       │ n.s.          │
│ SEQUENTIAL vs UUIDV7         │       -1.6% │   0.9168 │ Yes       │ n.s.          │
│ SEQUENTIAL vs ULID           │      +41.3% │   0.2506 │ Yes       │ n.s.          │
│ SEQUENTIAL vs ULID_MONOTONIC │      -14.9% │   0.1172 │ Yes       │ n.s.          │
│ SEQUENTIAL vs UUIDV1         │      -20.4% │   0.6015 │ Yes       │ n.s.          │
└──────────────────────────────┴─────────────┴──────────┴───────────┴───────────────┘

[3/5] UPDATE PERFORMANCE
====================================================================================================

Testing SEQUENTIAL (5 runs)
----------------------------------------------------------------------
  Run 1/5... Starting fresh PostgreSQL container...
Waiting for PostgreSQL to initialize...
Container ready
Inserting 1000000 records...
Inserted 1000000 records
Creating lookup table for random key selection...
Running 200000 updates (batch size=100)...
Completed 200000 updates in 43m4.23672831s
Update throughput: 77.41 ops/sec
Measuring fragmentation...

Cleaning up container...
Container stopped and removed
done
  Run 2/5... Starting fresh PostgreSQL container...
Waiting for PostgreSQL to initialize...
Container ready
Inserting 1000000 records...
Inserted 1000000 records
Creating lookup table for random key selection...
Running 200000 updates (batch size=100)...
Completed 200000 updates in 43m2.190388484s
Update throughput: 77.47 ops/sec
Measuring fragmentation...

Cleaning up container...
Container stopped and removed
done
  Run 3/5... Starting fresh PostgreSQL container...
Waiting for PostgreSQL to initialize...
Container ready
Inserting 1000000 records...
Inserted 1000000 records
Creating lookup table for random key selection...
Running 200000 updates (batch size=100)...
Completed 200000 updates in 42m57.269275437s
Update throughput: 77.62 ops/sec
Measuring fragmentation...

Cleaning up container...
Container stopped and removed
done
  Run 4/5... Starting fresh PostgreSQL container...
Waiting for PostgreSQL to initialize...
Container ready
Inserting 1000000 records...
Inserted 1000000 records
Creating lookup table for random key selection...
Running 200000 updates (batch size=100)...
Completed 200000 updates in 43m58.870103765s
Update throughput: 75.81 ops/sec
Measuring fragmentation...

Cleaning up container...
Container stopped and removed
done
  Run 5/5... Starting fresh PostgreSQL container...
Waiting for PostgreSQL to initialize...
Container ready
Inserting 1000000 records...
Inserted 1000000 records
Creating lookup table for random key selection...
Running 200000 updates (batch size=100)...
Completed 200000 updates in 43m10.875456237s
Update throughput: 77.21 ops/sec
Measuring fragmentation...

Cleaning up container...
Container stopped and removed
done

Testing UUIDV4 (5 runs)
----------------------------------------------------------------------
  Run 1/5... Starting fresh PostgreSQL container...
Waiting for PostgreSQL to initialize...
Container ready
Inserting 1000000 records...
Inserted 1000000 records
Creating lookup table for random key selection...
Running 200000 updates (batch size=100)...
Completed 200000 updates in 45m42.784989592s
Update throughput: 72.93 ops/sec
Measuring fragmentation...

Cleaning up container...
Container stopped and removed
done
  Run 2/5... Starting fresh PostgreSQL container...
Waiting for PostgreSQL to initialize...
Container ready
Inserting 1000000 records...
Inserted 1000000 records
Creating lookup table for random key selection...
Running 200000 updates (batch size=100)...
Completed 200000 updates in 46m29.255008694s
Update throughput: 71.72 ops/sec
Measuring fragmentation...

Cleaning up container...
Container stopped and removed
done
  Run 3/5... Starting fresh PostgreSQL container...
Waiting for PostgreSQL to initialize...
Container ready
Inserting 1000000 records...
Inserted 1000000 records
Creating lookup table for random key selection...
Running 200000 updates (batch size=100)...
Completed 200000 updates in 47m23.372939448s
Update throughput: 70.35 ops/sec
Measuring fragmentation...

Cleaning up container...
Container stopped and removed
done
  Run 4/5... Starting fresh PostgreSQL container...
Waiting for PostgreSQL to initialize...
Container ready
Inserting 1000000 records...
Inserted 1000000 records
Creating lookup table for random key selection...
Running 200000 updates (batch size=100)...
Completed 200000 updates in 45m31.580720314s
Update throughput: 73.24 ops/sec
Measuring fragmentation...

Cleaning up container...
Container stopped and removed
done
  Run 5/5... Starting fresh PostgreSQL container...
Waiting for PostgreSQL to initialize...
Container ready
Inserting 1000000 records...
Inserted 1000000 records
Creating lookup table for random key selection...
Running 200000 updates (batch size=100)...
Completed 200000 updates in 45m59.888458718s
Update throughput: 72.48 ops/sec
Measuring fragmentation...

Cleaning up container...
Container stopped and removed
done

Testing UUIDV7 (5 runs)
----------------------------------------------------------------------
  Run 1/5... Starting fresh PostgreSQL container...
Waiting for PostgreSQL to initialize...
Container ready
Inserting 1000000 records...
Inserted 1000000 records
Creating lookup table for random key selection...
Running 200000 updates (batch size=100)...
Completed 200000 updates in 43m44.230253071s
Update throughput: 76.23 ops/sec
Measuring fragmentation...

Cleaning up container...
Container stopped and removed
done
  Run 2/5... Starting fresh PostgreSQL container...
Waiting for PostgreSQL to initialize...
Container ready
Inserting 1000000 records...
Inserted 1000000 records
Creating lookup table for random key selection...
Running 200000 updates (batch size=100)...
Completed 200000 updates in 44m27.192283191s
Update throughput: 75.00 ops/sec
Measuring fragmentation...

Cleaning up container...
Container stopped and removed
done
  Run 3/5... Starting fresh PostgreSQL container...
Waiting for PostgreSQL to initialize...
Container ready
Inserting 1000000 records...
Inserted 1000000 records
Creating lookup table for random key selection...
Running 200000 updates (batch size=100)...
Completed 200000 updates in 44m41.640749126s
Update throughput: 74.60 ops/sec
Measuring fragmentation...

Cleaning up container...
Container stopped and removed
done
  Run 4/5... Starting fresh PostgreSQL container...
Waiting for PostgreSQL to initialize...
Container ready
Inserting 1000000 records...
Inserted 1000000 records
Creating lookup table for random key selection...
Running 200000 updates (batch size=100)...
Completed 200000 updates in 43m58.098822601s
Update throughput: 75.83 ops/sec
Measuring fragmentation...

Cleaning up container...
Container stopped and removed
done
  Run 5/5... Starting fresh PostgreSQL container...
Waiting for PostgreSQL to initialize...
Container ready
Inserting 1000000 records...
Inserted 1000000 records
Creating lookup table for random key selection...
Running 200000 updates (batch size=100)...
Completed 200000 updates in 42m48.023836237s
Update throughput: 77.90 ops/sec
Measuring fragmentation...

Cleaning up container...
Container stopped and removed
done

Testing ULID (5 runs)
----------------------------------------------------------------------
  Run 1/5... Starting fresh PostgreSQL container...
Waiting for PostgreSQL to initialize...
Container ready
Inserting 1000000 records...
Inserted 1000000 records
Creating lookup table for random key selection...
Running 200000 updates (batch size=100)...
Completed 200000 updates in 46m43.826060499s
Update throughput: 71.35 ops/sec
Measuring fragmentation...

Cleaning up container...
Container stopped and removed
done
  Run 2/5... Starting fresh PostgreSQL container...
Waiting for PostgreSQL to initialize...
Container ready
Inserting 1000000 records...
Inserted 1000000 records
Creating lookup table for random key selection...
Running 200000 updates (batch size=100)...
Completed 200000 updates in 45m11.943035344s
Update throughput: 73.76 ops/sec
Measuring fragmentation...

Cleaning up container...
Container stopped and removed
done
  Run 3/5... Starting fresh PostgreSQL container...
Waiting for PostgreSQL to initialize...
Container ready
Inserting 1000000 records...
Inserted 1000000 records
Creating lookup table for random key selection...
Running 200000 updates (batch size=100)...
Completed 200000 updates in 46m5.335250225s
Update throughput: 72.34 ops/sec
Measuring fragmentation...

Cleaning up container...
Container stopped and removed
done
  Run 4/5... Starting fresh PostgreSQL container...
Waiting for PostgreSQL to initialize...
Container ready
Inserting 1000000 records...
Inserted 1000000 records
Creating lookup table for random key selection...
Running 200000 updates (batch size=100)...
Completed 200000 updates in 45m17.138727849s
Update throughput: 73.62 ops/sec
Measuring fragmentation...

Cleaning up container...
Container stopped and removed
done
  Run 5/5... Starting fresh PostgreSQL container...
Waiting for PostgreSQL to initialize...
Container ready
Inserting 1000000 records...
Inserted 1000000 records
Creating lookup table for random key selection...
Running 200000 updates (batch size=100)...
Completed 200000 updates in 46m37.704329897s
Update throughput: 71.50 ops/sec
Measuring fragmentation...

Cleaning up container...
Container stopped and removed
done

Testing ULID_MONOTONIC (5 runs)
----------------------------------------------------------------------
  Run 1/5... Starting fresh PostgreSQL container...
Waiting for PostgreSQL to initialize...
Container ready
Inserting 1000000 records...
Inserted 1000000 records
Creating lookup table for random key selection...
Running 200000 updates (batch size=100)...
Completed 200000 updates in 45m40.000118056s
Update throughput: 73.01 ops/sec
Measuring fragmentation...

Cleaning up container...
Container stopped and removed
done
  Run 2/5... Starting fresh PostgreSQL container...
Waiting for PostgreSQL to initialize...
Container ready
Inserting 1000000 records...
Inserted 1000000 records
Creating lookup table for random key selection...
Running 200000 updates (batch size=100)...
Completed 200000 updates in 45m23.381482775s
Update throughput: 73.45 ops/sec
Measuring fragmentation...

Cleaning up container...
Container stopped and removed
done
  Run 3/5... Starting fresh PostgreSQL container...
Waiting for PostgreSQL to initialize...
Container ready
Inserting 1000000 records...
Inserted 1000000 records
Creating lookup table for random key selection...
Running 200000 updates (batch size=100)...
Completed 200000 updates in 46m25.976969843s
Update throughput: 71.80 ops/sec
Measuring fragmentation...

Cleaning up container...
Container stopped and removed
done
  Run 4/5... Starting fresh PostgreSQL container...
Waiting for PostgreSQL to initialize...
Container ready
Inserting 1000000 records...
Inserted 1000000 records
Creating lookup table for random key selection...
Running 200000 updates (batch size=100)...
Completed 200000 updates in 46m34.362219895s
Update throughput: 71.59 ops/sec
Measuring fragmentation...

Cleaning up container...
Container stopped and removed
done
  Run 5/5... Starting fresh PostgreSQL container...
Waiting for PostgreSQL to initialize...
Container ready
Inserting 1000000 records...
Inserted 1000000 records
Creating lookup table for random key selection...
Running 200000 updates (batch size=100)...
Completed 200000 updates in 47m17.345934827s
Update throughput: 70.50 ops/sec
Measuring fragmentation...

Cleaning up container...
Container stopped and removed
done

Testing UUIDV1 (5 runs)
----------------------------------------------------------------------
  Run 1/5... Starting fresh PostgreSQL container...
Waiting for PostgreSQL to initialize...
Container ready
Inserting 1000000 records...
Inserted 1000000 records
Creating lookup table for random key selection...
Running 200000 updates (batch size=100)...
Completed 200000 updates in 46m24.991590235s
Update throughput: 71.83 ops/sec
Measuring fragmentation...

Cleaning up container...
Container stopped and removed
done
  Run 2/5... Starting fresh PostgreSQL container...
Waiting for PostgreSQL to initialize...
Container ready
Inserting 1000000 records...
Inserted 1000000 records
Creating lookup table for random key selection...
Running 200000 updates (batch size=100)...
Completed 200000 updates in 47m29.544162657s
Update throughput: 70.20 ops/sec
Measuring fragmentation...

Cleaning up container...
Container stopped and removed
done
  Run 3/5... Starting fresh PostgreSQL container...
Waiting for PostgreSQL to initialize...
Container ready
Inserting 1000000 records...
Inserted 1000000 records
Creating lookup table for random key selection...
Running 200000 updates (batch size=100)...
Completed 200000 updates in 45m26.175900875s
Update throughput: 73.38 ops/sec
Measuring fragmentation...

Cleaning up container...
Container stopped and removed
done
  Run 4/5... Starting fresh PostgreSQL container...
Waiting for PostgreSQL to initialize...
Container ready
Inserting 1000000 records...
Inserted 1000000 records
Creating lookup table for random key selection...
Running 200000 updates (batch size=100)...
Completed 200000 updates in 44m36.076312615s
Update throughput: 74.75 ops/sec
Measuring fragmentation...

Cleaning up container...
Container stopped and removed
done
  Run 5/5... Starting fresh PostgreSQL container...
Waiting for PostgreSQL to initialize...
Container ready
Inserting 1000000 records...
Inserted 1000000 records
Creating lookup table for random key selection...
Running 200000 updates (batch size=100)...
Completed 200000 updates in 44m35.059751503s
Update throughput: 74.78 ops/sec
Measuring fragmentation...

Cleaning up container...
Container stopped and removed
done

====================================================================================================
Update Performance - Statistical Summary (5 runs per UUID type)
====================================================================================================

Update Throughput (ops/sec)
┌────────────────┬──────────┬──────────┬──────────┬──────────┬──────────┬─────────┐
│ Key Type       │ Median   │ Mean     │ StdDev   │ Min      │ Max      │ CV %    │
├────────────────┼──────────┼──────────┼──────────┼──────────┼──────────┼─────────┤
│ SEQUENTIAL     │       77 │       77 │        1 │       76 │       78 │     1.0 │
│ UUIDV4         │       72 │       72 │        1 │       70 │       73 │     1.6 │
│ UUIDV7         │       76 │       76 │        1 │       75 │       78 │     1.7 │
│ ULID           │       72 │       73 │        1 │       71 │       74 │     1.6 │
│ ULID_MONOTONIC │       72 │       72 │        1 │       71 │       73 │     1.6 │
│ UUIDV1         │       73 │       73 │        2 │       70 │       75 │     2.7 │
└────────────────┴──────────┴──────────┴──────────┴──────────┴──────────┴─────────┘

Statistical Comparisons (vs SEQUENTIAL):
┌──────────────────────────────┬─────────────┬──────────┬───────────┬───────────────┐
│ Comparison                   │ Median Diff │ p-value  │ Overlap?  │ Significant?  │
├──────────────────────────────┼─────────────┼──────────┼───────────┼───────────────┤
│ SEQUENTIAL vs UUIDV4         │       -6.4% │   0.0090 │ No        │ No overlap    │
│ SEQUENTIAL vs UUIDV7         │       -2.0% │   0.2506 │ Yes       │ n.s.          │
│ SEQUENTIAL vs ULID           │       -6.6% │   0.0090 │ No        │ No overlap    │
│ SEQUENTIAL vs ULID_MONOTONIC │       -7.2% │   0.0090 │ No        │ No overlap    │
│ SEQUENTIAL vs UUIDV1         │       -5.2% │   0.0090 │ No        │ No overlap    │
└──────────────────────────────┴─────────────┴──────────┴───────────┴───────────────┘

Leaf Fragmentation (%)
┌────────────────┬──────────┬──────────┬──────────┬──────────┬──────────┬─────────┐
│ Key Type       │ Median   │ Mean     │ StdDev   │ Min      │ Max      │ CV %    │
├────────────────┼──────────┼──────────┼──────────┼──────────┼──────────┼─────────┤
│ SEQUENTIAL     │     0.00 │     0.00 │     0.00 │     0.00 │     0.00 │     0.0 │
│ UUIDV4         │    49.68 │    49.73 │     0.11 │    49.63 │    49.86 │     0.2 │
│ UUIDV7         │     0.00 │     0.00 │     0.00 │     0.00 │     0.00 │     0.0 │
│ ULID           │    13.80 │    13.95 │     0.60 │    13.20 │    14.68 │     4.3 │
│ ULID_MONOTONIC │    12.24 │    12.23 │     0.36 │    11.81 │    12.66 │     2.9 │
│ UUIDV1         │     0.00 │     0.01 │     0.02 │     0.00 │     0.04 │   139.2 │
└────────────────┴──────────┴──────────┴──────────┴──────────┴──────────┴─────────┘

Statistical Comparisons (vs SEQUENTIAL):
┌──────────────────────────────┬─────────────┬──────────┬───────────┬───────────────┐
│ Comparison                   │ Median Diff │ p-value  │ Overlap?  │ Significant?  │
├──────────────────────────────┼─────────────┼──────────┼───────────┼───────────────┤
│ SEQUENTIAL vs UUIDV4         │       +0.0% │   0.0090 │ No        │ No overlap    │
│ SEQUENTIAL vs UUIDV7         │       +0.0% │   1.0000 │ Yes       │ n.s.          │
│ SEQUENTIAL vs ULID           │       +0.0% │   0.0090 │ No        │ No overlap    │
│ SEQUENTIAL vs ULID_MONOTONIC │       +0.0% │   0.0090 │ No        │ No overlap    │
│ SEQUENTIAL vs UUIDV1         │       +0.0% │   0.2963 │ Yes       │ n.s.          │
└──────────────────────────────┴─────────────┴──────────┴───────────┴───────────────┘

Latency P50 (µs)
┌────────────────┬──────────┬──────────┬──────────┬──────────┬──────────┬─────────┐
│ Key Type       │ Median   │ Mean     │ StdDev   │ Min      │ Max      │ CV %    │
├────────────────┼──────────┼──────────┼──────────┼──────────┼──────────┼─────────┤
│ SEQUENTIAL     │     1019 │     1022 │        6 │     1016 │     1030 │     0.6 │
│ UUIDV4         │     1015 │     1026 │       15 │     1014 │     1046 │     1.5 │
│ UUIDV7         │     1035 │     1035 │        3 │     1031 │     1038 │     0.3 │
│ ULID           │     1055 │     1054 │        7 │     1044 │     1063 │     0.7 │
│ ULID_MONOTONIC │     1061 │     1061 │       10 │     1047 │     1075 │     1.0 │
│ UUIDV1         │     1022 │     1025 │       12 │     1011 │     1044 │     1.2 │
└────────────────┴──────────┴──────────┴──────────┴──────────┴──────────┴─────────┘

Statistical Comparisons (vs SEQUENTIAL):
┌──────────────────────────────┬─────────────┬──────────┬───────────┬───────────────┐
│ Comparison                   │ Median Diff │ p-value  │ Overlap?  │ Significant?  │
├──────────────────────────────┼─────────────┼──────────┼───────────┼───────────────┤
│ SEQUENTIAL vs UUIDV4         │       -0.4% │   0.6015 │ Yes       │ n.s.          │
│ SEQUENTIAL vs UUIDV7         │       +1.6% │   0.0090 │ No        │ No overlap    │
│ SEQUENTIAL vs ULID           │       +3.5% │   0.0090 │ No        │ No overlap    │
│ SEQUENTIAL vs ULID_MONOTONIC │       +4.1% │   0.0090 │ No        │ No overlap    │
│ SEQUENTIAL vs UUIDV1         │       +0.3% │   0.6015 │ Yes       │ n.s.          │
└──────────────────────────────┴─────────────┴──────────┴───────────┴───────────────┘

Latency P95 (µs)
┌────────────────┬──────────┬──────────┬──────────┬──────────┬──────────┬─────────┐
│ Key Type       │ Median   │ Mean     │ StdDev   │ Min      │ Max      │ CV %    │
├────────────────┼──────────┼──────────┼──────────┼──────────┼──────────┼─────────┤
│ SEQUENTIAL     │    97589 │    97761 │      578 │    97115 │    98674 │     0.6 │
│ UUIDV4         │    99278 │    99738 │     1413 │    98300 │   102070 │     1.4 │
│ UUIDV7         │    97893 │    97999 │      998 │    97003 │    99644 │     1.0 │
│ ULID           │    99468 │    98825 │     1110 │    97485 │    99922 │     1.1 │
│ ULID_MONOTONIC │   100113 │    99797 │     1414 │    98126 │   101781 │     1.4 │
│ UUIDV1         │    99593 │   100110 │     1478 │    98564 │   102445 │     1.5 │
└────────────────┴──────────┴──────────┴──────────┴──────────┴──────────┴─────────┘

Statistical Comparisons (vs SEQUENTIAL):
┌──────────────────────────────┬─────────────┬──────────┬───────────┬───────────────┐
│ Comparison                   │ Median Diff │ p-value  │ Overlap?  │ Significant?  │
├──────────────────────────────┼─────────────┼──────────┼───────────┼───────────────┤
│ SEQUENTIAL vs UUIDV4         │       +1.7% │   0.0163 │ Yes       │ * (p<0.05)    │
│ SEQUENTIAL vs UUIDV7         │       +0.3% │   0.7540 │ Yes       │ n.s.          │
│ SEQUENTIAL vs ULID           │       +1.9% │   0.1745 │ Yes       │ n.s.          │
│ SEQUENTIAL vs ULID_MONOTONIC │       +2.6% │   0.0163 │ Yes       │ * (p<0.05)    │
│ SEQUENTIAL vs UUIDV1         │       +2.1% │   0.0163 │ Yes       │ * (p<0.05)    │
└──────────────────────────────┴─────────────┴──────────┴───────────┴───────────────┘

Latency P99 (µs)
┌────────────────┬──────────┬──────────┬──────────┬──────────┬──────────┬─────────┐
│ Key Type       │ Median   │ Mean     │ StdDev   │ Min      │ Max      │ CV %    │
├────────────────┼──────────┼──────────┼──────────┼──────────┼──────────┼─────────┤
│ SEQUENTIAL     │   115236 │   115911 │     3128 │   113048 │   121209 │     2.7 │
│ UUIDV4         │   118653 │   120473 │     4299 │   116662 │   126923 │     3.6 │
│ UUIDV7         │   115438 │   115729 │     2229 │   112965 │   119003 │     1.9 │
│ ULID           │   120713 │   119167 │     2715 │   115967 │   121678 │     2.3 │
│ ULID_MONOTONIC │   122578 │   121687 │     4184 │   116676 │   126022 │     3.4 │
│ UUIDV1         │   125023 │   124919 │     5801 │   117039 │   133312 │     4.6 │
└────────────────┴──────────┴──────────┴──────────┴──────────┴──────────┴─────────┘

Statistical Comparisons (vs SEQUENTIAL):
┌──────────────────────────────┬─────────────┬──────────┬───────────┬───────────────┐
│ Comparison                   │ Median Diff │ p-value  │ Overlap?  │ Significant?  │
├──────────────────────────────┼─────────────┼──────────┼───────────┼───────────────┤
│ SEQUENTIAL vs UUIDV4         │       +3.0% │   0.0472 │ Yes       │ * (p<0.05)    │
│ SEQUENTIAL vs UUIDV7         │       +0.2% │   0.9168 │ Yes       │ n.s.          │
│ SEQUENTIAL vs ULID           │       +4.8% │   0.0758 │ Yes       │ n.s.          │
│ SEQUENTIAL vs ULID_MONOTONIC │       +6.4% │   0.0283 │ Yes       │ * (p<0.05)    │
│ SEQUENTIAL vs UUIDV1         │       +8.5% │   0.0163 │ Yes       │ * (p<0.05)    │
└──────────────────────────────┴─────────────┴──────────┴───────────┴───────────────┘

Read IOPS
┌────────────────┬──────────┬──────────┬──────────┬──────────┬──────────┬─────────┐
│ Key Type       │ Median   │ Mean     │ StdDev   │ Min      │ Max      │ CV %    │
├────────────────┼──────────┼──────────┼──────────┼──────────┼──────────┼─────────┤
│ SEQUENTIAL     │        0 │        0 │        0 │        0 │        0 │     0.0 │
│ UUIDV4         │        0 │        0 │        0 │        0 │        0 │     0.0 │
│ UUIDV7         │        0 │        0 │        0 │        0 │        0 │     0.0 │
│ ULID           │        0 │        0 │        0 │        0 │        0 │     0.0 │
│ ULID_MONOTONIC │        0 │        0 │        0 │        0 │        0 │     0.0 │
│ UUIDV1         │        0 │        0 │        0 │        0 │        0 │     0.0 │
└────────────────┴──────────┴──────────┴──────────┴──────────┴──────────┴─────────┘

Statistical Comparisons (vs SEQUENTIAL):
┌──────────────────────────────┬─────────────┬──────────┬───────────┬───────────────┐
│ Comparison                   │ Median Diff │ p-value  │ Overlap?  │ Significant?  │
├──────────────────────────────┼─────────────┼──────────┼───────────┼───────────────┤
│ SEQUENTIAL vs UUIDV4         │       +0.0% │   1.0000 │ Yes       │ n.s.          │
│ SEQUENTIAL vs UUIDV7         │       +0.0% │   1.0000 │ Yes       │ n.s.          │
│ SEQUENTIAL vs ULID           │       +0.0% │   1.0000 │ Yes       │ n.s.          │
│ SEQUENTIAL vs ULID_MONOTONIC │       +0.0% │   1.0000 │ Yes       │ n.s.          │
│ SEQUENTIAL vs UUIDV1         │       +0.0% │   1.0000 │ Yes       │ n.s.          │
└──────────────────────────────┴─────────────┴──────────┴───────────┴───────────────┘

Write IOPS
┌────────────────┬──────────┬──────────┬──────────┬──────────┬──────────┬─────────┐
│ Key Type       │ Median   │ Mean     │ StdDev   │ Min      │ Max      │ CV %    │
├────────────────┼──────────┼──────────┼──────────┼──────────┼──────────┼─────────┤
│ SEQUENTIAL     │      167 │      178 │       27 │      162 │      227 │    15.3 │
│ UUIDV4         │      169 │      170 │        6 │      164 │      180 │     3.4 │
│ UUIDV7         │      169 │      169 │        3 │      166 │      173 │     1.5 │
│ ULID           │      170 │      170 │        3 │      167 │      173 │     1.8 │
│ ULID_MONOTONIC │      166 │      167 │        3 │      163 │      170 │     1.7 │
│ UUIDV1         │      165 │      165 │        2 │      163 │      168 │     1.1 │
└────────────────┴──────────┴──────────┴──────────┴──────────┴──────────┴─────────┘

Statistical Comparisons (vs SEQUENTIAL):
┌──────────────────────────────┬─────────────┬──────────┬───────────┬───────────────┐
│ Comparison                   │ Median Diff │ p-value  │ Overlap?  │ Significant?  │
├──────────────────────────────┼─────────────┼──────────┼───────────┼───────────────┤
│ SEQUENTIAL vs UUIDV4         │       +0.8% │   0.4647 │ Yes       │ n.s.          │
│ SEQUENTIAL vs UUIDV7         │       +0.9% │   0.6015 │ Yes       │ n.s.          │
│ SEQUENTIAL vs ULID           │       +1.8% │   0.3472 │ Yes       │ n.s.          │
│ SEQUENTIAL vs ULID_MONOTONIC │       -0.6% │   0.7540 │ Yes       │ n.s.          │
│ SEQUENTIAL vs UUIDV1         │       -1.7% │   0.3472 │ Yes       │ n.s.          │
└──────────────────────────────┴─────────────┴──────────┴───────────┴───────────────┘

Read Throughput (MB/s)
┌────────────────┬──────────┬──────────┬──────────┬──────────┬──────────┬─────────┐
│ Key Type       │ Median   │ Mean     │ StdDev   │ Min      │ Max      │ CV %    │
├────────────────┼──────────┼──────────┼──────────┼──────────┼──────────┼─────────┤
│ SEQUENTIAL     │      0.0 │      0.0 │      0.0 │      0.0 │      0.0 │     0.0 │
│ UUIDV4         │      0.0 │      0.0 │      0.0 │      0.0 │      0.0 │     0.0 │
│ UUIDV7         │      0.0 │      0.0 │      0.0 │      0.0 │      0.0 │     0.0 │
│ ULID           │      0.0 │      0.0 │      0.0 │      0.0 │      0.0 │     0.0 │
│ ULID_MONOTONIC │      0.0 │      0.0 │      0.0 │      0.0 │      0.0 │     0.0 │
│ UUIDV1         │      0.0 │      0.0 │      0.0 │      0.0 │      0.0 │     0.0 │
└────────────────┴──────────┴──────────┴──────────┴──────────┴──────────┴─────────┘

Statistical Comparisons (vs SEQUENTIAL):
┌──────────────────────────────┬─────────────┬──────────┬───────────┬───────────────┐
│ Comparison                   │ Median Diff │ p-value  │ Overlap?  │ Significant?  │
├──────────────────────────────┼─────────────┼──────────┼───────────┼───────────────┤
│ SEQUENTIAL vs UUIDV4         │       +0.0% │   1.0000 │ Yes       │ n.s.          │
│ SEQUENTIAL vs UUIDV7         │       +0.0% │   1.0000 │ Yes       │ n.s.          │
│ SEQUENTIAL vs ULID           │       +0.0% │   1.0000 │ Yes       │ n.s.          │
│ SEQUENTIAL vs ULID_MONOTONIC │       +0.0% │   1.0000 │ Yes       │ n.s.          │
│ SEQUENTIAL vs UUIDV1         │       +0.0% │   1.0000 │ Yes       │ n.s.          │
└──────────────────────────────┴─────────────┴──────────┴───────────┴───────────────┘

Write Throughput (MB/s)
┌────────────────┬──────────┬──────────┬──────────┬──────────┬──────────┬─────────┐
│ Key Type       │ Median   │ Mean     │ StdDev   │ Min      │ Max      │ CV %    │
├────────────────┼──────────┼──────────┼──────────┼──────────┼──────────┼─────────┤
│ SEQUENTIAL     │      0.9 │      1.0 │      0.3 │      0.9 │      1.5 │    27.1 │
│ UUIDV4         │      0.9 │      0.9 │      0.1 │      0.9 │      1.0 │     5.6 │
│ UUIDV7         │      0.9 │      0.9 │      0.0 │      0.9 │      0.9 │     1.7 │
│ ULID           │      0.9 │      0.9 │      0.0 │      0.9 │      1.0 │     2.3 │
│ ULID_MONOTONIC │      0.9 │      0.9 │      0.0 │      0.9 │      0.9 │     1.9 │
│ UUIDV1         │      0.9 │      0.9 │      0.0 │      0.9 │      0.9 │     1.6 │
└────────────────┴──────────┴──────────┴──────────┴──────────┴──────────┴─────────┘

Statistical Comparisons (vs SEQUENTIAL):
┌──────────────────────────────┬─────────────┬──────────┬───────────┬───────────────┐
│ Comparison                   │ Median Diff │ p-value  │ Overlap?  │ Significant?  │
├──────────────────────────────┼─────────────┼──────────┼───────────┼───────────────┤
│ SEQUENTIAL vs UUIDV4         │       +1.2% │   0.3472 │ Yes       │ n.s.          │
│ SEQUENTIAL vs UUIDV7         │       +2.3% │   0.1172 │ Yes       │ n.s.          │
│ SEQUENTIAL vs ULID           │       +5.3% │   0.1172 │ Yes       │ n.s.          │
│ SEQUENTIAL vs ULID_MONOTONIC │       +3.5% │   0.1172 │ Yes       │ n.s.          │
│ SEQUENTIAL vs UUIDV1         │       -0.1% │   0.6015 │ Yes       │ n.s.          │
└──────────────────────────────┴─────────────┴──────────┴───────────┴───────────────┘

[4/5] MIXED INSERT-HEAVY
====================================================================================================

Testing SEQUENTIAL (5 runs)
----------------------------------------------------------------------
  Run 1/5... Starting fresh PostgreSQL container...
Waiting for PostgreSQL to initialize...
Container ready

=== Mixed Workload: Insert-Heavy (70% insert, 30% read) - sequential ===
Creating initial dataset (100000 records)...
Creating lookup table for random key selection...
Resetting statistics...
Running mixed workload (140000 inserts, 60000 reads, 0 updates)...
Measuring metrics...
Overall throughput: 160.46 ops/sec
Buffer hit ratio: 92.60%

Cleaning up container...
Container stopped and removed
done
  Run 2/5... Starting fresh PostgreSQL container...
Waiting for PostgreSQL to initialize...
Container ready

=== Mixed Workload: Insert-Heavy (70% insert, 30% read) - sequential ===
Creating initial dataset (100000 records)...
Creating lookup table for random key selection...
Resetting statistics...
Running mixed workload (140000 inserts, 60000 reads, 0 updates)...
Measuring metrics...
Overall throughput: 160.40 ops/sec
Buffer hit ratio: 92.60%

Cleaning up container...
Container stopped and removed
done
  Run 3/5... Starting fresh PostgreSQL container...
Waiting for PostgreSQL to initialize...
Container ready

=== Mixed Workload: Insert-Heavy (70% insert, 30% read) - sequential ===
Creating initial dataset (100000 records)...
Creating lookup table for random key selection...
Resetting statistics...
Running mixed workload (140000 inserts, 60000 reads, 0 updates)...
Measuring metrics...
Overall throughput: 161.25 ops/sec
Buffer hit ratio: 92.56%

Cleaning up container...
Container stopped and removed
done
  Run 4/5... Starting fresh PostgreSQL container...
Waiting for PostgreSQL to initialize...
Container ready

=== Mixed Workload: Insert-Heavy (70% insert, 30% read) - sequential ===
Creating initial dataset (100000 records)...
Creating lookup table for random key selection...
Resetting statistics...
Running mixed workload (140000 inserts, 60000 reads, 0 updates)...
Measuring metrics...
Overall throughput: 160.93 ops/sec
Buffer hit ratio: 92.57%

Cleaning up container...
Container stopped and removed
done
  Run 5/5... Starting fresh PostgreSQL container...
Waiting for PostgreSQL to initialize...
Container ready

=== Mixed Workload: Insert-Heavy (70% insert, 30% read) - sequential ===
Creating initial dataset (100000 records)...
Creating lookup table for random key selection...
Resetting statistics...
Running mixed workload (140000 inserts, 60000 reads, 0 updates)...
Measuring metrics...
Overall throughput: 160.65 ops/sec
Buffer hit ratio: 92.54%

Cleaning up container...
Container stopped and removed
done

Testing UUIDV4 (5 runs)
----------------------------------------------------------------------
  Run 1/5... Starting fresh PostgreSQL container...
Waiting for PostgreSQL to initialize...
Container ready

=== Mixed Workload: Insert-Heavy (70% insert, 30% read) - uuidv4 ===
Creating initial dataset (100000 records)...
Creating lookup table for random key selection...
Resetting statistics...
Running mixed workload (140000 inserts, 60000 reads, 0 updates)...
Measuring metrics...
Overall throughput: 161.21 ops/sec
Buffer hit ratio: 92.85%

Cleaning up container...
Container stopped and removed
done
  Run 2/5... Starting fresh PostgreSQL container...
Waiting for PostgreSQL to initialize...
Container ready

=== Mixed Workload: Insert-Heavy (70% insert, 30% read) - uuidv4 ===
Creating initial dataset (100000 records)...
Creating lookup table for random key selection...
Resetting statistics...
Running mixed workload (140000 inserts, 60000 reads, 0 updates)...
Measuring metrics...
Overall throughput: 161.10 ops/sec
Buffer hit ratio: 92.84%

Cleaning up container...
Container stopped and removed
done
  Run 3/5... Starting fresh PostgreSQL container...
Waiting for PostgreSQL to initialize...
Container ready

=== Mixed Workload: Insert-Heavy (70% insert, 30% read) - uuidv4 ===
Creating initial dataset (100000 records)...
Creating lookup table for random key selection...
Resetting statistics...
Running mixed workload (140000 inserts, 60000 reads, 0 updates)...
Measuring metrics...
Overall throughput: 161.44 ops/sec
Buffer hit ratio: 92.80%

Cleaning up container...
Container stopped and removed
done
  Run 4/5... Starting fresh PostgreSQL container...
Waiting for PostgreSQL to initialize...
Container ready

=== Mixed Workload: Insert-Heavy (70% insert, 30% read) - uuidv4 ===
Creating initial dataset (100000 records)...
Creating lookup table for random key selection...
Resetting statistics...
Running mixed workload (140000 inserts, 60000 reads, 0 updates)...
Measuring metrics...
Overall throughput: 160.97 ops/sec
Buffer hit ratio: 92.83%

Cleaning up container...
Container stopped and removed
done
  Run 5/5... Starting fresh PostgreSQL container...
Waiting for PostgreSQL to initialize...
Container ready

=== Mixed Workload: Insert-Heavy (70% insert, 30% read) - uuidv4 ===
Creating initial dataset (100000 records)...
Creating lookup table for random key selection...
Resetting statistics...
Running mixed workload (140000 inserts, 60000 reads, 0 updates)...
Measuring metrics...
Overall throughput: 160.40 ops/sec
Buffer hit ratio: 92.81%

Cleaning up container...
Container stopped and removed
done

Testing UUIDV7 (5 runs)
----------------------------------------------------------------------
  Run 1/5... Starting fresh PostgreSQL container...
Waiting for PostgreSQL to initialize...
Container ready

=== Mixed Workload: Insert-Heavy (70% insert, 30% read) - uuidv7 ===
Creating initial dataset (100000 records)...
Creating lookup table for random key selection...
Resetting statistics...
Running mixed workload (140000 inserts, 60000 reads, 0 updates)...
Measuring metrics...
Overall throughput: 160.73 ops/sec
Buffer hit ratio: 91.06%

Cleaning up container...
Container stopped and removed
done
  Run 2/5... Starting fresh PostgreSQL container...
Waiting for PostgreSQL to initialize...
Container ready

=== Mixed Workload: Insert-Heavy (70% insert, 30% read) - uuidv7 ===
Creating initial dataset (100000 records)...
Creating lookup table for random key selection...
Resetting statistics...
Running mixed workload (140000 inserts, 60000 reads, 0 updates)...
Measuring metrics...
Overall throughput: 161.12 ops/sec
Buffer hit ratio: 91.09%

Cleaning up container...
Container stopped and removed
done
  Run 3/5... Starting fresh PostgreSQL container...
Waiting for PostgreSQL to initialize...
Container ready

=== Mixed Workload: Insert-Heavy (70% insert, 30% read) - uuidv7 ===
Creating initial dataset (100000 records)...
Creating lookup table for random key selection...
Resetting statistics...
Running mixed workload (140000 inserts, 60000 reads, 0 updates)...
Measuring metrics...
Overall throughput: 161.73 ops/sec
Buffer hit ratio: 91.06%

Cleaning up container...
Container stopped and removed
done
  Run 4/5... Starting fresh PostgreSQL container...
Waiting for PostgreSQL to initialize...
Container ready

=== Mixed Workload: Insert-Heavy (70% insert, 30% read) - uuidv7 ===
Creating initial dataset (100000 records)...
Creating lookup table for random key selection...
Resetting statistics...
Running mixed workload (140000 inserts, 60000 reads, 0 updates)...
Measuring metrics...
Overall throughput: 160.81 ops/sec
Buffer hit ratio: 91.05%

Cleaning up container...
Container stopped and removed
done
  Run 5/5... Starting fresh PostgreSQL container...
Waiting for PostgreSQL to initialize...
Container ready

=== Mixed Workload: Insert-Heavy (70% insert, 30% read) - uuidv7 ===
Creating initial dataset (100000 records)...
Creating lookup table for random key selection...
Resetting statistics...
Running mixed workload (140000 inserts, 60000 reads, 0 updates)...
Measuring metrics...
Overall throughput: 160.95 ops/sec
Buffer hit ratio: 91.10%

Cleaning up container...
Container stopped and removed
done

Testing ULID (5 runs)
----------------------------------------------------------------------
  Run 1/5... Starting fresh PostgreSQL container...
Waiting for PostgreSQL to initialize...
Container ready

=== Mixed Workload: Insert-Heavy (70% insert, 30% read) - ulid ===
Creating initial dataset (100000 records)...
Creating lookup table for random key selection...
Resetting statistics...
Running mixed workload (140000 inserts, 60000 reads, 0 updates)...
Measuring metrics...
Overall throughput: 161.27 ops/sec
Buffer hit ratio: 90.87%

Cleaning up container...
Container stopped and removed
done
  Run 2/5... Starting fresh PostgreSQL container...
Waiting for PostgreSQL to initialize...
Container ready

=== Mixed Workload: Insert-Heavy (70% insert, 30% read) - ulid ===
Creating initial dataset (100000 records)...
Creating lookup table for random key selection...
Resetting statistics...
Running mixed workload (140000 inserts, 60000 reads, 0 updates)...
Measuring metrics...
Overall throughput: 161.17 ops/sec
Buffer hit ratio: 90.85%

Cleaning up container...
Container stopped and removed
done
  Run 3/5... Starting fresh PostgreSQL container...
Waiting for PostgreSQL to initialize...
Container ready

=== Mixed Workload: Insert-Heavy (70% insert, 30% read) - ulid ===
Creating initial dataset (100000 records)...
Creating lookup table for random key selection...
Resetting statistics...
Running mixed workload (140000 inserts, 60000 reads, 0 updates)...
Measuring metrics...
Overall throughput: 161.18 ops/sec
Buffer hit ratio: 90.82%

Cleaning up container...
Container stopped and removed
done
  Run 4/5... Starting fresh PostgreSQL container...
Waiting for PostgreSQL to initialize...
Container ready

=== Mixed Workload: Insert-Heavy (70% insert, 30% read) - ulid ===
Creating initial dataset (100000 records)...
Creating lookup table for random key selection...
Resetting statistics...
Running mixed workload (140000 inserts, 60000 reads, 0 updates)...
Measuring metrics...
Overall throughput: 161.19 ops/sec
Buffer hit ratio: 90.84%

Cleaning up container...
Container stopped and removed
done
  Run 5/5... Starting fresh PostgreSQL container...
Waiting for PostgreSQL to initialize...
Container ready

=== Mixed Workload: Insert-Heavy (70% insert, 30% read) - ulid ===
Creating initial dataset (100000 records)...
Creating lookup table for random key selection...
Resetting statistics...
Running mixed workload (140000 inserts, 60000 reads, 0 updates)...
Measuring metrics...
Overall throughput: 161.18 ops/sec
Buffer hit ratio: 90.86%

Cleaning up container...
Container stopped and removed
done

Testing ULID_MONOTONIC (5 runs)
----------------------------------------------------------------------
  Run 1/5... Starting fresh PostgreSQL container...
Waiting for PostgreSQL to initialize...
Container ready

=== Mixed Workload: Insert-Heavy (70% insert, 30% read) - ulid_monotonic ===
Creating initial dataset (100000 records)...
Creating lookup table for random key selection...
Resetting statistics...
Running mixed workload (140000 inserts, 60000 reads, 0 updates)...
Measuring metrics...
Overall throughput: 160.70 ops/sec
Buffer hit ratio: 90.85%

Cleaning up container...
Container stopped and removed
done
  Run 2/5... Starting fresh PostgreSQL container...
Waiting for PostgreSQL to initialize...
Container ready

=== Mixed Workload: Insert-Heavy (70% insert, 30% read) - ulid_monotonic ===
Creating initial dataset (100000 records)...
Creating lookup table for random key selection...
Resetting statistics...
Running mixed workload (140000 inserts, 60000 reads, 0 updates)...
Measuring metrics...
Overall throughput: 160.31 ops/sec
Buffer hit ratio: 90.85%

Cleaning up container...
Container stopped and removed
done
  Run 3/5... Starting fresh PostgreSQL container...
Waiting for PostgreSQL to initialize...
Container ready

=== Mixed Workload: Insert-Heavy (70% insert, 30% read) - ulid_monotonic ===
Creating initial dataset (100000 records)...
Creating lookup table for random key selection...
Resetting statistics...
Running mixed workload (140000 inserts, 60000 reads, 0 updates)...
Measuring metrics...
Overall throughput: 159.90 ops/sec
Buffer hit ratio: 90.83%

Cleaning up container...
Container stopped and removed
done
  Run 4/5... Starting fresh PostgreSQL container...
Waiting for PostgreSQL to initialize...
Container ready

=== Mixed Workload: Insert-Heavy (70% insert, 30% read) - ulid_monotonic ===
Creating initial dataset (100000 records)...
Creating lookup table for random key selection...
Resetting statistics...
Running mixed workload (140000 inserts, 60000 reads, 0 updates)...
Measuring metrics...
Overall throughput: 161.20 ops/sec
Buffer hit ratio: 90.86%

Cleaning up container...
Container stopped and removed
done
  Run 5/5... Starting fresh PostgreSQL container...
Waiting for PostgreSQL to initialize...
Container ready

=== Mixed Workload: Insert-Heavy (70% insert, 30% read) - ulid_monotonic ===
Creating initial dataset (100000 records)...
Creating lookup table for random key selection...
Resetting statistics...
Running mixed workload (140000 inserts, 60000 reads, 0 updates)...
Measuring metrics...
Overall throughput: 160.47 ops/sec
Buffer hit ratio: 90.86%

Cleaning up container...
Container stopped and removed
done

Testing UUIDV1 (5 runs)
----------------------------------------------------------------------
  Run 1/5... Starting fresh PostgreSQL container...
Waiting for PostgreSQL to initialize...
Container ready

=== Mixed Workload: Insert-Heavy (70% insert, 30% read) - uuidv1 ===
Creating initial dataset (100000 records)...
Creating lookup table for random key selection...
Resetting statistics...
Running mixed workload (140000 inserts, 60000 reads, 0 updates)...
Measuring metrics...
Overall throughput: 160.28 ops/sec
Buffer hit ratio: 92.42%

Cleaning up container...
Container stopped and removed
done
  Run 2/5... Starting fresh PostgreSQL container...
Waiting for PostgreSQL to initialize...
Container ready

=== Mixed Workload: Insert-Heavy (70% insert, 30% read) - uuidv1 ===
Creating initial dataset (100000 records)...
Creating lookup table for random key selection...
Resetting statistics...
Running mixed workload (140000 inserts, 60000 reads, 0 updates)...
Measuring metrics...
Overall throughput: 160.92 ops/sec
Buffer hit ratio: 92.38%

Cleaning up container...
Container stopped and removed
done
  Run 3/5... Starting fresh PostgreSQL container...
Waiting for PostgreSQL to initialize...
Container ready

=== Mixed Workload: Insert-Heavy (70% insert, 30% read) - uuidv1 ===
Creating initial dataset (100000 records)...
Creating lookup table for random key selection...
Resetting statistics...
Running mixed workload (140000 inserts, 60000 reads, 0 updates)...
Measuring metrics...
Overall throughput: 160.63 ops/sec
Buffer hit ratio: 92.36%

Cleaning up container...
Container stopped and removed
done
  Run 4/5... Starting fresh PostgreSQL container...
Waiting for PostgreSQL to initialize...
Container ready

=== Mixed Workload: Insert-Heavy (70% insert, 30% read) - uuidv1 ===
Creating initial dataset (100000 records)...
Creating lookup table for random key selection...
Resetting statistics...
Running mixed workload (140000 inserts, 60000 reads, 0 updates)...
Measuring metrics...
Overall throughput: 160.80 ops/sec
Buffer hit ratio: 92.32%

Cleaning up container...
Container stopped and removed
done
  Run 5/5... Starting fresh PostgreSQL container...
Waiting for PostgreSQL to initialize...
Container ready

=== Mixed Workload: Insert-Heavy (70% insert, 30% read) - uuidv1 ===
Creating initial dataset (100000 records)...
Creating lookup table for random key selection...
Resetting statistics...
Running mixed workload (140000 inserts, 60000 reads, 0 updates)...
Measuring metrics...
Overall throughput: 160.95 ops/sec
Buffer hit ratio: 92.78%

Cleaning up container...
Container stopped and removed
done

====================================================================================================
Mixed Insert-Heavy (70% insert, 30% read) - Statistical Summary (5 runs per UUID type)
====================================================================================================

Overall Throughput (ops/sec)
┌────────────────┬──────────┬──────────┬──────────┬──────────┬──────────┬─────────┐
│ Key Type       │ Median   │ Mean     │ StdDev   │ Min      │ Max      │ CV %    │
├────────────────┼──────────┼──────────┼──────────┼──────────┼──────────┼─────────┤
│ SEQUENTIAL     │      161 │      161 │        0 │      160 │      161 │     0.2 │
│ UUIDV4         │      161 │      161 │        0 │      160 │      161 │     0.2 │
│ UUIDV7         │      161 │      161 │        0 │      161 │      162 │     0.2 │
│ ULID           │      161 │      161 │        0 │      161 │      161 │     0.0 │
│ ULID_MONOTONIC │      160 │      161 │        0 │      160 │      161 │     0.3 │
│ UUIDV1         │      161 │      161 │        0 │      160 │      161 │     0.2 │
└────────────────┴──────────┴──────────┴──────────┴──────────┴──────────┴─────────┘

Statistical Comparisons (vs SEQUENTIAL):
┌──────────────────────────────┬─────────────┬──────────┬───────────┬───────────────┐
│ Comparison                   │ Median Diff │ p-value  │ Overlap?  │ Significant?  │
├──────────────────────────────┼─────────────┼──────────┼───────────┼───────────────┤
│ SEQUENTIAL vs UUIDV4         │       +0.3% │   0.3472 │ Yes       │ n.s.          │
│ SEQUENTIAL vs UUIDV7         │       +0.2% │   0.1745 │ Yes       │ n.s.          │
│ SEQUENTIAL vs ULID           │       +0.3% │   0.0758 │ Yes       │ n.s.          │
│ SEQUENTIAL vs ULID_MONOTONIC │       -0.1% │   0.4647 │ Yes       │ n.s.          │
│ SEQUENTIAL vs UUIDV1         │       +0.1% │   0.9168 │ Yes       │ n.s.          │
└──────────────────────────────┴─────────────┴──────────┴───────────┴───────────────┘

Leaf Fragmentation (%)
┌────────────────┬──────────┬──────────┬──────────┬──────────┬──────────┬─────────┐
│ Key Type       │ Median   │ Mean     │ StdDev   │ Min      │ Max      │ CV %    │
├────────────────┼──────────┼──────────┼──────────┼──────────┼──────────┼─────────┤
│ SEQUENTIAL     │     0.00 │     0.00 │     0.00 │     0.00 │     0.00 │     0.0 │
│ UUIDV4         │    49.91 │    49.81 │     0.27 │    49.40 │    50.08 │     0.5 │
│ UUIDV7         │     0.00 │     0.00 │     0.00 │     0.00 │     0.00 │     0.0 │
│ ULID           │     0.00 │     0.00 │     0.00 │     0.00 │     0.00 │     0.0 │
│ ULID_MONOTONIC │     0.00 │     0.00 │     0.00 │     0.00 │     0.00 │     0.0 │
│ UUIDV1         │    31.77 │    31.28 │     1.08 │    29.36 │    31.87 │     3.4 │
└────────────────┴──────────┴──────────┴──────────┴──────────┴──────────┴─────────┘

Statistical Comparisons (vs SEQUENTIAL):
┌──────────────────────────────┬─────────────┬──────────┬───────────┬───────────────┐
│ Comparison                   │ Median Diff │ p-value  │ Overlap?  │ Significant?  │
├──────────────────────────────┼─────────────┼──────────┼───────────┼───────────────┤
│ SEQUENTIAL vs UUIDV4         │       +0.0% │   0.0090 │ No        │ No overlap    │
│ SEQUENTIAL vs UUIDV7         │       +0.0% │   1.0000 │ Yes       │ n.s.          │
│ SEQUENTIAL vs ULID           │       +0.0% │   1.0000 │ Yes       │ n.s.          │
│ SEQUENTIAL vs ULID_MONOTONIC │       +0.0% │   1.0000 │ Yes       │ n.s.          │
│ SEQUENTIAL vs UUIDV1         │       +0.0% │   0.0090 │ No        │ No overlap    │
└──────────────────────────────┴─────────────┴──────────┴───────────┴───────────────┘

Cache Hit Ratio
┌────────────────┬──────────┬──────────┬──────────┬──────────┬──────────┬─────────┐
│ Key Type       │ Median   │ Mean     │ StdDev   │ Min      │ Max      │ CV %    │
├────────────────┼──────────┼──────────┼──────────┼──────────┼──────────┼─────────┤
│ SEQUENTIAL     │   0.9257 │   0.9257 │   0.0003 │   0.9254 │   0.9260 │     0.0 │
│ UUIDV4         │   0.9283 │   0.9282 │   0.0002 │   0.9280 │   0.9285 │     0.0 │
│ UUIDV7         │   0.9106 │   0.9107 │   0.0002 │   0.9105 │   0.9110 │     0.0 │
│ ULID           │   0.9085 │   0.9085 │   0.0002 │   0.9082 │   0.9087 │     0.0 │
│ ULID_MONOTONIC │   0.9085 │   0.9085 │   0.0001 │   0.9083 │   0.9086 │     0.0 │
│ UUIDV1         │   0.9238 │   0.9245 │   0.0019 │   0.9232 │   0.9278 │     0.2 │
└────────────────┴──────────┴──────────┴──────────┴──────────┴──────────┴─────────┘

Statistical Comparisons (vs SEQUENTIAL):
┌──────────────────────────────┬─────────────┬──────────┬───────────┬───────────────┐
│ Comparison                   │ Median Diff │ p-value  │ Overlap?  │ Significant?  │
├──────────────────────────────┼─────────────┼──────────┼───────────┼───────────────┤
│ SEQUENTIAL vs UUIDV4         │       +0.3% │   0.0090 │ No        │ No overlap    │
│ SEQUENTIAL vs UUIDV7         │       -1.6% │   0.0090 │ No        │ No overlap    │
│ SEQUENTIAL vs ULID           │       -1.9% │   0.0090 │ No        │ No overlap    │
│ SEQUENTIAL vs ULID_MONOTONIC │       -1.9% │   0.0090 │ No        │ No overlap    │
│ SEQUENTIAL vs UUIDV1         │       -0.2% │   0.1172 │ Yes       │ n.s.          │
└──────────────────────────────┴─────────────┴──────────┴───────────┴───────────────┘

Index Hit Ratio
┌────────────────┬──────────┬──────────┬──────────┬──────────┬──────────┬─────────┐
│ Key Type       │ Median   │ Mean     │ StdDev   │ Min      │ Max      │ CV %    │
├────────────────┼──────────┼──────────┼──────────┼──────────┼──────────┼─────────┤
│ SEQUENTIAL     │   1.0000 │   1.0000 │   0.0000 │   1.0000 │   1.0000 │     0.0 │
│ UUIDV4         │   1.0000 │   1.0000 │   0.0000 │   1.0000 │   1.0000 │     0.0 │
│ UUIDV7         │   1.0000 │   1.0000 │   0.0000 │   1.0000 │   1.0000 │     0.0 │
│ ULID           │   1.0000 │   1.0000 │   0.0000 │   1.0000 │   1.0000 │     0.0 │
│ ULID_MONOTONIC │   1.0000 │   1.0000 │   0.0000 │   1.0000 │   1.0000 │     0.0 │
│ UUIDV1         │   0.9996 │   0.9995 │   0.0000 │   0.9995 │   0.9996 │     0.0 │
└────────────────┴──────────┴──────────┴──────────┴──────────┴──────────┴─────────┘

Statistical Comparisons (vs SEQUENTIAL):
┌──────────────────────────────┬─────────────┬──────────┬───────────┬───────────────┐
│ Comparison                   │ Median Diff │ p-value  │ Overlap?  │ Significant?  │
├──────────────────────────────┼─────────────┼──────────┼───────────┼───────────────┤
│ SEQUENTIAL vs UUIDV4         │       -0.0% │   0.0090 │ No        │ No overlap    │
│ SEQUENTIAL vs UUIDV7         │       -0.0% │   0.0090 │ No        │ No overlap    │
│ SEQUENTIAL vs ULID           │       -0.0% │   0.1172 │ Yes       │ n.s.          │
│ SEQUENTIAL vs ULID_MONOTONIC │       -0.0% │   0.1172 │ Yes       │ n.s.          │
│ SEQUENTIAL vs UUIDV1         │       -0.0% │   0.0090 │ No        │ No overlap    │
└──────────────────────────────┴─────────────┴──────────┴───────────┴───────────────┘

Table Size (MB)
┌────────────────┬──────────┬──────────┬──────────┬──────────┬──────────┬─────────┐
│ Key Type       │ Median   │ Mean     │ StdDev   │ Min      │ Max      │ CV %    │
├────────────────┼──────────┼──────────┼──────────┼──────────┼──────────┼─────────┤
│ SEQUENTIAL     │    268.0 │    268.0 │      0.2 │    267.7 │    268.2 │     0.1 │
│ UUIDV4         │    268.0 │    268.1 │      0.3 │    267.8 │    268.6 │     0.1 │
│ UUIDV7         │    268.0 │    268.0 │      0.3 │    267.7 │    268.2 │     0.1 │
│ ULID           │    267.9 │    268.0 │      0.1 │    267.9 │    268.1 │     0.0 │
│ ULID_MONOTONIC │    268.1 │    268.0 │      0.2 │    267.8 │    268.3 │     0.1 │
│ UUIDV1         │    268.0 │    268.0 │      0.1 │    267.8 │    268.1 │     0.1 │
└────────────────┴──────────┴──────────┴──────────┴──────────┴──────────┴─────────┘

Statistical Comparisons (vs SEQUENTIAL):
┌──────────────────────────────┬─────────────┬──────────┬───────────┬───────────────┐
│ Comparison                   │ Median Diff │ p-value  │ Overlap?  │ Significant?  │
├──────────────────────────────┼─────────────┼──────────┼───────────┼───────────────┤
│ SEQUENTIAL vs UUIDV4         │       -0.0% │   1.0000 │ Yes       │ n.s.          │
│ SEQUENTIAL vs UUIDV7         │       +0.0% │   0.8345 │ Yes       │ n.s.          │
│ SEQUENTIAL vs ULID           │       -0.0% │   0.2506 │ Yes       │ n.s.          │
│ SEQUENTIAL vs ULID_MONOTONIC │       +0.0% │   0.7540 │ Yes       │ n.s.          │
│ SEQUENTIAL vs UUIDV1         │       +0.0% │   0.9168 │ Yes       │ n.s.          │
└──────────────────────────────┴─────────────┴──────────┴───────────┴───────────────┘

Index Size (MB)
┌────────────────┬──────────┬──────────┬──────────┬──────────┬──────────┬─────────┐
│ Key Type       │ Median   │ Mean     │ StdDev   │ Min      │ Max      │ CV %    │
├────────────────┼──────────┼──────────┼──────────┼──────────┼──────────┼─────────┤
│ SEQUENTIAL     │      5.2 │      5.2 │      0.0 │      5.1 │      5.2 │     0.1 │
│ UUIDV4         │      9.2 │      9.1 │      0.1 │      8.9 │      9.3 │     1.6 │
│ UUIDV7         │      7.2 │      7.2 │      0.0 │      7.2 │      7.2 │     0.1 │
│ ULID           │      9.3 │      9.3 │      0.0 │      9.3 │      9.3 │     0.0 │
│ ULID_MONOTONIC │      9.3 │      9.3 │      0.0 │      9.3 │      9.3 │     0.1 │
│ UUIDV1         │      8.4 │      8.4 │      0.0 │      8.4 │      8.5 │     0.4 │
└────────────────┴──────────┴──────────┴──────────┴──────────┴──────────┴─────────┘

Statistical Comparisons (vs SEQUENTIAL):
┌──────────────────────────────┬─────────────┬──────────┬───────────┬───────────────┐
│ Comparison                   │ Median Diff │ p-value  │ Overlap?  │ Significant?  │
├──────────────────────────────┼─────────────┼──────────┼───────────┼───────────────┤
│ SEQUENTIAL vs UUIDV4         │      +78.3% │   0.0090 │ No        │ No overlap    │
│ SEQUENTIAL vs UUIDV7         │      +40.5% │   0.0090 │ No        │ No overlap    │
│ SEQUENTIAL vs ULID           │      +80.8% │   0.0090 │ No        │ No overlap    │
│ SEQUENTIAL vs ULID_MONOTONIC │      +80.8% │   0.0090 │ No        │ No overlap    │
│ SEQUENTIAL vs UUIDV1         │      +63.0% │   0.0090 │ No        │ No overlap    │
└──────────────────────────────┴─────────────┴──────────┴───────────┴───────────────┘

Latency P50 (µs)
┌────────────────┬──────────┬──────────┬──────────┬──────────┬──────────┬─────────┐
│ Key Type       │ Median   │ Mean     │ StdDev   │ Min      │ Max      │ CV %    │
├────────────────┼──────────┼──────────┼──────────┼──────────┼──────────┼─────────┤
│ SEQUENTIAL     │      637 │      641 │        7 │      634 │      651 │     1.1 │
│ UUIDV4         │      661 │      659 │       11 │      647 │      674 │     1.6 │
│ UUIDV7         │      653 │      652 │       10 │      639 │      665 │     1.5 │
│ ULID           │      648 │      648 │        9 │      639 │      660 │     1.3 │
│ ULID_MONOTONIC │      651 │      653 │        4 │      651 │      659 │     0.5 │
│ UUIDV1         │      637 │      644 │       21 │      629 │      680 │     3.2 │
└────────────────┴──────────┴──────────┴──────────┴──────────┴──────────┴─────────┘

Statistical Comparisons (vs SEQUENTIAL):
┌──────────────────────────────┬─────────────┬──────────┬───────────┬───────────────┐
│ Comparison                   │ Median Diff │ p-value  │ Overlap?  │ Significant?  │
├──────────────────────────────┼─────────────┼──────────┼───────────┼───────────────┤
│ SEQUENTIAL vs UUIDV4         │       +3.8% │   0.0367 │ Yes       │ * (p<0.05)    │
│ SEQUENTIAL vs UUIDV7         │       +2.5% │   0.0758 │ Yes       │ n.s.          │
│ SEQUENTIAL vs ULID           │       +1.7% │   0.1172 │ Yes       │ n.s.          │
│ SEQUENTIAL vs ULID_MONOTONIC │       +2.2% │   0.0216 │ Yes       │ * (p<0.05)    │
│ SEQUENTIAL vs UUIDV1         │       +0.0% │   0.6015 │ Yes       │ n.s.          │
└──────────────────────────────┴─────────────┴──────────┴───────────┴───────────────┘

Latency P95 (µs)
┌────────────────┬──────────┬──────────┬──────────┬──────────┬──────────┬─────────┐
│ Key Type       │ Median   │ Mean     │ StdDev   │ Min      │ Max      │ CV %    │
├────────────────┼──────────┼──────────┼──────────┼──────────┼──────────┼─────────┤
│ SEQUENTIAL     │    94513 │    94499 │       59 │    94413 │    94563 │     0.1 │
│ UUIDV4         │    94368 │    94337 │       61 │    94236 │    94384 │     0.1 │
│ UUIDV7         │    94326 │    94336 │       69 │    94272 │    94452 │     0.1 │
│ ULID           │    94422 │    94424 │       49 │    94350 │    94479 │     0.1 │
│ ULID_MONOTONIC │    94433 │    94432 │       75 │    94319 │    94529 │     0.1 │
│ UUIDV1         │    94835 │    94764 │      193 │    94442 │    94945 │     0.2 │
└────────────────┴──────────┴──────────┴──────────┴──────────┴──────────┴─────────┘

Statistical Comparisons (vs SEQUENTIAL):
┌──────────────────────────────┬─────────────┬──────────┬───────────┬───────────────┐
│ Comparison                   │ Median Diff │ p-value  │ Overlap?  │ Significant?  │
├──────────────────────────────┼─────────────┼──────────┼───────────┼───────────────┤
│ SEQUENTIAL vs UUIDV4         │       -0.2% │   0.0090 │ No        │ No overlap    │
│ SEQUENTIAL vs UUIDV7         │       -0.2% │   0.0163 │ Yes       │ * (p<0.05)    │
│ SEQUENTIAL vs ULID           │       -0.1% │   0.0947 │ Yes       │ n.s.          │
│ SEQUENTIAL vs ULID_MONOTONIC │       -0.1% │   0.1745 │ Yes       │ n.s.          │
│ SEQUENTIAL vs UUIDV1         │       +0.3% │   0.0758 │ Yes       │ n.s.          │
└──────────────────────────────┴─────────────┴──────────┴───────────┴───────────────┘

Latency P99 (µs)
┌────────────────┬──────────┬──────────┬──────────┬──────────┬──────────┬─────────┐
│ Key Type       │ Median   │ Mean     │ StdDev   │ Min      │ Max      │ CV %    │
├────────────────┼──────────┼──────────┼──────────┼──────────┼──────────┼─────────┤
│ SEQUENTIAL     │   106258 │   106240 │      171 │   106000 │   106442 │     0.2 │
│ UUIDV4         │   105528 │   105481 │      253 │   105172 │   105768 │     0.2 │
│ UUIDV7         │   105738 │   105845 │      200 │   105689 │   106154 │     0.2 │
│ ULID           │   105785 │   105845 │      192 │   105608 │   106099 │     0.2 │
│ ULID_MONOTONIC │   105834 │   105808 │      168 │   105550 │   106003 │     0.2 │
│ UUIDV1         │   105925 │   105893 │      394 │   105252 │   106318 │     0.4 │
└────────────────┴──────────┴──────────┴──────────┴──────────┴──────────┴─────────┘

Statistical Comparisons (vs SEQUENTIAL):
┌──────────────────────────────┬─────────────┬──────────┬───────────┬───────────────┐
│ Comparison                   │ Median Diff │ p-value  │ Overlap?  │ Significant?  │
├──────────────────────────────┼─────────────┼──────────┼───────────┼───────────────┤
│ SEQUENTIAL vs UUIDV4         │       -0.7% │   0.0090 │ No        │ No overlap    │
│ SEQUENTIAL vs UUIDV7         │       -0.5% │   0.0216 │ Yes       │ * (p<0.05)    │
│ SEQUENTIAL vs ULID           │       -0.4% │   0.0163 │ Yes       │ * (p<0.05)    │
│ SEQUENTIAL vs ULID_MONOTONIC │       -0.4% │   0.0163 │ Yes       │ * (p<0.05)    │
│ SEQUENTIAL vs UUIDV1         │       -0.3% │   0.0758 │ Yes       │ n.s.          │
└──────────────────────────────┴─────────────┴──────────┴───────────┴───────────────┘

Read IOPS
┌────────────────┬──────────┬──────────┬──────────┬──────────┬──────────┬─────────┐
│ Key Type       │ Median   │ Mean     │ StdDev   │ Min      │ Max      │ CV %    │
├────────────────┼──────────┼──────────┼──────────┼──────────┼──────────┼─────────┤
│ SEQUENTIAL     │        0 │        0 │        0 │        0 │        0 │     0.0 │
│ UUIDV4         │        0 │        0 │        0 │        0 │        0 │     0.0 │
│ UUIDV7         │        0 │        0 │        0 │        0 │        0 │     0.0 │
│ ULID           │        0 │        0 │        0 │        0 │        0 │     0.0 │
│ ULID_MONOTONIC │        0 │        0 │        0 │        0 │        0 │     0.0 │
│ UUIDV1         │        0 │        0 │        0 │        0 │        0 │     0.0 │
└────────────────┴──────────┴──────────┴──────────┴──────────┴──────────┴─────────┘

Statistical Comparisons (vs SEQUENTIAL):
┌──────────────────────────────┬─────────────┬──────────┬───────────┬───────────────┐
│ Comparison                   │ Median Diff │ p-value  │ Overlap?  │ Significant?  │
├──────────────────────────────┼─────────────┼──────────┼───────────┼───────────────┤
│ SEQUENTIAL vs UUIDV4         │       +0.0% │   1.0000 │ Yes       │ n.s.          │
│ SEQUENTIAL vs UUIDV7         │       +0.0% │   1.0000 │ Yes       │ n.s.          │
│ SEQUENTIAL vs ULID           │       +0.0% │   1.0000 │ Yes       │ n.s.          │
│ SEQUENTIAL vs ULID_MONOTONIC │       +0.0% │   1.0000 │ Yes       │ n.s.          │
│ SEQUENTIAL vs UUIDV1         │       +0.0% │   1.0000 │ Yes       │ n.s.          │
└──────────────────────────────┴─────────────┴──────────┴───────────┴───────────────┘

Write IOPS
┌────────────────┬──────────┬──────────┬──────────┬──────────┬──────────┬─────────┐
│ Key Type       │ Median   │ Mean     │ StdDev   │ Min      │ Max      │ CV %    │
├────────────────┼──────────┼──────────┼──────────┼──────────┼──────────┼─────────┤
│ SEQUENTIAL     │      117 │      117 │        0 │      117 │      117 │     0.2 │
│ UUIDV4         │      118 │      118 │        0 │      117 │      118 │     0.1 │
│ UUIDV7         │      118 │      118 │        0 │      118 │      118 │     0.1 │
│ ULID           │      118 │      118 │        0 │      118 │      118 │     0.0 │
│ ULID_MONOTONIC │      117 │      118 │        0 │      117 │      118 │     0.3 │
│ UUIDV1         │      117 │      117 │        0 │      117 │      118 │     0.2 │
└────────────────┴──────────┴──────────┴──────────┴──────────┴──────────┴─────────┘

Statistical Comparisons (vs SEQUENTIAL):
┌──────────────────────────────┬─────────────┬──────────┬───────────┬───────────────┐
│ Comparison                   │ Median Diff │ p-value  │ Overlap?  │ Significant?  │
├──────────────────────────────┼─────────────┼──────────┼───────────┼───────────────┤
│ SEQUENTIAL vs UUIDV4         │       +0.3% │   0.0163 │ Yes       │ * (p<0.05)    │
│ SEQUENTIAL vs UUIDV7         │       +0.5% │   0.0090 │ No        │ No overlap    │
│ SEQUENTIAL vs ULID           │       +0.7% │   0.0090 │ No        │ No overlap    │
│ SEQUENTIAL vs ULID_MONOTONIC │       +0.2% │   0.1745 │ Yes       │ n.s.          │
│ SEQUENTIAL vs UUIDV1         │       +0.2% │   0.1172 │ Yes       │ n.s.          │
└──────────────────────────────┴─────────────┴──────────┴───────────┴───────────────┘

Read Throughput (MB/s)
┌────────────────┬──────────┬──────────┬──────────┬──────────┬──────────┬─────────┐
│ Key Type       │ Median   │ Mean     │ StdDev   │ Min      │ Max      │ CV %    │
├────────────────┼──────────┼──────────┼──────────┼──────────┼──────────┼─────────┤
│ SEQUENTIAL     │      0.0 │      0.0 │      0.0 │      0.0 │      0.0 │     0.0 │
│ UUIDV4         │      0.0 │      0.0 │      0.0 │      0.0 │      0.0 │     0.0 │
│ UUIDV7         │      0.0 │      0.0 │      0.0 │      0.0 │      0.0 │     0.0 │
│ ULID           │      0.0 │      0.0 │      0.0 │      0.0 │      0.0 │     0.0 │
│ ULID_MONOTONIC │      0.0 │      0.0 │      0.0 │      0.0 │      0.0 │     0.0 │
│ UUIDV1         │      0.0 │      0.0 │      0.0 │      0.0 │      0.0 │     0.0 │
└────────────────┴──────────┴──────────┴──────────┴──────────┴──────────┴─────────┘

Statistical Comparisons (vs SEQUENTIAL):
┌──────────────────────────────┬─────────────┬──────────┬───────────┬───────────────┐
│ Comparison                   │ Median Diff │ p-value  │ Overlap?  │ Significant?  │
├──────────────────────────────┼─────────────┼──────────┼───────────┼───────────────┤
│ SEQUENTIAL vs UUIDV4         │       +0.0% │   1.0000 │ Yes       │ n.s.          │
│ SEQUENTIAL vs UUIDV7         │       +0.0% │   1.0000 │ Yes       │ n.s.          │
│ SEQUENTIAL vs ULID           │       +0.0% │   1.0000 │ Yes       │ n.s.          │
│ SEQUENTIAL vs ULID_MONOTONIC │       +0.0% │   1.0000 │ Yes       │ n.s.          │
│ SEQUENTIAL vs UUIDV1         │       +0.0% │   1.0000 │ Yes       │ n.s.          │
└──────────────────────────────┴─────────────┴──────────┴───────────┴───────────────┘

Write Throughput (MB/s)
┌────────────────┬──────────┬──────────┬──────────┬──────────┬──────────┬─────────┐
│ Key Type       │ Median   │ Mean     │ StdDev   │ Min      │ Max      │ CV %    │
├────────────────┼──────────┼──────────┼──────────┼──────────┼──────────┼─────────┤
│ SEQUENTIAL     │      0.4 │      0.3 │      0.0 │      0.3 │      0.4 │     8.9 │
│ UUIDV4         │      0.4 │      0.3 │      0.0 │      0.3 │      0.4 │     4.7 │
│ UUIDV7         │      0.4 │      0.4 │      0.0 │      0.3 │      0.4 │     9.5 │
│ ULID           │      0.4 │      0.4 │      0.0 │      0.3 │      0.4 │     7.3 │
│ ULID_MONOTONIC │      0.3 │      0.3 │      0.0 │      0.3 │      0.4 │     4.6 │
│ UUIDV1         │      0.4 │      0.4 │      0.0 │      0.4 │      0.4 │     5.5 │
└────────────────┴──────────┴──────────┴──────────┴──────────┴──────────┴─────────┘

Statistical Comparisons (vs SEQUENTIAL):
┌──────────────────────────────┬─────────────┬──────────┬───────────┬───────────────┐
│ Comparison                   │ Median Diff │ p-value  │ Overlap?  │ Significant?  │
├──────────────────────────────┼─────────────┼──────────┼───────────┼───────────────┤
│ SEQUENTIAL vs UUIDV4         │       +0.7% │   0.6015 │ Yes       │ n.s.          │
│ SEQUENTIAL vs UUIDV7         │      +13.4% │   0.1172 │ Yes       │ n.s.          │
│ SEQUENTIAL vs ULID           │       +1.8% │   0.1745 │ Yes       │ n.s.          │
│ SEQUENTIAL vs ULID_MONOTONIC │       -6.3% │   0.7540 │ Yes       │ n.s.          │
│ SEQUENTIAL vs UUIDV1         │      +12.0% │   0.1172 │ Yes       │ n.s.          │
└──────────────────────────────┴─────────────┴──────────┴───────────┴───────────────┘

[5/5] MIXED READ-UPDATE (YCSB-A)
====================================================================================================

Testing SEQUENTIAL (5 runs)
----------------------------------------------------------------------
  Run 1/5... Starting fresh PostgreSQL container...
Waiting for PostgreSQL to initialize...
Container ready

=== Mixed Workload: YCSB-A (50% read, 50% update) - sequential ===
Creating initial dataset (500000 records)...
Creating lookup table for random key selection...
Resetting statistics...
Running mixed workload (0 inserts, 100000 reads, 100000 updates)...
Measuring metrics...
Overall throughput: 153.32 ops/sec
Buffer hit ratio: 89.16%

Cleaning up container...
Container stopped and removed
done
  Run 2/5... Starting fresh PostgreSQL container...
Waiting for PostgreSQL to initialize...
Container ready

=== Mixed Workload: YCSB-A (50% read, 50% update) - sequential ===
Creating initial dataset (500000 records)...
Creating lookup table for random key selection...
Resetting statistics...
Running mixed workload (0 inserts, 100000 reads, 100000 updates)...
Measuring metrics...
Overall throughput: 152.86 ops/sec
Buffer hit ratio: 89.13%

Cleaning up container...
Container stopped and removed
done
  Run 3/5... Starting fresh PostgreSQL container...
Waiting for PostgreSQL to initialize...
Container ready

=== Mixed Workload: YCSB-A (50% read, 50% update) - sequential ===
Creating initial dataset (500000 records)...
Creating lookup table for random key selection...
Resetting statistics...
Running mixed workload (0 inserts, 100000 reads, 100000 updates)...
Measuring metrics...
Overall throughput: 150.06 ops/sec
Buffer hit ratio: 89.12%

Cleaning up container...
Container stopped and removed
done
  Run 4/5... Starting fresh PostgreSQL container...
Waiting for PostgreSQL to initialize...
Container ready

=== Mixed Workload: YCSB-A (50% read, 50% update) - sequential ===
Creating initial dataset (500000 records)...
Creating lookup table for random key selection...
Resetting statistics...
Running mixed workload (0 inserts, 100000 reads, 100000 updates)...
Measuring metrics...
Overall throughput: 153.25 ops/sec
Buffer hit ratio: 89.12%

Cleaning up container...
Container stopped and removed
done
  Run 5/5... Starting fresh PostgreSQL container...
Waiting for PostgreSQL to initialize...
Container ready

=== Mixed Workload: YCSB-A (50% read, 50% update) - sequential ===
Creating initial dataset (500000 records)...
Creating lookup table for random key selection...
Resetting statistics...
Running mixed workload (0 inserts, 100000 reads, 100000 updates)...
Measuring metrics...
Overall throughput: 153.22 ops/sec
Buffer hit ratio: 89.17%

Cleaning up container...
Container stopped and removed
done

Testing UUIDV4 (5 runs)
----------------------------------------------------------------------
  Run 1/5... Starting fresh PostgreSQL container...
Waiting for PostgreSQL to initialize...
Container ready

=== Mixed Workload: YCSB-A (50% read, 50% update) - uuidv4 ===
Creating initial dataset (500000 records)...
Creating lookup table for random key selection...
Resetting statistics...
Running mixed workload (0 inserts, 100000 reads, 100000 updates)...
Measuring metrics...
Overall throughput: 150.45 ops/sec
Buffer hit ratio: 88.98%

Cleaning up container...
Container stopped and removed
done
  Run 2/5... Starting fresh PostgreSQL container...
Waiting for PostgreSQL to initialize...
Container ready

=== Mixed Workload: YCSB-A (50% read, 50% update) - uuidv4 ===
Creating initial dataset (500000 records)...
Creating lookup table for random key selection...
Resetting statistics...
Running mixed workload (0 inserts, 100000 reads, 100000 updates)...
Measuring metrics...
Overall throughput: 150.48 ops/sec
Buffer hit ratio: 88.99%

Cleaning up container...
Container stopped and removed
done
  Run 3/5... Starting fresh PostgreSQL container...
Waiting for PostgreSQL to initialize...
Container ready

=== Mixed Workload: YCSB-A (50% read, 50% update) - uuidv4 ===
Creating initial dataset (500000 records)...
Creating lookup table for random key selection...
Resetting statistics...
Running mixed workload (0 inserts, 100000 reads, 100000 updates)...
Measuring metrics...
Overall throughput: 150.85 ops/sec
Buffer hit ratio: 88.95%

Cleaning up container...
Container stopped and removed
done
  Run 4/5... Starting fresh PostgreSQL container...
Waiting for PostgreSQL to initialize...
Container ready

=== Mixed Workload: YCSB-A (50% read, 50% update) - uuidv4 ===
Creating initial dataset (500000 records)...
Creating lookup table for random key selection...
Resetting statistics...
Running mixed workload (0 inserts, 100000 reads, 100000 updates)...
Measuring metrics...
Overall throughput: 147.08 ops/sec
Buffer hit ratio: 89.00%

Cleaning up container...
Container stopped and removed
done
  Run 5/5... Starting fresh PostgreSQL container...
Waiting for PostgreSQL to initialize...
Container ready

=== Mixed Workload: YCSB-A (50% read, 50% update) - uuidv4 ===
Creating initial dataset (500000 records)...
Creating lookup table for random key selection...
Resetting statistics...
Running mixed workload (0 inserts, 100000 reads, 100000 updates)...
Measuring metrics...
Overall throughput: 150.43 ops/sec
Buffer hit ratio: 89.02%

Cleaning up container...
Container stopped and removed
done

Testing UUIDV7 (5 runs)
----------------------------------------------------------------------
  Run 1/5... Starting fresh PostgreSQL container...
Waiting for PostgreSQL to initialize...
Container ready

=== Mixed Workload: YCSB-A (50% read, 50% update) - uuidv7 ===
Creating initial dataset (500000 records)...
Creating lookup table for random key selection...
Resetting statistics...
Running mixed workload (0 inserts, 100000 reads, 100000 updates)...
Measuring metrics...
Overall throughput: 152.30 ops/sec
Buffer hit ratio: 88.85%

Cleaning up container...
Container stopped and removed
done
  Run 2/5... Starting fresh PostgreSQL container...
Waiting for PostgreSQL to initialize...
Container ready

=== Mixed Workload: YCSB-A (50% read, 50% update) - uuidv7 ===
Creating initial dataset (500000 records)...
Creating lookup table for random key selection...
Resetting statistics...
Running mixed workload (0 inserts, 100000 reads, 100000 updates)...
Measuring metrics...
Overall throughput: 151.85 ops/sec
Buffer hit ratio: 88.86%

Cleaning up container...
Container stopped and removed
done
  Run 3/5... Starting fresh PostgreSQL container...
Waiting for PostgreSQL to initialize...
Container ready

=== Mixed Workload: YCSB-A (50% read, 50% update) - uuidv7 ===
Creating initial dataset (500000 records)...
Creating lookup table for random key selection...
Resetting statistics...
Running mixed workload (0 inserts, 100000 reads, 100000 updates)...
Measuring metrics...
Overall throughput: 151.89 ops/sec
Buffer hit ratio: 88.85%

Cleaning up container...
Container stopped and removed
done
  Run 4/5... Starting fresh PostgreSQL container...
Waiting for PostgreSQL to initialize...
Container ready

=== Mixed Workload: YCSB-A (50% read, 50% update) - uuidv7 ===
Creating initial dataset (500000 records)...
Creating lookup table for random key selection...
Resetting statistics...
Running mixed workload (0 inserts, 100000 reads, 100000 updates)...
Measuring metrics...
Overall throughput: 152.49 ops/sec
Buffer hit ratio: 88.83%

Cleaning up container...
Container stopped and removed
done
  Run 5/5... Starting fresh PostgreSQL container...
Waiting for PostgreSQL to initialize...
Container ready

=== Mixed Workload: YCSB-A (50% read, 50% update) - uuidv7 ===
Creating initial dataset (500000 records)...
Creating lookup table for random key selection...
Resetting statistics...
Running mixed workload (0 inserts, 100000 reads, 100000 updates)...
Measuring metrics...
Overall throughput: 149.93 ops/sec
Buffer hit ratio: 88.86%

Cleaning up container...
Container stopped and removed
done

Testing ULID (5 runs)
----------------------------------------------------------------------
  Run 1/5... Starting fresh PostgreSQL container...
Waiting for PostgreSQL to initialize...
Container ready

=== Mixed Workload: YCSB-A (50% read, 50% update) - ulid ===
Creating initial dataset (500000 records)...
Creating lookup table for random key selection...
Resetting statistics...
Running mixed workload (0 inserts, 100000 reads, 100000 updates)...
Measuring metrics...
Overall throughput: 148.73 ops/sec
Buffer hit ratio: 88.26%

Cleaning up container...
Container stopped and removed
done
  Run 2/5... Starting fresh PostgreSQL container...
Waiting for PostgreSQL to initialize...
Container ready

=== Mixed Workload: YCSB-A (50% read, 50% update) - ulid ===
Creating initial dataset (500000 records)...
Creating lookup table for random key selection...
Resetting statistics...
Running mixed workload (0 inserts, 100000 reads, 100000 updates)...
Measuring metrics...
Overall throughput: 146.97 ops/sec
Buffer hit ratio: 88.26%

Cleaning up container...
Container stopped and removed
done
  Run 3/5... Starting fresh PostgreSQL container...
Waiting for PostgreSQL to initialize...
Container ready

=== Mixed Workload: YCSB-A (50% read, 50% update) - ulid ===
Creating initial dataset (500000 records)...
Creating lookup table for random key selection...
Resetting statistics...
Running mixed workload (0 inserts, 100000 reads, 100000 updates)...
Measuring metrics...
Overall throughput: 150.81 ops/sec
Buffer hit ratio: 88.24%

Cleaning up container...
Container stopped and removed
done
  Run 4/5... Starting fresh PostgreSQL container...
Waiting for PostgreSQL to initialize...
Container ready

=== Mixed Workload: YCSB-A (50% read, 50% update) - ulid ===
Creating initial dataset (500000 records)...
Creating lookup table for random key selection...
Resetting statistics...
Running mixed workload (0 inserts, 100000 reads, 100000 updates)...
Measuring metrics...
Overall throughput: 139.93 ops/sec
Buffer hit ratio: 88.23%

Cleaning up container...
Container stopped and removed
done
  Run 5/5... Starting fresh PostgreSQL container...
Waiting for PostgreSQL to initialize...
Container ready

=== Mixed Workload: YCSB-A (50% read, 50% update) - ulid ===
Creating initial dataset (500000 records)...
Creating lookup table for random key selection...
Resetting statistics...
Running mixed workload (0 inserts, 100000 reads, 100000 updates)...
Measuring metrics...
Overall throughput: 140.40 ops/sec
Buffer hit ratio: 88.22%

Cleaning up container...
Container stopped and removed
done

Testing ULID_MONOTONIC (5 runs)
----------------------------------------------------------------------
  Run 1/5... Starting fresh PostgreSQL container...
Waiting for PostgreSQL to initialize...
Container ready

=== Mixed Workload: YCSB-A (50% read, 50% update) - ulid_monotonic ===
Creating initial dataset (500000 records)...
Creating lookup table for random key selection...
Resetting statistics...
Running mixed workload (0 inserts, 100000 reads, 100000 updates)...
Measuring metrics...
Overall throughput: 148.89 ops/sec
Buffer hit ratio: 88.31%

Cleaning up container...
Container stopped and removed
done
  Run 2/5... Starting fresh PostgreSQL container...
Waiting for PostgreSQL to initialize...
Container ready

=== Mixed Workload: YCSB-A (50% read, 50% update) - ulid_monotonic ===
Creating initial dataset (500000 records)...
Creating lookup table for random key selection...
Resetting statistics...
Running mixed workload (0 inserts, 100000 reads, 100000 updates)...
Measuring metrics...
Overall throughput: 145.58 ops/sec
Buffer hit ratio: 88.34%

Cleaning up container...
Container stopped and removed
done
  Run 3/5... Starting fresh PostgreSQL container...
Waiting for PostgreSQL to initialize...
Container ready

=== Mixed Workload: YCSB-A (50% read, 50% update) - ulid_monotonic ===
Creating initial dataset (500000 records)...
Creating lookup table for random key selection...
Resetting statistics...
Running mixed workload (0 inserts, 100000 reads, 100000 updates)...
Measuring metrics...
Overall throughput: 142.51 ops/sec
Buffer hit ratio: 87.96%

Cleaning up container...
Container stopped and removed
done
  Run 4/5... Starting fresh PostgreSQL container...
Waiting for PostgreSQL to initialize...
Container ready

=== Mixed Workload: YCSB-A (50% read, 50% update) - ulid_monotonic ===
Creating initial dataset (500000 records)...
Creating lookup table for random key selection...
Resetting statistics...
Running mixed workload (0 inserts, 100000 reads, 100000 updates)...
Measuring metrics...
Overall throughput: 148.20 ops/sec
Buffer hit ratio: 88.33%

Cleaning up container...
Container stopped and removed
done
  Run 5/5... Starting fresh PostgreSQL container...
Waiting for PostgreSQL to initialize...
Container ready

=== Mixed Workload: YCSB-A (50% read, 50% update) - ulid_monotonic ===
Creating initial dataset (500000 records)...
Creating lookup table for random key selection...
Resetting statistics...
Running mixed workload (0 inserts, 100000 reads, 100000 updates)...
Measuring metrics...
Overall throughput: 139.50 ops/sec
Buffer hit ratio: 88.33%

Cleaning up container...
Container stopped and removed
done

Testing UUIDV1 (5 runs)
----------------------------------------------------------------------
  Run 1/5... Starting fresh PostgreSQL container...
Waiting for PostgreSQL to initialize...
Container ready

=== Mixed Workload: YCSB-A (50% read, 50% update) - uuidv1 ===
Creating initial dataset (500000 records)...
Creating lookup table for random key selection...
Resetting statistics...
Running mixed workload (0 inserts, 100000 reads, 100000 updates)...
Measuring metrics...
Overall throughput: 139.37 ops/sec
Buffer hit ratio: 88.89%

Cleaning up container...
Container stopped and removed
done
  Run 2/5... Starting fresh PostgreSQL container...
Waiting for PostgreSQL to initialize...
Container ready

=== Mixed Workload: YCSB-A (50% read, 50% update) - uuidv1 ===
Creating initial dataset (500000 records)...
Creating lookup table for random key selection...
Resetting statistics...
Running mixed workload (0 inserts, 100000 reads, 100000 updates)...
Measuring metrics...
Overall throughput: 147.35 ops/sec
Buffer hit ratio: 88.86%

Cleaning up container...
Container stopped and removed
done
  Run 3/5... Starting fresh PostgreSQL container...
Waiting for PostgreSQL to initialize...
Container ready

=== Mixed Workload: YCSB-A (50% read, 50% update) - uuidv1 ===
Creating initial dataset (500000 records)...
Creating lookup table for random key selection...
Resetting statistics...
Running mixed workload (0 inserts, 100000 reads, 100000 updates)...
Measuring metrics...
Overall throughput: 146.60 ops/sec
Buffer hit ratio: 88.85%

Cleaning up container...
Container stopped and removed
done
  Run 4/5... Starting fresh PostgreSQL container...
Waiting for PostgreSQL to initialize...
Container ready

=== Mixed Workload: YCSB-A (50% read, 50% update) - uuidv1 ===
Creating initial dataset (500000 records)...
Creating lookup table for random key selection...
Resetting statistics...
Running mixed workload (0 inserts, 100000 reads, 100000 updates)...
Measuring metrics...
Overall throughput: 144.96 ops/sec
Buffer hit ratio: 88.89%

Cleaning up container...
Container stopped and removed
done
  Run 5/5... Starting fresh PostgreSQL container...
Waiting for PostgreSQL to initialize...
Container ready

=== Mixed Workload: YCSB-A (50% read, 50% update) - uuidv1 ===
Creating initial dataset (500000 records)...
Creating lookup table for random key selection...
Resetting statistics...
Running mixed workload (0 inserts, 100000 reads, 100000 updates)...
Measuring metrics...
Overall throughput: 143.86 ops/sec
Buffer hit ratio: 88.75%

Cleaning up container...
Container stopped and removed
done

====================================================================================================
Mixed YCSB-A (50% read, 50% update) - Statistical Summary (5 runs per UUID type)
====================================================================================================

Overall Throughput (ops/sec)
┌────────────────┬──────────┬──────────┬──────────┬──────────┬──────────┬─────────┐
│ Key Type       │ Median   │ Mean     │ StdDev   │ Min      │ Max      │ CV %    │
├────────────────┼──────────┼──────────┼──────────┼──────────┼──────────┼─────────┤
│ SEQUENTIAL     │      153 │      153 │        1 │      150 │      153 │     0.9 │
│ UUIDV4         │      150 │      150 │        2 │      147 │      151 │     1.0 │
│ UUIDV7         │      152 │      152 │        1 │      150 │      152 │     0.7 │
│ ULID           │      147 │      145 │        5 │      140 │      151 │     3.4 │
│ ULID_MONOTONIC │      146 │      145 │        4 │      139 │      149 │     2.7 │
│ UUIDV1         │      145 │      144 │        3 │      139 │      147 │     2.2 │
└────────────────┴──────────┴──────────┴──────────┴──────────┴──────────┴─────────┘

Statistical Comparisons (vs SEQUENTIAL):
┌──────────────────────────────┬─────────────┬──────────┬───────────┬───────────────┐
│ Comparison                   │ Median Diff │ p-value  │ Overlap?  │ Significant?  │
├──────────────────────────────┼─────────────┼──────────┼───────────┼───────────────┤
│ SEQUENTIAL vs UUIDV4         │       -1.8% │   0.0758 │ Yes       │ n.s.          │
│ SEQUENTIAL vs UUIDV7         │       -0.9% │   0.0758 │ Yes       │ n.s.          │
│ SEQUENTIAL vs ULID           │       -4.1% │   0.0163 │ Yes       │ * (p<0.05)    │
│ SEQUENTIAL vs ULID_MONOTONIC │       -5.0% │   0.0090 │ No        │ No overlap    │
│ SEQUENTIAL vs UUIDV1         │       -5.4% │   0.0090 │ No        │ No overlap    │
└──────────────────────────────┴─────────────┴──────────┴───────────┴───────────────┘

Leaf Fragmentation (%)
┌────────────────┬──────────┬──────────┬──────────┬──────────┬──────────┬─────────┐
│ Key Type       │ Median   │ Mean     │ StdDev   │ Min      │ Max      │ CV %    │
├────────────────┼──────────┼──────────┼──────────┼──────────┼──────────┼─────────┤
│ SEQUENTIAL     │     0.00 │     0.00 │     0.00 │     0.00 │     0.00 │     0.0 │
│ UUIDV4         │    49.70 │    49.74 │     0.22 │    49.52 │    50.04 │     0.4 │
│ UUIDV7         │     0.00 │     0.00 │     0.00 │     0.00 │     0.00 │     0.0 │
│ ULID           │     4.50 │     4.49 │     0.38 │     3.94 │     4.94 │     8.5 │
│ ULID_MONOTONIC │     4.24 │     4.10 │     0.29 │     3.64 │     4.31 │     7.1 │
│ UUIDV1         │     0.00 │     0.03 │     0.05 │     0.00 │     0.09 │   137.3 │
└────────────────┴──────────┴──────────┴──────────┴──────────┴──────────┴─────────┘

Statistical Comparisons (vs SEQUENTIAL):
┌──────────────────────────────┬─────────────┬──────────┬───────────┬───────────────┐
│ Comparison                   │ Median Diff │ p-value  │ Overlap?  │ Significant?  │
├──────────────────────────────┼─────────────┼──────────┼───────────┼───────────────┤
│ SEQUENTIAL vs UUIDV4         │       +0.0% │   0.0090 │ No        │ No overlap    │
│ SEQUENTIAL vs UUIDV7         │       +0.0% │   1.0000 │ Yes       │ n.s.          │
│ SEQUENTIAL vs ULID           │       +0.0% │   0.0090 │ No        │ No overlap    │
│ SEQUENTIAL vs ULID_MONOTONIC │       +0.0% │   0.0090 │ No        │ No overlap    │
│ SEQUENTIAL vs UUIDV1         │       +0.0% │   0.2963 │ Yes       │ n.s.          │
└──────────────────────────────┴─────────────┴──────────┴───────────┴───────────────┘

Cache Hit Ratio
┌────────────────┬──────────┬──────────┬──────────┬──────────┬──────────┬─────────┐
│ Key Type       │ Median   │ Mean     │ StdDev   │ Min      │ Max      │ CV %    │
├────────────────┼──────────┼──────────┼──────────┼──────────┼──────────┼─────────┤
│ SEQUENTIAL     │   0.8913 │   0.8914 │   0.0003 │   0.8912 │   0.8917 │     0.0 │
│ UUIDV4         │   0.8899 │   0.8899 │   0.0003 │   0.8895 │   0.8902 │     0.0 │
│ UUIDV7         │   0.8885 │   0.8885 │   0.0001 │   0.8883 │   0.8886 │     0.0 │
│ ULID           │   0.8824 │   0.8824 │   0.0002 │   0.8822 │   0.8826 │     0.0 │
│ ULID_MONOTONIC │   0.8833 │   0.8825 │   0.0017 │   0.8796 │   0.8834 │     0.2 │
│ UUIDV1         │   0.8886 │   0.8885 │   0.0006 │   0.8875 │   0.8889 │     0.1 │
└────────────────┴──────────┴──────────┴──────────┴──────────┴──────────┴─────────┘

Statistical Comparisons (vs SEQUENTIAL):
┌──────────────────────────────┬─────────────┬──────────┬───────────┬───────────────┐
│ Comparison                   │ Median Diff │ p-value  │ Overlap?  │ Significant?  │
├──────────────────────────────┼─────────────┼──────────┼───────────┼───────────────┤
│ SEQUENTIAL vs UUIDV4         │       -0.2% │   0.0090 │ No        │ No overlap    │
│ SEQUENTIAL vs UUIDV7         │       -0.3% │   0.0090 │ No        │ No overlap    │
│ SEQUENTIAL vs ULID           │       -1.0% │   0.0090 │ No        │ No overlap    │
│ SEQUENTIAL vs ULID_MONOTONIC │       -0.9% │   0.0090 │ No        │ No overlap    │
│ SEQUENTIAL vs UUIDV1         │       -0.3% │   0.0090 │ No        │ No overlap    │
└──────────────────────────────┴─────────────┴──────────┴───────────┴───────────────┘

Index Hit Ratio
┌────────────────┬──────────┬──────────┬──────────┬──────────┬──────────┬─────────┐
│ Key Type       │ Median   │ Mean     │ StdDev   │ Min      │ Max      │ CV %    │
├────────────────┼──────────┼──────────┼──────────┼──────────┼──────────┼─────────┤
│ SEQUENTIAL     │   0.9985 │   0.9985 │   0.0000 │   0.9985 │   0.9985 │     0.0 │
│ UUIDV4         │   0.9995 │   0.9995 │   0.0001 │   0.9995 │   0.9996 │     0.0 │
│ UUIDV7         │   0.9978 │   0.9978 │   0.0000 │   0.9978 │   0.9978 │     0.0 │
│ ULID           │   0.9964 │   0.9964 │   0.0000 │   0.9963 │   0.9964 │     0.0 │
│ ULID_MONOTONIC │   0.9968 │   0.9967 │   0.0001 │   0.9965 │   0.9968 │     0.0 │
│ UUIDV1         │   0.9977 │   0.9973 │   0.0009 │   0.9958 │   0.9978 │     0.1 │
└────────────────┴──────────┴──────────┴──────────┴──────────┴──────────┴─────────┘

Statistical Comparisons (vs SEQUENTIAL):
┌──────────────────────────────┬─────────────┬──────────┬───────────┬───────────────┐
│ Comparison                   │ Median Diff │ p-value  │ Overlap?  │ Significant?  │
├──────────────────────────────┼─────────────┼──────────┼───────────┼───────────────┤
│ SEQUENTIAL vs UUIDV4         │       +0.1% │   0.0090 │ No        │ No overlap    │
│ SEQUENTIAL vs UUIDV7         │       -0.1% │   0.0090 │ No        │ No overlap    │
│ SEQUENTIAL vs ULID           │       -0.2% │   0.0090 │ No        │ No overlap    │
│ SEQUENTIAL vs ULID_MONOTONIC │       -0.2% │   0.0090 │ No        │ No overlap    │
│ SEQUENTIAL vs UUIDV1         │       -0.1% │   0.0090 │ No        │ No overlap    │
└──────────────────────────────┴─────────────┴──────────┴───────────┴───────────────┘

Table Size (MB)
┌────────────────┬──────────┬──────────┬──────────┬──────────┬──────────┬─────────┐
│ Key Type       │ Median   │ Mean     │ StdDev   │ Min      │ Max      │ CV %    │
├────────────────┼──────────┼──────────┼──────────┼──────────┼──────────┼─────────┤
│ SEQUENTIAL     │    623.2 │    623.2 │      0.0 │    623.1 │    623.3 │     0.0 │
│ UUIDV4         │    623.2 │    623.2 │      0.2 │    623.0 │    623.4 │     0.0 │
│ UUIDV7         │    623.2 │    623.1 │      0.1 │    623.0 │    623.3 │     0.0 │
│ ULID           │    623.2 │    623.2 │      0.1 │    623.1 │    623.4 │     0.0 │
│ ULID_MONOTONIC │    623.2 │    623.2 │      0.1 │    623.0 │    623.3 │     0.0 │
│ UUIDV1         │    623.3 │    623.2 │      0.1 │    623.1 │    623.3 │     0.0 │
└────────────────┴──────────┴──────────┴──────────┴──────────┴──────────┴─────────┘

Statistical Comparisons (vs SEQUENTIAL):
┌──────────────────────────────┬─────────────┬──────────┬───────────┬───────────────┐
│ Comparison                   │ Median Diff │ p-value  │ Overlap?  │ Significant?  │
├──────────────────────────────┼─────────────┼──────────┼───────────┼───────────────┤
│ SEQUENTIAL vs UUIDV4         │       +0.0% │   1.0000 │ Yes       │ n.s.          │
│ SEQUENTIAL vs UUIDV7         │       -0.0% │   0.4647 │ Yes       │ n.s.          │
│ SEQUENTIAL vs ULID           │       -0.0% │   0.6015 │ Yes       │ n.s.          │
│ SEQUENTIAL vs ULID_MONOTONIC │       -0.0% │   0.9168 │ Yes       │ n.s.          │
│ SEQUENTIAL vs UUIDV1         │       +0.0% │   0.3472 │ Yes       │ n.s.          │
└──────────────────────────────┴─────────────┴──────────┴───────────┴───────────────┘

Index Size (MB)
┌────────────────┬──────────┬──────────┬──────────┬──────────┬──────────┬─────────┐
│ Key Type       │ Median   │ Mean     │ StdDev   │ Min      │ Max      │ CV %    │
├────────────────┼──────────┼──────────┼──────────┼──────────┼──────────┼─────────┤
│ SEQUENTIAL     │     10.7 │     10.7 │      0.0 │     10.7 │     10.7 │     0.0 │
│ UUIDV4         │     19.7 │     19.7 │      0.2 │     19.4 │     20.1 │     1.3 │
│ UUIDV7         │     15.1 │     15.1 │      0.0 │     15.1 │     15.1 │     0.0 │
│ ULID           │     20.3 │     20.3 │      0.1 │     20.2 │     20.4 │     0.4 │
│ ULID_MONOTONIC │     20.2 │     20.2 │      0.1 │     20.1 │     20.3 │     0.3 │
│ UUIDV1         │     15.1 │     16.6 │      2.4 │     15.1 │     20.5 │    14.4 │
└────────────────┴──────────┴──────────┴──────────┴──────────┴──────────┴─────────┘

Statistical Comparisons (vs SEQUENTIAL):
┌──────────────────────────────┬─────────────┬──────────┬───────────┬───────────────┐
│ Comparison                   │ Median Diff │ p-value  │ Overlap?  │ Significant?  │
├──────────────────────────────┼─────────────┼──────────┼───────────┼───────────────┤
│ SEQUENTIAL vs UUIDV4         │      +83.9% │   0.0090 │ No        │ No overlap    │
│ SEQUENTIAL vs UUIDV7         │      +40.2% │   0.0090 │ No        │ No overlap    │
│ SEQUENTIAL vs ULID           │      +89.1% │   0.0090 │ No        │ No overlap    │
│ SEQUENTIAL vs ULID_MONOTONIC │      +88.6% │   0.0090 │ No        │ No overlap    │
│ SEQUENTIAL vs UUIDV1         │      +40.2% │   0.0090 │ No        │ No overlap    │
└──────────────────────────────┴─────────────┴──────────┴───────────┴───────────────┘

Latency P50 (µs)
┌────────────────┬──────────┬──────────┬──────────┬──────────┬──────────┬─────────┐
│ Key Type       │ Median   │ Mean     │ StdDev   │ Min      │ Max      │ CV %    │
├────────────────┼──────────┼──────────┼──────────┼──────────┼──────────┼─────────┤
│ SEQUENTIAL     │      639 │      633 │       12 │      618 │      644 │     1.9 │
│ UUIDV4         │      652 │      659 │       12 │      649 │      677 │     1.8 │
│ UUIDV7         │      644 │      644 │        5 │      636 │      648 │     0.8 │
│ ULID           │      658 │      656 │       11 │      640 │      668 │     1.6 │
│ ULID_MONOTONIC │      654 │      651 │        8 │      641 │      659 │     1.2 │
│ UUIDV1         │      648 │      648 │       19 │      626 │      672 │     3.0 │
└────────────────┴──────────┴──────────┴──────────┴──────────┴──────────┴─────────┘

Statistical Comparisons (vs SEQUENTIAL):
┌──────────────────────────────┬─────────────┬──────────┬───────────┬───────────────┐
│ Comparison                   │ Median Diff │ p-value  │ Overlap?  │ Significant?  │
├──────────────────────────────┼─────────────┼──────────┼───────────┼───────────────┤
│ SEQUENTIAL vs UUIDV4         │       +2.0% │   0.0090 │ No        │ No overlap    │
│ SEQUENTIAL vs UUIDV7         │       +0.8% │   0.0947 │ Yes       │ n.s.          │
│ SEQUENTIAL vs ULID           │       +3.0% │   0.0283 │ Yes       │ * (p<0.05)    │
│ SEQUENTIAL vs ULID_MONOTONIC │       +2.3% │   0.0216 │ Yes       │ * (p<0.05)    │
│ SEQUENTIAL vs UUIDV1         │       +1.4% │   0.1745 │ Yes       │ n.s.          │
└──────────────────────────────┴─────────────┴──────────┴───────────┴───────────────┘

Latency P95 (µs)
┌────────────────┬──────────┬──────────┬──────────┬──────────┬──────────┬─────────┐
│ Key Type       │ Median   │ Mean     │ StdDev   │ Min      │ Max      │ CV %    │
├────────────────┼──────────┼──────────┼──────────┼──────────┼──────────┼─────────┤
│ SEQUENTIAL     │    77621 │    78487 │     2840 │    76126 │    83411 │     3.6 │
│ UUIDV4         │    80639 │    80450 │     1312 │    78751 │    82150 │     1.6 │
│ UUIDV7         │    81094 │    80428 │     2657 │    76689 │    83111 │     3.3 │
│ ULID           │    86045 │    85199 │     4486 │    80391 │    90285 │     5.3 │
│ ULID_MONOTONIC │    83279 │    85982 │     5106 │    80673 │    91593 │     5.9 │
│ UUIDV1         │    86578 │    87312 │     3891 │    82657 │    93456 │     4.5 │
└────────────────┴──────────┴──────────┴──────────┴──────────┴──────────┴─────────┘

Statistical Comparisons (vs SEQUENTIAL):
┌──────────────────────────────┬─────────────┬──────────┬───────────┬───────────────┐
│ Comparison                   │ Median Diff │ p-value  │ Overlap?  │ Significant?  │
├──────────────────────────────┼─────────────┼──────────┼───────────┼───────────────┤
│ SEQUENTIAL vs UUIDV4         │       +3.9% │   0.1172 │ Yes       │ n.s.          │
│ SEQUENTIAL vs UUIDV7         │       +4.5% │   0.3472 │ Yes       │ n.s.          │
│ SEQUENTIAL vs ULID           │      +10.9% │   0.0283 │ Yes       │ * (p<0.05)    │
│ SEQUENTIAL vs ULID_MONOTONIC │       +7.3% │   0.0472 │ Yes       │ * (p<0.05)    │
│ SEQUENTIAL vs UUIDV1         │      +11.5% │   0.0163 │ Yes       │ * (p<0.05)    │
└──────────────────────────────┴─────────────┴──────────┴───────────┴───────────────┘

Latency P99 (µs)
┌────────────────┬──────────┬──────────┬──────────┬──────────┬──────────┬─────────┐
│ Key Type       │ Median   │ Mean     │ StdDev   │ Min      │ Max      │ CV %    │
├────────────────┼──────────┼──────────┼──────────┼──────────┼──────────┼─────────┤
│ SEQUENTIAL     │   105485 │   106585 │     2380 │   104968 │   110715 │     2.2 │
│ UUIDV4         │   107378 │   107244 │      412 │   106544 │   107599 │     0.4 │
│ UUIDV7         │   107255 │   106848 │     1218 │   105177 │   108168 │     1.1 │
│ ULID           │   109922 │   109027 │     2537 │   106202 │   112263 │     2.3 │
│ ULID_MONOTONIC │   107661 │   110138 │     3868 │   107213 │   115671 │     3.5 │
│ UUIDV1         │   110035 │   111154 │     2803 │   108669 │   115321 │     2.5 │
└────────────────┴──────────┴──────────┴──────────┴──────────┴──────────┴─────────┘

Statistical Comparisons (vs SEQUENTIAL):
┌──────────────────────────────┬─────────────┬──────────┬───────────┬───────────────┐
│ Comparison                   │ Median Diff │ p-value  │ Overlap?  │ Significant?  │
├──────────────────────────────┼─────────────┼──────────┼───────────┼───────────────┤
│ SEQUENTIAL vs UUIDV4         │       +1.8% │   0.1172 │ Yes       │ n.s.          │
│ SEQUENTIAL vs UUIDV7         │       +1.7% │   0.4647 │ Yes       │ n.s.          │
│ SEQUENTIAL vs ULID           │       +4.2% │   0.1172 │ Yes       │ n.s.          │
│ SEQUENTIAL vs ULID_MONOTONIC │       +2.1% │   0.0472 │ Yes       │ * (p<0.05)    │
│ SEQUENTIAL vs UUIDV1         │       +4.3% │   0.0472 │ Yes       │ * (p<0.05)    │
└──────────────────────────────┴─────────────┴──────────┴───────────┴───────────────┘

Read IOPS
┌────────────────┬──────────┬──────────┬──────────┬──────────┬──────────┬─────────┐
│ Key Type       │ Median   │ Mean     │ StdDev   │ Min      │ Max      │ CV %    │
├────────────────┼──────────┼──────────┼──────────┼──────────┼──────────┼─────────┤
│ SEQUENTIAL     │        0 │        0 │        0 │        0 │        0 │     0.0 │
│ UUIDV4         │        0 │        0 │        0 │        0 │        0 │     0.0 │
│ UUIDV7         │        0 │        0 │        0 │        0 │        0 │     0.0 │
│ ULID           │        0 │        0 │        0 │        0 │        0 │     0.0 │
│ ULID_MONOTONIC │        0 │        0 │        0 │        0 │        0 │     0.0 │
│ UUIDV1         │        0 │        0 │        0 │        0 │        0 │     0.0 │
└────────────────┴──────────┴──────────┴──────────┴──────────┴──────────┴─────────┘

Statistical Comparisons (vs SEQUENTIAL):
┌──────────────────────────────┬─────────────┬──────────┬───────────┬───────────────┐
│ Comparison                   │ Median Diff │ p-value  │ Overlap?  │ Significant?  │
├──────────────────────────────┼─────────────┼──────────┼───────────┼───────────────┤
│ SEQUENTIAL vs UUIDV4         │       +0.0% │   1.0000 │ Yes       │ n.s.          │
│ SEQUENTIAL vs UUIDV7         │       +0.0% │   1.0000 │ Yes       │ n.s.          │
│ SEQUENTIAL vs ULID           │       +0.0% │   1.0000 │ Yes       │ n.s.          │
│ SEQUENTIAL vs ULID_MONOTONIC │       +0.0% │   1.0000 │ Yes       │ n.s.          │
│ SEQUENTIAL vs UUIDV1         │       +0.0% │   1.0000 │ Yes       │ n.s.          │
└──────────────────────────────┴─────────────┴──────────┴───────────┴───────────────┘

Write IOPS
┌────────────────┬──────────┬──────────┬──────────┬──────────┬──────────┬─────────┐
│ Key Type       │ Median   │ Mean     │ StdDev   │ Min      │ Max      │ CV %    │
├────────────────┼──────────┼──────────┼──────────┼──────────┼──────────┼─────────┤
│ SEQUENTIAL     │      185 │      197 │       28 │      181 │      247 │    14.4 │
│ UUIDV4         │      185 │      185 │        3 │      181 │      191 │     1.9 │
│ UUIDV7         │      186 │      186 │        1 │      184 │      187 │     0.6 │
│ ULID           │      189 │      187 │        7 │      180 │      194 │     3.5 │
│ ULID_MONOTONIC │      181 │      180 │        5 │      174 │      186 │     3.0 │
│ UUIDV1         │      178 │      178 │        4 │      171 │      180 │     2.1 │
└────────────────┴──────────┴──────────┴──────────┴──────────┴──────────┴─────────┘

Statistical Comparisons (vs SEQUENTIAL):
┌──────────────────────────────┬─────────────┬──────────┬───────────┬───────────────┐
│ Comparison                   │ Median Diff │ p-value  │ Overlap?  │ Significant?  │
├──────────────────────────────┼─────────────┼──────────┼───────────┼───────────────┤
│ SEQUENTIAL vs UUIDV4         │       +0.2% │   0.9168 │ Yes       │ n.s.          │
│ SEQUENTIAL vs UUIDV7         │       +0.7% │   0.4647 │ Yes       │ n.s.          │
│ SEQUENTIAL vs ULID           │       +2.0% │   0.9168 │ Yes       │ n.s.          │
│ SEQUENTIAL vs ULID_MONOTONIC │       -2.1% │   0.1172 │ Yes       │ n.s.          │
│ SEQUENTIAL vs UUIDV1         │       -3.7% │   0.0090 │ No        │ No overlap    │
└──────────────────────────────┴─────────────┴──────────┴───────────┴───────────────┘

Read Throughput (MB/s)
┌────────────────┬──────────┬──────────┬──────────┬──────────┬──────────┬─────────┐
│ Key Type       │ Median   │ Mean     │ StdDev   │ Min      │ Max      │ CV %    │
├────────────────┼──────────┼──────────┼──────────┼──────────┼──────────┼─────────┤
│ SEQUENTIAL     │      0.0 │      0.0 │      0.0 │      0.0 │      0.0 │     0.0 │
│ UUIDV4         │      0.0 │      0.0 │      0.0 │      0.0 │      0.0 │     0.0 │
│ UUIDV7         │      0.0 │      0.0 │      0.0 │      0.0 │      0.0 │     0.0 │
│ ULID           │      0.0 │      0.0 │      0.0 │      0.0 │      0.0 │     0.0 │
│ ULID_MONOTONIC │      0.0 │      0.0 │      0.0 │      0.0 │      0.0 │     0.0 │
│ UUIDV1         │      0.0 │      0.0 │      0.0 │      0.0 │      0.0 │     0.0 │
└────────────────┴──────────┴──────────┴──────────┴──────────┴──────────┴─────────┘

Statistical Comparisons (vs SEQUENTIAL):
┌──────────────────────────────┬─────────────┬──────────┬───────────┬───────────────┐
│ Comparison                   │ Median Diff │ p-value  │ Overlap?  │ Significant?  │
├──────────────────────────────┼─────────────┼──────────┼───────────┼───────────────┤
│ SEQUENTIAL vs UUIDV4         │       +0.0% │   1.0000 │ Yes       │ n.s.          │
│ SEQUENTIAL vs UUIDV7         │       +0.0% │   1.0000 │ Yes       │ n.s.          │
│ SEQUENTIAL vs ULID           │       +0.0% │   1.0000 │ Yes       │ n.s.          │
│ SEQUENTIAL vs ULID_MONOTONIC │       +0.0% │   1.0000 │ Yes       │ n.s.          │
│ SEQUENTIAL vs UUIDV1         │       +0.0% │   1.0000 │ Yes       │ n.s.          │
└──────────────────────────────┴─────────────┴──────────┴───────────┴───────────────┘

Write Throughput (MB/s)
┌────────────────┬──────────┬──────────┬──────────┬──────────┬──────────┬─────────┐
│ Key Type       │ Median   │ Mean     │ StdDev   │ Min      │ Max      │ CV %    │
├────────────────┼──────────┼──────────┼──────────┼──────────┼──────────┼─────────┤
│ SEQUENTIAL     │      1.1 │      1.3 │      0.3 │      1.1 │      1.8 │    22.9 │
│ UUIDV4         │      1.1 │      1.1 │      0.0 │      1.1 │      1.2 │     3.0 │
│ UUIDV7         │      1.2 │      1.1 │      0.0 │      1.1 │      1.2 │     1.4 │
│ ULID           │      1.1 │      1.1 │      0.0 │      1.1 │      1.2 │     2.5 │
│ ULID_MONOTONIC │      1.1 │      1.1 │      0.0 │      1.1 │      1.1 │     2.6 │
│ UUIDV1         │      1.1 │      1.1 │      0.0 │      1.0 │      1.1 │     4.6 │
└────────────────┴──────────┴──────────┴──────────┴──────────┴──────────┴─────────┘

Statistical Comparisons (vs SEQUENTIAL):
┌──────────────────────────────┬─────────────┬──────────┬───────────┬───────────────┐
│ Comparison                   │ Median Diff │ p-value  │ Overlap?  │ Significant?  │
├──────────────────────────────┼─────────────┼──────────┼───────────┼───────────────┤
│ SEQUENTIAL vs UUIDV4         │       -1.7% │   0.3472 │ Yes       │ n.s.          │
│ SEQUENTIAL vs UUIDV7         │       +1.2% │   0.4647 │ Yes       │ n.s.          │
│ SEQUENTIAL vs ULID           │       -1.5% │   0.4647 │ Yes       │ n.s.          │
│ SEQUENTIAL vs ULID_MONOTONIC │       -3.8% │   0.0472 │ Yes       │ * (p<0.05)    │
│ SEQUENTIAL vs UUIDV1         │       -6.6% │   0.0163 │ Yes       │ * (p<0.05)    │
└──────────────────────────────┴─────────────┴──────────┴───────────┴───────────────┘

====================================================================================================
ALL SCENARIOS COMPLETED IN 53h44m56s
====================================================================================================

Exporting results to CSV...
  Statistical summary: /home/aaeirack/uuid-benchmark/results/postgres_1m_all_1conn.csv
  Raw runs data: /home/aaeirack/uuid-benchmark/results/postgres_1m_all_1conn_raw.csv

All scenarios completed successfully!
